m_in,lam_hs,status,Mdm,Mh,Omega,Xf,sSIp,sSIn,sigmaV,Gh,BRinv,LZ2024,XENON1T,PandaX4T
125.65719918271562,0.00046955392983903253,0,125.657199,125.548349,553.647209,14.53288,7.577745e-50,7.791255e-50,2.390103e-30,0.003944141,0.0,4.134092e-48,1.135287e-46,7.57696e-47
11.353198378048267,0.647947226069336,-2,,,,,,,,,,,,
321.3854545722011,0.03025080409667285,0,321.385461,125.548349,1.01723561,21.88006,4.417941e-47,4.550253e-47,2.33078e-27,0.003944141,0.0,9.707203e-48,2.750604e-46,1.672411e-46
119.20284655252478,0.0015343137273794861,0,119.202847,125.548349,66.2293398,16.6722,9.013703e-49,9.267116e-49,2.69559e-29,0.003944141,0.0,3.958842e-48,1.080568e-46,7.296805e-47
105.59497443981637,0.0013699046013358313,0,105.594975,125.548349,65.8776963,16.48654,9.210155e-49,9.467764e-49,2.819126e-29,0.003944141,0.0,3.596078e-48,9.659264e-47,6.688572e-47
796.0262559627988,0.00010944750793601512,0,796.026256,125.548349,219091.638,10.05014,8.712143e-53,8.987254e-53,4.516964e-33,0.003944141,0.0,2.333239e-47,6.850183e-46,3.977449e-46
19.423130380512347,0.0002763902174819647,0,19.4231314,125.548349,52208.9756,8.068743,1.181223e-48,1.211317e-48,1.414845e-32,0.00394449,0.0,3.736844e-48,5.972601e-47,5.899086e-47
789.4032212920655,0.00033496861604193973,0,789.403221,125.548349,28359.5715,12.19014,8.303826e-52,8.565924e-52,4.304275e-32,0.003944141,0.0,2.31473e-47,6.79425e-46,3.942987e-46
45.65238099030962,0.23870651806332907,0,45.6527473,125.548349,0.0628542724,22.94419,1.555981e-43,1.597751e-43,3.619593e-26,0.1917996,0.9794361,2.199531e-48,4.701724e-47,3.902655e-47
377.44824192282414,0.616279881171155,0,377.448356,125.548349,0.00487620268,27.47306,1.310156e-44,1.349786e-44,6.12957e-25,0.003944141,0.0,1.13791e-47,3.235503e-46,1.891656e-46
40.40077150300002,0.015375083535501561,0,40.4007982,125.548349,17.0934599,17.06417,8.283014e-46,8.503877e-46,9.76933e-29,0.004813191,0.1805559,2.16463e-48,4.449514e-47,3.861943e-47
80.72271845269064,0.006488930386237942,0,80.7227241,125.548349,4.2107499,19.26154,3.584125e-47,3.683134e-47,2.989771e-28,0.003944141,0.0,2.975614e-48,7.621332e-47,5.251199e-47
42.04001903728689,0.005355759262777165,0,42.040028,125.548349,93.8014884,16.21371,9.267723e-47,9.51539e-47,1.334385e-29,0.004046459,0.02528581,2.172925e-48,4.510379e-47,3.874621e-47
70.25106264669266,0.1268638948411439,0,70.2511892,125.548349,0.0370634343,23.71053,1.820796e-44,1.870763e-44,8.100418e-26,0.003944141,0.0,2.719283e-48,6.767474e-47,4.609592e-47
452.27771321202766,0.004145176273239935,0,452.277714,125.548349,88.4892207,17.64327,4.062375e-49,4.186602e-49,2.114433e-29,0.003944141,0.0,1.359177e-47,3.872234e-46,2.233743e-46
65.82612236208861,0.00038385832116659543,0,65.8261228,125.548349,785.648491,13.12103,1.904388e-49,1.956484e-49,3.268837e-30,0.003944141,0.0,2.607981e-48,6.401361e-47,4.335618e-47
18.538875781431283,0.0035175783943689654,0,18.5388891,125.548349,590.094584,12.67292,2.101082e-46,2.154436e-46,2.256546e-30,0.004000923,0.01419217,4.135898e-48,6.513013e-47,6.613619e-47
64.00677900893791,0.0031648628043475283,0,64.0067825,125.548349,4.05122399,18.28082,1.370977e-47,1.408429e-47,1.251815e-27,0.003944141,0.0,2.56268e-48,6.250269e-47,4.214918e-47
25.521751831074532,0.28611052713856805,0,25.5225372,125.548349,0.139939694,21.56603,7.294496e-43,7.48374e-43,1.735597e-26,0.3631715,0.9891397,2.50542e-48,4.398511e-47,4.553756e-47
33.467762690981964,0.0705452270273452,0,33.4679104,125.548349,1.46617678,19.40777,2.55852e-44,2.626008e-44,1.397604e-27,0.02416757,0.8368003,2.190965e-48,4.19054e-47,3.940895e-47
20.95578902817458,0.017843775352275493,0,20.9558487,125.548349,28.5681759,15.92588,4.225249e-45,4.333455e-45,6.06985e-29,0.005385772,0.267674,3.228644e-48,5.318052e-47,5.282102e-47
870.664478545601,0.0011175907379726898,0,870.664479,125.548349,3710.56478,14.39513,7.537623e-51,7.7768e-51,3.918597e-31,0.003944141,0.0,2.541637e-47,7.463652e-46,4.358541e-46
107.6805266843864,0.00998542254934173,0,107.680533,125.548349,1.60704404,20.29625,4.701382e-47,4.83299e-47,1.432697e-27,0.003944141,0.0,3.650929e-48,9.833948e-47,6.781184e-47
17.050268597520205,0.0015514600922925871,0,17.050275,125.548349,2639.79763,11.04898,4.834511e-47,4.956545e-47,4.283634e-31,0.003955268,0.002813207,5.072363e-48,7.820764e-47,8.191512e-47
838.1357920683296,0.022282999614297857,0,838.135794,125.548349,12.4837335,20.2476,3.243721e-48,3.346437e-48,1.682682e-28,0.003944141,0.0,2.450846e-47,7.200085e-46,4.192708e-46
281.5657862887757,0.005258610147936473,0,281.565788,125.548349,21.3875501,18.63444,1.760601e-48,1.812887e-48,9.405127e-29,0.003944141,0.0,8.526038e-48,2.403754e-46,1.513104e-46
120.90763077133116,0.011756792679724544,0,120.907638,125.548349,1.44727773,20.59583,5.140688e-47,5.285301e-47,1.534914e-27,0.003944141,0.0,4.004973e-48,1.09501e-46,7.370444e-47
35.79170671719981,0.4030489101481158,0,35.7924956,125.548349,0.0484444729,22.96494,7.284941e-43,7.477858e-43,5.101917e-26,0.6449645,0.9938847,2.165451e-48,4.28643e-47,3.910616e-47
316.75927863265133,0.44307266724339245,0,316.759377,125.548349,0.00639374595,27.00501,9.76932e-45,1.006163e-44,4.610963e-25,0.003944141,0.0,9.569459e-48,2.710886e-46,1.654013e-46
36.376215660796916,0.00013562652905891044,0,36.3762159,125.548349,42104.321,10.30895,7.981711e-50,8.193277e-50,5.956817e-33,0.003944213,0.0,2.162392e-48,4.310846e-47,3.903496e-47
93.40754307584191,0.000336387848856281,0,93.4075433,125.548349,733.349541,13.88546,7.138651e-50,7.337257e-50,2.047312e-30,0.003944141,0.0,3.282944e-48,8.65056e-47,6.027925e-47
915.1123144799897,0.012559130652991466,0,915.112315,125.548349,43.8086696,19.02157,8.581806e-49,8.854842e-49,4.467703e-29,0.003944141,0.0,2.665667e-47,7.81443e-46,4.585605e-46
176.5954505414075,0.03326607906017137,0,176.595464,125.548349,0.289069445,22.54702,1.88803e-46,1.942071e-46,8.475372e-27,0.003944141,0.0,5.536458e-48,1.570538e-46,1.000677e-46
357.57424365194237,0.02236053042409742,0,357.574248,125.548349,2.25186616,21.16308,1.931198e-47,1.98942e-47,1.015126e-27,0.003944141,0.0,1.078653e-47,3.06322e-46,1.816954e-46
168.2699641126293,0.06793801056716472,0,168.269992,125.548349,0.0713391966,23.92558,8.721841e-46,8.970489e-46,3.683128e-26,0.003944141,0.0,5.308187e-48,1.50183e-46,9.560404e-47
683.2748092334753,0.7872633105314736,0,683.27489,125.548349,0.00958050558,27.36507,6.196444e-45,6.390478e-45,3.050067e-25,0.003944141,0.0,2.01743e-47,5.863082e-46,3.404337e-46
12.000124541416698,0.00987566285678754,0,12.0001822,125.548349,100.635455,14.15481,3.940678e-45,4.037501e-45,1.59122e-29,0.004403959,0.1044102,1.716288e-47,2.386177e-46,2.390895e-46
114.07186092494985,0.00014136633455663034,0,114.071861,125.548349,5153.37864,12.12985,8.373403e-51,8.608379e-51,2.520887e-31,0.003944141,0.0,3.820815e-48,1.037183e-46,7.070787e-47
82.9223813842255,0.009543332905708222,0,82.9223894,125.548349,1.54591295,20.16683,7.33115e-47,7.53403e-47,1.240441e-27,0.003944141,0.0,3.027163e-48,7.799324e-47,5.387117e-47
13.325980035849447,0.01075698700123028,0,13.3260366,125.548349,83.6380492,14.42861,3.79929e-45,3.893426e-45,1.938814e-29,0.004487274,0.1210385,1.094113e-47,1.631797e-46,1.688102e-46
478.3690154056198,0.0004904757459641969,0,478.369015,125.548349,5314.64841,13.49157,5.059143e-51,5.214365e-51,2.628166e-31,0.003944141,0.0,1.435162e-47,4.082291e-46,2.364991e-46
104.47004049375042,0.022959286037423837,0,104.470056,125.548349,0.309351389,21.9838,2.644404e-46,2.718334e-46,8.1127e-27,0.003944141,0.0,3.566626e-48,9.565247e-47,6.637549e-47
105.14237163826346,0.00010439334792404483,0,105.142372,125.548349,7744.56526,11.56993,5.395751e-51,5.546643e-51,1.653122e-31,0.003944141,0.0,3.584217e-48,9.621419e-47,6.668214e-47
320.6715384816913,0.23986446562786287,0,320.671591,125.548349,0.0202784302,25.82382,2.790599e-45,2.874163e-45,1.38971e-25,0.003944141,0.0,9.685941e-48,2.744481e-46,1.669576e-46
191.71510787753095,0.14553726512533144,0,191.715161,125.548349,0.0210829065,25.28481,3.025949e-45,3.113359e-45,1.305613e-25,0.003944141,0.0,5.949027e-48,1.686684e-46,1.079837e-46
507.30095158759804,0.5137548040653331,0,507.301023,125.548349,0.0120453223,26.84419,4.910497e-45,5.061678e-45,2.404027e-25,0.003944141,0.0,1.518514e-47,4.310163e-46,2.512716e-46
153.42002041808144,0.00044147977840913104,0,153.420021,125.548349,757.192446,14.35921,4.450424e-50,4.576839e-50,2.044138e-30,0.003944141,0.0,4.898578e-48,1.374157e-46,8.785846e-47
33.12797543632048,0.3496685333044814,0,33.1287149,125.548349,0.0723420827,22.47396,6.417471e-43,6.586649e-43,3.382432e-26,0.5027882,0.9921555,2.196876e-48,4.179012e-47,3.944539e-47
19.762599593488286,0.004453329140000597,0,19.7626154,125.548349,376.135721,13.19976,2.961547e-46,3.037087e-46,3.695766e-30,0.004034557,0.02241026,3.606645e-48,5.800796e-47,5.690093e-47
435.76609651937673,0.0007359463086262713,0,435.766097,125.548349,2081.46614,14.35601,1.383928e-50,1.426155e-50,7.220299e-31,0.003944141,0.0,1.310723e-47,3.734668e-46,2.150108e-46
232.5807742906689,0.6090504533204435,0,232.580958,125.548349,0.0021468316,27.7833,3.52444e-44,3.627794e-44,1.417609e-24,0.003944141,0.0,7.098669e-48,1.989297e-46,1.293032e-46
375.14043969901263,0.0002204454087845193,0,375.14044,125.548349,14226.2653,12.228,1.697991e-51,1.749334e-51,8.941485e-32,0.003944141,0.0,1.131034e-47,3.215514e-46,1.88289e-46
513.3977352931822,0.23756377879621743,0,513.397768,125.548349,0.052766031,25.34401,1.024111e-45,1.055663e-45,5.16937e-26,0.003944141,0.0,1.535999e-47,4.358165e-46,2.543825e-46
527.9186349061583,0.0006119859633614537,0,527.918635,125.548349,4290.22997,13.78055,6.412011e-51,6.609876e-51,3.320335e-31,0.003944141,0.0,1.577569e-47,4.47316e-46,2.616946e-46
566.3360309668944,0.01687709749809525,0,566.336033,125.548349,9.79198484,20.13681,4.211762e-48,4.342258e-48,2.174694e-28,0.003944141,0.0,1.687102e-47,4.78699e-46,2.810368e-46
87.86571323968191,0.000707189928572773,0,87.8657138,125.548349,187.643473,15.26763,3.575848e-49,3.675063e-49,8.825702e-30,0.003944141,0.0,3.145842e-48,8.199551e-47,5.689181e-47
35.32618811225514,0.030012391645728206,0,35.3262476,125.548349,6.65638247,17.91865,4.148617e-45,4.258396e-45,2.76263e-28,0.007520559,0.4755521,2.168746e-48,4.266368e-47,3.916448e-47
10.331982388169333,0.0010037638689718328,0,10.3319892,125.548349,6358.19239,9.699648,5.465348e-47,5.59796e-47,1.568143e-31,0.003948915,0.001208814,3.926559e-47,4.595459e-46,3.995305e-46
195.63285420228732,0.0018261583906000653,0,195.632855,125.548349,79.8290073,16.89898,4.563124e-49,4.695184e-49,2.272713e-29,0.003944141,0.0,6.056954e-48,1.715383e-46,1.100385e-46
275.3079591461839,0.012798575136544806,0,275.307962,125.548349,3.7927988,20.36064,1.093127e-47,1.125543e-47,5.823163e-28,0.003944141,0.0,8.34169e-48,2.349044e-46,1.488007e-46
24.16754400488917,0.0025575390504864737,0,24.1675514,125.548349,940.307442,12.45914,6.508876e-47,6.677148e-47,1.339005e-30,0.003973138,0.00729815,2.635198e-48,4.566753e-47,4.756336e-47
402.46518899768364,0.007325523450571194,0,402.46519,125.548349,23.8276954,18.84958,1.618868e-48,1.668028e-48,8.47475e-29,0.003944141,0.0,1.212301e-47,3.451363e-46,1.989017e-46
24.135030507296406,0.0011393159287404323,0,24.1350338,125.548349,4034.3276,10.94107,1.295186e-47,1.328667e-47,2.655078e-31,0.003949897,0.001457156,2.638934e-48,4.571606e-47,4.761271e-47
14.558117983892517,0.002697100995439628,0,14.558131,125.548349,1015.07507,11.91623,2.003345e-46,2.053324e-46,1.244634e-30,0.003978129,0.008543751,7.941447e-48,1.215677e-46,1.25674e-46
468.9628419943548,0.0010166705118145629,0,468.962842,125.548349,1322.96102,14.9087,2.265721e-50,2.335156e-50,1.177896e-30,0.003944141,0.0,1.407857e-47,4.007383e-46,2.317658e-46
36.623146540880114,0.08289641727623097,0,36.6233051,125.548349,0.922273971,19.98966,2.940976e-44,3.018961e-44,2.255136e-27,0.03075181,0.8717428,2.161425e-48,4.320774e-47,3.900539e-47
26.942403395337106,0.0007913344942620274,0,26.9424055,125.548349,7187.25284,10.4594,5.000607e-48,5.130785e-48,1.382402e-31,0.003946858,0.0006883289,2.410093e-48,4.277363e-47,4.361211e-47
189.96026209984558,0.2235075506473081,0,189.960345,125.548349,0.0097308973,26.07155,7.278415e-45,7.488478e-45,2.915699e-25,0.003944141,0.0,5.900869e-48,1.673699e-46,1.070657e-46
407.4831608171773,0.063563912359888,0,407.483172,125.548349,0.404528615,23.02599,1.187719e-46,1.223813e-46,6.151745e-27,0.003944141,0.0,1.227183e-47,3.494408e-46,2.01155e-46
845.9442556129653,0.00032878026504076324,0,845.944256,125.548349,33494.9203,12.07689,6.926638e-52,7.146088e-52,3.597627e-32,0.003944141,0.0,2.472643e-47,7.263886e-46,4.232491e-46
20.000905635435256,0.012039846152451083,0,20.0009478,125.548349,60.3375727,15.10847,2.11307e-45,2.167013e-45,2.713231e-29,0.004604127,0.1433466,3.521794e-48,5.690492e-47,5.56678e-47
92.13502889878507,0.00018399195841448536,0,92.135029,125.548349,2220.76812,12.74475,2.196484e-50,2.257556e-50,6.046404e-31,0.003944141,0.0,3.251123e-48,8.54666e-47,5.949453e-47
222.2899224356628,0.01343164639002014,0,222.289927,125.548349,2.28901744,20.65846,1.88497e-47,1.940072e-47,9.798127e-28,0.003944141,0.0,6.804704e-48,1.90973e-46,1.239673e-46
688.9333985531086,0.0005363578008061586,0,688.933399,125.548349,9195.55438,13.24608,2.82714e-51,2.915709e-51,1.461666e-31,0.003944141,0.0,2.033326e-47,5.915068e-46,3.433037e-46
450.4542192006696,0.0015483334278509858,0,450.454219,125.548349,556.840927,15.7433,5.715923e-50,5.890675e-50,2.976784e-30,0.003944141,0.0,1.353839e-47,3.857234e-46,2.224508e-46
590.2561671821943,0.055749670192656385,0,590.256174,125.548349,1.09803267,22.38427,4.215818e-47,4.346749e-47,2.16881e-27,0.003944141,0.0,1.755008e-47,4.993975e-46,2.931569e-46
615.7887131176121,0.00048822261100829324,0,615.788713,125.548349,8798.28095,13.16904,2.959942e-51,3.05209e-51,1.529561e-31,0.003944141,0.0,1.827278e-47,5.227373e-46,3.060082e-46
70.05414128151689,0.001784714044185675,0,70.0541431,125.548349,117.255975,15.51167,3.62426e-48,3.723706e-48,1.662337e-29,0.003944141,0.0,2.714322e-48,6.751227e-47,4.597442e-47
151.00944943278503,0.0678281229168623,0,151.009481,125.548349,0.0594606707,24.01444,1.085148e-45,1.115952e-45,4.439364e-26,0.003944141,0.0,4.831945e-48,1.353124e-46,8.667492e-47
11.193898250942311,0.029725127058279555,0,11.1940843,125.548349,13.5086657,16.20737,4.094826e-44,4.194861e-44,1.412922e-28,0.008120213,0.5142811,2.4378e-47,3.180424e-46,3.040934e-46
459.7795695277902,0.4984015454422618,0,459.779645,125.548349,0.0105332625,26.88579,5.674605e-45,5.848304e-45,2.761571e-25,0.003944141,0.0,1.381101e-47,3.933431e-46,2.271533e-46
13.34860386723395,0.004614807965816611,0,13.3486281,125.548349,391.963328,12.82585,6.968966e-46,7.141662e-46,3.569762e-30,0.004044094,0.02471587,1.086748e-47,1.622293e-46,1.678575e-46
447.6881785854746,0.37202437843922564,0,447.688237,125.548349,0.0172693764,26.3547,3.34261e-45,3.444765e-45,1.651413e-25,0.003944141,0.0,1.345735e-47,3.834379e-46,2.210472e-46
21.33116293169133,0.0009352886865053135,0,21.331166,125.548349,6072.5608,10.39577,1.120032e-47,1.14875e-47,1.680223e-31,0.003948093,0.001000917,3.131139e-48,5.196377e-47,5.234896e-47
209.2718246898814,0.009169466201807119,0,209.271828,125.548349,4.24297038,20.00003,9.974698e-48,1.026498e-47,5.097801e-28,0.003944141,0.0,6.436824e-48,1.813946e-46,1.171905e-46
30.98164936381682,0.0019523644935258836,0,30.9816538,125.548349,1246.27915,12.41472,2.292559e-47,2.352755e-47,9.653289e-31,0.003960065,0.004021036,2.250581e-48,4.144362e-47,3.979409e-47
344.37688849876946,0.0001888135196321764,0,344.376889,125.548349,15901.6698,12.03639,1.489599e-51,1.534403e-51,7.890484e-32,0.003944141,0.0,1.039275e-47,2.94886e-46,1.764578e-46
26.506322959510204,0.0001528105552934934,0,26.5063234,125.548349,121790.656,7.64841,1.927388e-49,1.977511e-49,5.089318e-33,0.003944243,0.0,2.435965e-48,4.309798e-47,4.417761e-47
62.017224268791,0.015241204597316843,0,62.0172415,125.548349,5.73135939e-05,30.21549,3.391681e-46,3.484189e-46,7.196717e-26,0.00411689,0.04196112,2.513853e-48,6.084846e-47,4.101339e-47
10.271862333351203,0.7338951233444356,-2,,,,,,,,,,,,
33.49572832889559,0.08322657134576025,0,33.4959024,125.548349,1.0726832,19.73541,3.554995e-44,3.648774e-44,1.947682e-27,0.03208253,0.8770626,2.190505e-48,4.19154e-47,3.940541e-47
69.56289191046534,0.016521854308283145,0,69.5629086,125.548349,1.65013453,19.80518,3.151049e-46,3.23748e-46,1.57201e-27,0.003944141,0.0,2.70195e-48,6.710696e-47,4.567147e-47
56.2722127587418,0.022969808972984295,0,56.2722414,125.548349,0.00804221199,26.78831,9.39795e-46,9.653022e-46,2.057871e-27,0.005067325,0.2216523,2.38038e-48,5.607176e-47,3.969041e-47
43.00077997087905,0.0010518893412065008,0,43.0007817,125.548349,683.93896,14.89482,3.413922e-48,3.505268e-48,5.550931e-31,0.003948013,0.000980732,2.178823e-48,4.552086e-47,3.883431e-47
241.36487587694,0.3386473523210558,0,241.364974,125.548349,0.0064126265,26.73665,1.008135e-44,1.037773e-44,4.557385e-25,0.003944141,0.0,7.351507e-48,2.060152e-46,1.338851e-46
22.758506382142652,0.000785186563295774,0,22.7585088,125.548349,8052.48425,10.16672,6.926695e-48,7.105066e-48,1.220853e-31,0.003946901,0.0006992418,2.833112e-48,4.822888e-47,4.982058e-47
203.11033484615862,0.001307363669183165,0,203.110335,125.548349,158.740521,16.26607,2.159837e-49,2.222544e-49,1.096712e-29,0.003944141,0.0,6.264455e-48,1.769486e-46,1.139626e-46
72.85401612890224,0.00015394080607698574,0,72.8540163,125.548349,10751.661,11.32241,2.488567e-50,2.556979e-50,8.520032e-32,0.003944141,0.0,2.784585e-48,6.981423e-47,4.769929e-47
542.8014651890213,0.0008972894212744288,0,542.801465,125.548349,2229.73054,14.50317,1.300725e-50,1.340928e-50,6.731098e-31,0.003944141,0.0,1.620076e-47,4.592666e-46,2.691354e-46
183.76814648942616,0.0048348441101628975,0,183.768148,125.548349,11.6129312,18.83176,3.657291e-48,3.76248e-48,1.745897e-28,0.003944141,0.0,5.731901e-48,1.626996e-46,1.038454e-46
16.28705164209005,0.0028635238028963585,0,16.287064,125.548349,887.731902,12.1629,1.805021e-46,1.850432e-46,1.441775e-30,0.003982178,0.009551813,5.720093e-48,8.770323e-47,9.142316e-47
184.63749189011412,0.013181780083256833,0,184.637497,125.548349,1.75773426,20.74502,2.691029e-47,2.768467e-47,1.277323e-27,0.003944141,0.0,5.75553e-48,1.63365e-46,1.042975e-46
57.65653511241161,0.00010371902069440241,0,57.6565352,125.548349,16.5262109,18.47453,1.823286e-50,1.872834e-50,6.799573e-32,0.003944161,0.0,2.411176e-48,5.722298e-47,3.972179e-47
282.22005759292904,0.0003332747350851597,0,282.220058,125.548349,3748.75228,13.31635,7.037434e-51,7.246464e-51,3.766227e-31,0.003944141,0.0,8.545338e-48,2.409484e-46,1.515714e-46
417.3964050084232,0.2708076647770238,0,417.39645,125.548349,0.0272829287,25.77368,2.050258e-45,2.112655e-45,1.025439e-25,0.003944141,0.0,1.256533e-47,3.579113e-46,2.059081e-46
48.260236726217826,0.4744225400431409,0,48.2609254,125.548349,0.0126054162,24.69615,5.487091e-43,5.634829e-43,1.894678e-25,0.6952972,0.9943274,2.231549e-48,4.898899e-47,3.920543e-47
122.27525560235229,0.00012094486084670794,0,122.275256,125.548349,7185.55163,11.92302,5.316346e-51,5.46597e-51,1.585681e-31,0.003944141,0.0,4.042066e-48,1.106602e-46,7.429539e-47
24.69413228071137,0.006911824538724044,0,24.6941519,125.548349,150.950588,14.35176,4.551061e-46,4.668882e-46,9.910172e-30,0.004155109,0.05077311,2.57911e-48,4.493892e-47,4.676547e-47
32.779795359585485,0.0009943136243263464,0,32.7797975,125.548349,3907.3879,11.29372,5.302101e-48,5.441788e-48,2.6939e-31,0.003948191,0.001025769,2.203656e-48,4.168446e-47,3.946735e-47
335.93640094419834,0.0018063437739103847,0,335.936401,125.548349,229.650534,16.35549,1.435936e-49,1.47906e-49,7.615799e-30,0.003944141,0.0,1.014095e-47,2.87588e-46,1.73038e-46
248.76377656886945,0.0005605979040831388,0,248.763777,125.548349,1114.38087,14.44261,2.593269e-50,2.669662e-50,1.383492e-30,0.003944141,0.0,7.565695e-48,2.121401e-46,1.374917e-46
18.086162336578944,0.0007619416485451142,0,18.0861653,125.548349,9180.3073,9.820149,1.03599e-47,1.062251e-47,1.050731e-31,0.003946811,0.0006765769,4.38027e-48,6.849876e-47,7.029192e-47
56.55578083811702,0.04446326955375517,0,56.5558359,125.548349,0.00318657805,27.72158,3.485439e-45,3.580062e-45,8.432134e-27,0.008064847,0.5109466,2.386601e-48,5.630938e-47,3.968932e-47
69.47727704586487,0.0007707536690779434,0,69.4772778,125.548349,520.978287,13.95907,6.874857e-49,7.063419e-49,3.484672e-30,0.003944141,0.0,2.699793e-48,6.703627e-47,4.561865e-47
213.78069898608757,0.0005693604917260108,0,213.780699,125.548349,817.975028,14.6308,3.676846e-50,3.784023e-50,1.90573e-30,0.003944141,0.0,6.563697e-48,1.846709e-46,1.195475e-46
81.6315280518487,0.0012116461969438363,0,81.6315291,125.548349,82.719105,16.15796,1.221324e-48,1.25508e-48,1.500085e-29,0.003944141,0.0,2.996818e-48,7.694884e-47,5.307309e-47
982.3864875445822,0.054195660061566904,0,982.386491,125.548349,3.13649619,21.80294,1.378731e-47,1.422761e-47,7.189544e-28,0.003944141,0.0,2.853454e-47,8.32516e-46,4.930491e-46
30.65003174135792,0.10218160279209502,0,30.6502653,125.548349,0.822287824,19.93497,6.418467e-44,6.586888e-44,2.611052e-27,0.04771113,0.9173329,2.260567e-48,4.145704e-47,3.992643e-47
32.63885646857991,0.00043375452371687706,0,32.6388574,125.548349,16371.6373,10.10267,1.017874e-48,1.044684e-48,5.095697e-32,0.003944913,0.0001956812,2.206607e-48,4.164607e-47,3.947451e-47
14.008129396635542,0.00010689229470693786,0,14.0081299,125.548349,260546.204,6.111938,3.397373e-49,3.481879e-49,1.937325e-33,0.003944195,0.0,9.05342e-48,1.377719e-46,1.432834e-46
148.94867823359064,0.006631191071250627,0,148.948681,125.548349,4.44104859,19.60278,1.066785e-47,1.097052e-47,4.816678e-28,0.003944141,0.0,4.774977e-48,1.33513e-46,8.570061e-47
477.93540872343874,0.000620488286274564,0,477.935409,125.548349,3434.87969,13.9097,8.11206e-51,8.360937e-51,4.214202e-31,0.003944141,0.0,1.433906e-47,4.078852e-46,2.362804e-46
283.7574159928506,0.009604449759706554,0,283.757418,125.548349,6.9490577,19.78463,5.77853e-48,5.950227e-48,3.081527e-28,0.003944141,0.0,8.590705e-48,2.422953e-46,1.521836e-46
53.70497602194463,0.5595977332568943,0,53.705706,125.548349,0.00318511558,26.73391,6.136407e-43,6.302557e-43,6.322376e-25,0.7826996,0.9949609,2.326472e-48,5.382234e-47,3.958518e-47
78.84835164893629,0.1936640828247674,0,78.8485237,125.548349,0.0116180699,25.39142,3.34987e-44,3.442307e-44,1.515857e-25,0.003944141,0.0,2.931364e-48,7.469521e-47,5.136252e-47
54.3749836506507,0.10126073767026195,0,54.3751141,125.548349,0.0125125932,26.40614,1.959063e-44,2.012141e-44,2.401219e-26,0.02855485,0.8618749,2.340082e-48,5.442246e-47,3.963517e-47
16.575602677545206,0.5887942084842619,-2,,,,,,,,,,,,
25.496647995817472,0.4860450751586503,0,25.4979835,125.548349,0.0512990234,22.59449,2.109244e-42,2.163962e-42,5.005477e-26,1.040846,0.9962106,2.507383e-48,4.401041e-47,4.557309e-47
877.768418629858,0.4815261528808272,0,877.768457,125.548349,0.0392418518,26.16725,1.375821e-45,1.419497e-45,7.022946e-26,0.003944141,0.0,2.561461e-47,7.520439e-46,4.394746e-46
354.2650179423179,0.010727029570702757,0,354.26502,125.548349,8.900688,19.76412,4.531707e-48,4.668253e-48,2.389875e-28,0.003944141,0.0,1.06878e-47,3.034527e-46,1.804128e-46
382.17994742322225,0.004842477981115863,0,382.179948,125.548349,46.8309154,18.14035,7.881278e-49,8.119858e-49,4.141164e-29,0.003944141,0.0,1.152001e-47,3.276454e-46,1.90956e-46
330.01752359008174,0.042911060420097104,0,330.017533,125.548349,0.553048895,22.51547,8.410357e-47,8.662656e-47,4.416564e-27,0.003944141,0.0,9.964441e-48,2.824824e-46,1.706707e-46
156.30593225639558,0.0072489656678556115,0,156.305936,125.548349,4.09944619,19.73223,1.15492e-47,1.18775e-47,5.26026e-28,0.003944141,0.0,4.978327e-48,1.399282e-46,8.93149e-47
684.5174350538763,0.0002400493888226912,0,684.517435,125.548349,39649.1141,11.70985,5.739305e-52,5.919043e-52,2.967136e-32,0.003944141,0.0,2.020921e-47,5.874537e-46,3.410645e-46
239.47507111170975,0.00327914806957116,0,239.475072,125.548349,37.840908,17.88724,9.609519e-49,9.891878e-49,5.099024e-29,0.003944141,0.0,7.29697e-48,2.044723e-46,1.329158e-46
100.16427720768914,0.00034947159711185623,0,100.164277,125.548349,759.789054,13.90012,6.678249e-50,6.864615e-50,2.060021e-30,0.003944141,0.0,3.454844e-48,9.206899e-47,6.420357e-47
36.94987537064274,0.0162986566672508,0,36.9499063,125.548349,19.0621915,16.8673,1.116533e-45,1.146154e-45,8.875117e-29,0.004975653,0.2073119,2.160424e-48,4.33339e-47,3.896688e-47
42.48814702190418,0.05846596166559662,0,42.4882434,125.548349,1.19743858,19.87817,1.080794e-44,1.109693e-44,1.646196e-27,0.01603055,0.7539609,2.175604e-48,4.529164e-47,3.879237e-47
42.276177985375604,0.0025746304743696994,0,42.2761823,125.548349,277.450613,15.53076,2.11738e-47,2.173981e-47,3.140045e-30,0.003967678,0.005932048,2.174319e-48,4.520138e-47,3.877126e-47
142.36375435431884,0.014233270472786072,0,142.363761,125.548349,0.97724726,21.09817,5.391758e-47,5.544453e-47,2.356554e-27,0.003944141,0.0,4.593041e-48,1.277786e-46,8.286299e-47
14.261579164782091,0.4555066534718912,-2,,,,,,,,,,,,
94.81967319994905,0.0919452244126543,0,94.8197411,125.548349,0.0183333163,24.76096,5.171934e-45,5.315919e-45,1.523016e-25,0.003944141,0.0,3.318476e-48,8.76616e-47,6.113941e-47
26.647838686770832,0.005717971446608807,0,26.6478537,125.548349,202.742466,14.13101,2.669689e-46,2.73914e-46,7.155242e-30,0.004086333,0.03479695,2.427277e-48,4.298856e-47,4.39919e-47
18.42436781541698,0.00019191441235300884,0,18.4243685,125.548349,97680.5101,7.370027,6.332496e-49,6.493231e-49,6.7039e-33,0.00394431,0.0,4.194867e-48,6.593953e-47,6.713554e-47
102.83236996673087,0.0002832121922146154,0,102.83237,125.548349,1182.03239,13.50019,4.156099e-50,4.272213e-50,1.278783e-30,0.003944141,0.0,3.523927e-48,9.428654e-47,6.559645e-47
371.68119194146266,0.001121146610918307,0,371.681192,125.548349,689.282195,15.32934,4.477813e-50,4.613134e-50,2.359014e-30,0.003944141,0.0,1.120724e-47,3.185541e-46,1.869895e-46
38.905668821896846,0.012506701088165617,0,38.9056913,125.548349,27.7337414,16.54946,5.91861e-46,6.076093e-46,5.862312e-29,0.004533761,0.130051,2.160012e-48,4.400161e-47,3.872962e-47
344.7811547013568,0.0002658918223305818,0,344.781155,125.548349,8509.87198,12.6566,2.946781e-51,3.035422e-51,1.560771e-31,0.003944141,0.0,1.040481e-47,2.952359e-46,1.766216e-46
112.52759741720892,0.0028283559259697044,0,112.527599,125.548349,19.0595156,17.83326,3.446682e-48,3.543348e-48,1.040342e-28,0.003944141,0.0,3.779541e-48,1.024157e-46,7.001078e-47
19.865342023312543,0.0005300877573748941,0,19.8653439,125.548349,16896.59,9.262508,4.152539e-48,4.258496e-48,5.246264e-32,0.003945421,0.0003245086,3.569438e-48,5.752271e-47,5.634675e-47
851.0116157495992,0.00026078220483539304,0,851.011616,125.548349,51722.1322,11.63051,4.303946e-52,4.440347e-52,2.235865e-32,0.003944141,0.0,2.486788e-47,7.30511e-46,4.258349e-46
63.57296217100861,0.00030399218018779687,0,63.5729625,125.548349,213.320091,13.90502,1.282591e-49,1.317616e-49,2.704038e-29,0.003944141,0.0,2.55196e-48,6.214211e-47,4.187114e-47
38.946506837774855,0.0003036052185235141,0,38.9465074,125.548349,9779.26892,11.91931,3.480364e-49,3.572975e-49,3.463449e-32,0.003944488,0.0,2.16009e-48,4.401485e-47,3.872448e-47
494.3069779360769,0.21170740686239653,0,494.307008,125.548349,0.0608707692,25.17344,8.802461e-46,9.073055e-46,4.453186e-26,0.003944141,0.0,1.481185e-47,4.208027e-46,2.446053e-46
17.738654095102262,0.0005253097073094839,0,17.7386562,125.548349,17666.6192,9.106666,5.119735e-48,5.249337e-48,4.965796e-32,0.003945413,0.0003222592,4.589951e-48,7.141618e-47,7.406509e-47
293.2114476438063,0.0002791159813949066,0,293.211448,125.548349,5611.68778,12.94489,4.556796e-51,4.692476e-51,2.436037e-31,0.003944141,0.0,8.87021e-48,2.505853e-46,1.559447e-46
60.2766494981494,0.00034746442165312194,0,60.2766499,125.548349,0.353661865,22.03176,1.868473e-49,1.919363e-49,3.302247e-30,0.003944303,0.0,2.472012e-48,5.940069e-47,4.030936e-47
889.9910223040022,0.00038202798540376646,0,889.991022,125.548349,28036.3201,12.32742,8.414171e-52,8.681476e-52,4.37781e-32,0.003944141,0.0,2.595568e-47,7.617496e-46,4.457077e-46
178.04220687671716,0.00024619164749434676,0,178.042207,125.548349,2902.68708,13.14704,1.015777e-50,1.044883e-50,4.770512e-31,0.003944141,0.0,5.575979e-48,1.582171e-46,1.008392e-46
243.919021640905,0.008359518551805998,0,243.919024,125.548349,6.68734876,19.66507,6.009032e-48,6.185817e-48,3.18707e-28,0.003944141,0.0,7.425324e-48,2.081148e-46,1.35164e-46
23.74922735777918,0.2105287555976581,0,23.7498484,125.548349,0.262617689,20.86495,4.568697e-43,4.686676e-43,8.981288e-27,0.201012,0.9803786,2.685854e-48,4.632536e-47,4.820187e-47
60.95138127707201,0.6983033193041266,0,60.9521839,125.548349,1.36886045e-05,32.35507,7.376564e-43,7.577585e-43,2.524244e-23,0.564152,0.9930087,2.488136e-48,5.996256e-47,4.055661e-47
29.093753635113206,0.08647911489622055,0,29.0939619,125.548349,1.19319309,19.46449,5.110424e-44,5.244097e-44,1.768487e-27,0.03577506,0.8897516,2.312422e-48,4.172377e-47,4.100466e-47
481.3444685191524,0.00019581662032947946,0,481.344469,125.548349,28995.5795,11.71525,7.960121e-52,8.204439e-52,4.13434e-32,0.003944141,0.0,1.443778e-47,4.105853e-46,2.380019e-46
110.42063600183563,0.00016736749775767226,0,110.420636,125.548349,3581.40666,12.46089,1.254546e-50,1.289703e-50,3.80161e-31,0.003944141,0.0,3.723452e-48,1.006413e-46,6.905305e-47
41.489327761672,0.15124160503231554,0,41.4895831,125.548349,0.215811941,21.58872,7.591842e-44,7.794575e-44,1.021196e-26,0.08639567,0.9543479,2.169848e-48,4.488719e-47,3.868772e-47
61.817699930583785,0.004395056229304193,0,61.8177049,125.548349,0.000767307608,27.69366,2.83902e-47,2.916441e-47,3.727705e-27,0.003960276,0.004074184,2.50901e-48,6.068249e-47,4.092187e-47
761.8480763892286,0.0006040851289539809,0,761.848076,125.548349,8964.95214,13.36511,2.908073e-51,2.999684e-51,1.506082e-31,0.003944141,0.0,2.237681e-47,6.558913e-46,3.798246e-46
10.8005443173511,0.42749057894590653,-2,,,,,,,,,,,,
97.08298473539804,0.05025862933251577,0,97.083021,125.548349,0.0600681793,23.55795,1.472457e-45,1.513492e-45,4.515774e-26,0.003944141,0.0,3.375874e-48,8.952164e-47,6.246826e-47
877.398377356254,0.00029284413592293757,0,877.398377,125.548349,44372.0688,11.82641,5.093034e-52,5.254708e-52,2.64852e-32,0.003944141,0.0,2.560429e-47,7.517488e-46,4.39286e-46
37.23320809277161,0.059965749232463006,0,37.2333209,125.548349,1.63899019,19.3987,1.488044e-44,1.527539e-44,1.220521e-27,0.01784998,0.7790395,2.159797e-48,4.343803e-47,3.893402e-47
25.25843285189038,0.00023556181661701204,0,25.2584335,125.548349,61852.9512,8.158753,5.049887e-49,5.180811e-49,1.168178e-32,0.003944385,0.0,2.527199e-48,4.426621e-47,4.592297e-47
947.1915225918146,0.018905393146037036,0,947.191524,125.548349,21.5910141,19.78211,1.810051e-48,1.867744e-48,9.434248e-29,0.003944141,0.0,2.755194e-47,8.060966e-46,4.75037e-46
328.557756240447,0.12951766153491517,0,328.557784,125.548349,0.0675805163,24.65903,7.733206e-46,7.965127e-46,3.968854e-26,0.003944141,0.0,9.920924e-48,2.812251e-46,1.700899e-46
52.429275086946625,0.021430389858019813,0,52.4293037,125.548349,0.163967912,23.87679,9.453045e-46,9.708677e-46,7.213633e-28,0.005157285,0.2352292,2.301531e-48,5.266542e-47,3.948238e-47
191.87888185279624,0.0008922393704016526,0,191.878882,125.548349,296.499175,15.53545,1.135231e-49,1.168026e-49,5.596273e-30,0.003944141,0.0,5.953525e-48,1.687891e-46,1.080695e-46
57.80469028343963,0.16278383720156964,0,57.8048876,125.548349,0.000562932093,29.3808,4.467644e-44,4.589067e-44,1.777944e-25,0.05357621,0.9263826,2.414538e-48,5.734618e-47,3.97343e-47
57.940983841799316,0.011424444543512872,0,57.9409977,125.548349,0.00543024874,26.99937,2.189967e-46,2.249494e-46,9.265573e-28,0.004185367,0.05763558,2.417631e-48,5.745922e-47,3.974818e-47
101.76674887076166,0.02193266533249891,0,101.766764,125.548349,0.319751025,21.92358,2.54629e-46,2.617397e-46,7.846126e-27,0.003944141,0.0,3.496262e-48,9.339967e-47,6.505641e-47
313.64323031787825,0.0014506941557750135,0,313.643231,125.548349,300.812307,16.02727,1.069168e-49,1.101139e-49,5.695268e-30,0.003944141,0.0,9.476731e-48,2.684005e-46,1.641573e-46
76.83830572227397,0.14455615030498595,0,76.8384375,125.548349,0.0299689832,24.42511,1.967742e-44,2.021974e-44,6.880453e-26,0.003944141,0.0,2.882924e-48,7.306392e-47,5.013837e-47
26.21573782960445,0.01776613043448057,0,26.2157853,125.548349,25.2860495,16.2669,2.664063e-45,2.733296e-45,6.822148e-29,0.005321688,0.2588553,2.454751e-48,4.333602e-47,4.456608e-47
645.6618730158351,0.014545798449040344,0,645.661875,125.548349,16.8236606,19.68107,2.380297e-48,2.454598e-48,1.228811e-28,0.003944141,0.0,1.91159e-47,5.509409e-46,3.212511e-46
498.986784601795,0.00016114906346017692,0,498.986785,125.548349,44342.7077,11.32703,5.000883e-52,5.154698e-52,2.593999e-32,0.003944141,0.0,1.49464e-47,4.244811e-46,2.470067e-46
162.69203718726146,0.006824555891049338,0,162.69204,125.548349,4.95650101,19.57188,9.430241e-48,9.69873e-48,4.314981e-28,0.003944141,0.0,5.154598e-48,1.454442e-46,9.262788e-47
409.3279637751439,0.5617566112608406,0,409.32806,125.548349,0.00674287261,27.21893,9.189472e-45,9.468814e-45,4.383367e-25,0.003944141,0.0,1.23265e-47,3.510207e-46,2.020145e-46
182.23656086521729,0.014647360846874704,0,182.236566,125.548349,1.41399761,20.96683,3.418026e-47,3.51624e-47,1.604596e-27,0.003944141,0.0,5.690277e-48,1.615183e-46,1.030471e-46
53.13659411874632,0.9309790173634427,0,53.1378216,125.548349,0.00151770516,27.18011,1.735712e-42,1.782682e-42,1.551538e-24,2.22039,0.9982237,2.315205e-48,5.330893e-47,3.953966e-47
332.336138337635,0.07307414519634879,0,332.336154,125.548349,0.204257344,23.52582,2.403509e-46,2.475643e-46,1.251812e-26,0.003944141,0.0,1.003357e-47,2.84481e-46,1.715951e-46
11.297155269872508,0.1917242389558672,-2,,,,,,,,,,,,
78.2755095580077,0.18933825070716784,0,78.275679,125.548349,0.0138968315,25.24469,3.250059e-44,3.339711e-44,1.330004e-25,0.003944141,0.0,2.917656e-48,7.423071e-47,5.101322e-47
10.805741386258754,0.0003676338245959262,0,10.8057438,125.548349,35364.8909,7.937989,6.713907e-48,6.877438e-48,2.136915e-32,0.003944781,0.0001621117,2.978559e-47,3.720841e-46,3.416241e-46
40.459252355135646,0.00012837734157000494,0,40.4592526,125.548349,15593.7454,11.59921,5.757714e-50,5.911253e-50,6.838306e-33,0.003944202,0.0,2.164876e-48,4.451522e-47,3.862013e-47
995.5240692893173,0.7929882703605358,0,995.524125,125.548349,0.0193219537,27.00106,2.871313e-45,2.963074e-45,1.465386e-25,0.003944141,0.0,2.890148e-47,8.422114e-46,4.997587e-46
33.44210394191071,0.00013226101722760267,0,33.4421042,125.548349,77224.1875,9.321226,9.007381e-50,9.244968e-50,4.906941e-33,0.003944212,0.0,2.191392e-48,4.189625e-47,3.941221e-47
55.42543875606349,0.5915958118152609,0,55.4261865,125.548349,0.0015072359,27.78328,6.430123e-43,6.604509e-43,1.064827e-24,0.7931687,0.9950274,2.362112e-48,5.534773e-47,3.968911e-47
89.9804190245236,0.7511141528242689,0,89.9810038,125.548349,0.000330708507,28.80466,3.842134e-43,3.94885e-43,9.797032e-24,0.003944141,0.0,3.197709e-48,8.371283e-47,5.817402e-47
17.998709728215136,0.0020445503800266707,0,17.9987177,125.548349,1587.44559,11.6232,7.532371e-47,7.723245e-47,7.554632e-31,0.003963377,0.004853331,4.431115e-48,6.92041e-47,7.118389e-47
27.86209263972799,0.06813707426319017,0,27.862264,125.548349,1.94853983,18.93427,3.463478e-44,3.55383e-44,1.054253e-27,0.0239272,0.8351608,2.363167e-48,4.221352e-47,4.247071e-47
133.07705464723284,0.010804847558418311,0,133.07706,125.548349,1.50901597,20.58358,3.56755e-47,3.668307e-47,1.46843e-27,0.003944141,0.0,4.337217e-48,1.198242e-46,7.897685e-47
59.640081919369976,0.8223362963326306,0,59.6410479,125.548349,5.62604783e-05,31.12869,1.069502e-42,1.098615e-42,1.15519e-23,1.017301,0.9961229,2.45699e-48,5.887212e-47,4.0109e-47
383.1002286435486,0.023184467287124255,0,383.100233,125.548349,2.4239313,21.15419,1.797517e-47,1.851939e-47,9.408824e-28,0.003944141,0.0,1.154741e-47,3.284414e-46,1.913005e-46
162.28305641795046,0.003982177755443376,0,162.283058,125.548349,13.6317564,18.51875,3.227413e-48,3.319292e-48,1.482757e-28,0.003944141,0.0,5.143321e-48,1.450934e-46,9.241095e-47
367.72311962548645,0.001148022928114296,0,367.72312,125.548349,645.221528,15.39875,4.801307e-50,4.946309e-50,2.531268e-30,0.003944141,0.0,1.108924e-47,3.151229e-46,1.855136e-46
31.80791164445767,0.050391031580357765,0,31.8080226,125.548349,2.96647676,18.65162,1.447691e-44,1.485763e-44,6.644033e-28,0.0144592,0.7272227,2.2267e-48,4.148114e-47,3.955279e-47
14.139114896342809,0.9274265641256505,-2,,,,,,,,,,,,
842.8089850162823,0.002477336670408328,0,842.808985,125.548349,791.183474,15.97976,3.963132e-50,4.088667e-50,2.057981e-30,0.003944141,0.0,2.463891e-47,7.238309e-46,4.216508e-46
527.8777653890709,0.00013646529604534614,0,527.877765,125.548349,66901.1002,10.94197,3.18879e-52,3.287191e-52,1.65134e-32,0.003944141,0.0,1.577453e-47,4.472834e-46,2.616741e-46
291.55579279540893,0.08237401760608057,0,291.555813,125.548349,0.124758943,23.89464,4.016205e-46,4.135746e-46,2.087373e-26,0.003944141,0.0,8.821201e-48,2.491336e-46,1.552843e-46
159.82580315261978,0.00011237473842209443,0,159.825803,125.548349,10192.0387,11.72227,2.651704e-51,2.727148e-51,1.224197e-31,0.003944141,0.0,5.075528e-48,1.42978e-46,9.111974e-47
37.60375412839421,0.03927806262329263,0,37.6038273,125.548349,3.54971072,18.62535,6.256767e-45,6.422927e-45,5.348084e-28,0.009877775,0.6007055,2.159294e-48,4.356885e-47,3.88919e-47
120.23264747174474,0.016932360521975196,0,120.232657,125.548349,0.721386447,21.28844,1.078595e-46,1.10893e-46,3.222387e-27,0.003944141,0.0,3.986694e-48,1.089291e-46,7.341308e-47
353.01128991243536,0.01680059409517267,0,353.011293,125.548349,3.77367478,20.62066,1.119878e-47,1.153613e-47,5.898757e-28,0.003944141,0.0,1.065039e-47,3.023659e-46,1.7992e-46
114.40516064234879,0.0004482256992110799,0,114.405161,125.548349,618.408442,14.29552,8.367746e-50,8.602592e-50,2.517865e-30,0.003944141,0.0,3.82974e-48,1.039997e-46,7.085753e-47
167.17043045368416,0.08946060811823754,0,167.170468,125.548349,0.042745666,24.46656,1.532776e-45,1.576462e-45,6.284603e-26,0.003944141,0.0,5.277947e-48,1.492562e-46,9.501819e-47
11.689192238676833,0.06490311964568188,0,11.6895812,125.548349,3.11912054,17.73823,1.792467e-43,1.836414e-43,6.82286e-28,0.02382364,0.8344442,1.947266e-47,2.648999e-46,2.618735e-46
23.636728061509075,0.12178023148649987,0,23.637089,125.548349,0.739484351,19.80308,1.543479e-43,1.583324e-43,2.997073e-27,0.06993592,0.9436035,2.700576e-48,4.651635e-47,4.837694e-47
223.55211903437294,0.0007642871726456041,0,223.552119,125.548349,511.721545,15.13748,6.031049e-50,6.20742e-50,3.165177e-30,0.003944141,0.0,6.840618e-48,1.919262e-46,1.246204e-46
138.39780298409227,0.00018661133430347243,0,138.397803,125.548349,3132.97305,12.80677,9.82047e-51,1.009827e-50,4.324778e-31,0.003944141,0.0,4.483635e-48,1.243555e-46,8.120368e-47
20.754394519957994,0.003757554529122755,0,20.7544072,125.548349,502.887767,12.95219,1.910479e-46,1.959373e-46,2.680979e-30,0.004008146,0.01596865,3.284815e-48,5.388534e-47,5.313677e-47
801.7861268243912,0.00029440476109958,0,801.786127,125.548349,36995.1848,11.93757,6.209865e-52,6.406036e-52,3.220212e-32,0.003944141,0.0,2.349333e-47,6.898626e-46,4.007157e-46
20.35669478195791,0.00127953680719353,0,20.3566992,125.548349,3536.88198,10.91108,2.303365e-47,2.362236e-47,3.085013e-31,0.00395158,0.001882544,3.404315e-48,5.539765e-47,5.416164e-47
104.85919020700084,0.0001169172441718265,0,104.85919,125.548349,6261.36133,11.78781,6.805528e-51,6.995822e-51,2.086239e-31,0.003944141,0.0,3.576803e-48,9.597752e-47,6.655368e-47
19.409115750006325,0.004064392934979784,0,19.4091304,125.548349,446.90187,13.00814,2.558043e-46,2.62321e-46,3.058764e-30,0.0040196,0.01877271,3.742463e-48,5.980088e-47,5.908652e-47
272.109342044526,0.002771468300164801,0,272.109343,125.548349,66.8155309,17.43411,5.25279e-49,5.408444e-49,2.809314e-29,0.003944141,0.0,8.247644e-48,2.321172e-46,1.475249e-46
35.696532224737254,0.0020180049788434927,0,35.6965362,125.548349,951.438596,12.83208,1.836236e-47,1.884855e-47,1.272681e-30,0.003960231,0.004062933,2.166064e-48,4.282326e-47,3.911804e-47
18.546755649443494,0.0034852928336874906,0,18.5467688,125.548349,599.981589,12.65058,2.060931e-46,2.113267e-46,2.215611e-30,0.003999883,0.0139359,4.131908e-48,6.507545e-47,6.606816e-47
12.358744712017613,0.00014487274937730852,0,12.3587455,125.548349,161609.098,6.480454,8.000878e-49,8.197932e-49,3.451191e-33,0.00394424,0.0,1.500628e-47,2.133694e-46,2.161741e-46
22.370262268968446,0.0054941814008365565,0,22.3702795,125.548349,243.156401,13.75902,3.511339e-46,3.601657e-46,5.926405e-30,0.004079614,0.0332073,2.903443e-48,4.912739e-47,5.051213e-47
24.187859287909898,0.04119632373249664,0,24.1879786,125.548349,5.5735635,17.72352,1.685918e-44,1.729506e-44,3.475955e-28,0.01146651,0.6560296,2.632869e-48,4.563726e-47,4.753238e-47
118.56162938107627,0.001980805034793326,0,118.561631,125.548349,40.7999617,17.14767,1.518994e-48,1.56169e-48,4.54569e-29,0.003944141,0.0,3.941524e-48,1.075139e-46,7.26902e-47
79.81376029075234,0.01847752414581054,0,79.8137765,125.548349,0.744316187,21.13242,2.974377e-46,3.056499e-46,1.724816e-27,0.003944141,0.0,2.954272e-48,7.547733e-47,5.195298e-47
821.4643762664109,0.16164223518021695,0,821.46439,125.548349,0.276464459,24.12536,1.779812e-46,1.836111e-46,9.169991e-27,0.003944141,0.0,2.404298e-47,7.062736e-46,4.107844e-46
809.6599805632287,0.012601156126221782,0,809.659982,125.548349,34.3525195,19.16469,1.114744e-48,1.149977e-48,5.77897e-29,0.003944141,0.0,2.371329e-47,6.96455e-46,4.047567e-46
391.8250709782847,0.5098565497978268,0,391.825162,125.548349,0.00741278025,27.07952,8.293545e-45,8.544986e-45,3.97034e-25,0.003944141,0.0,1.180698e-47,3.359775e-46,1.945843e-46
220.38156761713833,0.12105828929654347,0,220.381606,125.548349,0.035973441,24.88498,1.55921e-45,1.604761e-45,7.547587e-26,0.003944141,0.0,6.750484e-48,1.895419e-46,1.229791e-46
489.8309055123793,0.016960028206209486,0,489.830908,125.548349,7.25005388,20.2859,5.757457e-48,5.934351e-48,2.98218e-28,0.003944141,0.0,1.468292e-47,4.17281e-46,2.423142e-46
754.2297467830383,0.00021619250190778135,0,754.229747,125.548349,57765.1727,11.42403,3.803489e-52,3.923242e-52,1.969423e-32,0.003944141,0.0,2.216365e-47,6.493098e-46,3.758755e-46
11.0977633025548,0.007495910685269578,0,11.0978106,125.548349,170.456268,13.5658,2.648618e-45,2.713276e-45,8.960893e-30,0.00420978,0.0631004,2.556361e-47,3.302615e-46,3.126357e-46
303.3115207129601,0.25926494475951917,0,303.311581,125.548349,0.0157472664,26.04956,3.662761e-45,3.772056e-45,1.805218e-25,0.003944141,0.0,9.169674e-48,2.594237e-46,1.600032e-46
200.14505259176752,0.0011008920749566384,0,200.145053,125.548349,213.835264,15.93095,1.579955e-49,1.62577e-49,7.968458e-30,0.003944141,0.0,6.181939e-48,1.748094e-46,1.124078e-46
163.3112794550999,0.38152067692968256,0,163.311443,125.548349,0.0033186492,27.02388,2.92435e-44,3.007622e-44,9.005846e-25,0.003944141,0.0,5.171674e-48,1.459747e-46,9.295719e-47
11.69744911254694,0.000253843091072634,0,11.6974506,125.548349,64939.0798,7.368663,2.738257e-48,2.805396e-48,1.043876e-32,0.003944445,0.0,1.9408e-47,2.641734e-46,2.612607e-46
17.227031756527396,0.00013735514869329588,0,17.2270323,125.548349,171389.467,6.70093,3.711825e-49,3.805589e-49,3.367043e-33,0.003944228,0.0,4.939296e-48,7.632173e-47,7.995913e-47
52.544561172782544,0.6646988847189779,0,52.5454474,125.548349,0.00320506015,26.42514,9.053106e-43,9.297951e-43,7.089335e-25,1.165043,0.9966146,2.303742e-48,5.277101e-47,3.949165e-47
15.387699837463009,0.00015297516335224687,0,15.3877005,125.548349,145552.589,6.779731,5.770491e-49,5.915055e-49,4.057151e-33,0.00394425,0.0,6.699206e-48,1.026367e-46,1.056206e-46
158.14262600393985,0.0006794681397369212,0,158.142626,125.548349,358.971758,15.14995,9.907063e-50,1.018881e-49,4.565791e-30,0.003944141,0.0,5.029058e-48,1.415221e-46,9.025176e-47
72.2650469675736,0.001728124980732402,0,72.2650486,125.548349,143.716428,15.53481,3.188665e-48,3.276289e-48,1.134647e-29,0.003944141,0.0,2.769858e-48,6.933139e-47,4.733684e-47
234.64277155204738,0.27345291109795605,0,234.642853,125.548349,0.00899460496,26.37487,6.974422e-45,7.179069e-45,3.202564e-25,0.003944141,0.0,7.157868e-48,2.005726e-46,1.303877e-46
20.54439231816615,0.05801609395248775,0,20.5445902,125.548349,3.20254648,18.18598,4.648557e-44,4.767444e-44,6.365189e-28,0.01922098,0.7948002,3.346381e-48,5.466209e-47,5.359194e-47
59.06302541935227,0.541753272253691,0,59.063668,125.548349,0.00011927533,30.60287,4.735069e-43,4.863901e-43,3.572102e-24,0.4814378,0.9918076,2.443481e-48,5.839209e-47,3.995555e-47
33.16869957211043,0.0005389570443274951,0,33.1687007,125.548349,11166.056,10.39341,1.520876e-48,1.560972e-48,8.049843e-32,0.003945326,0.0003002442,2.196145e-48,4.180311e-47,3.944206e-47
33.78154111884181,0.2786250881263357,0,33.7821189,125.548349,0.107926585,22.08027,3.915969e-43,4.019321e-43,2.211373e-26,0.3182316,0.9876061,2.18605e-48,4.202129e-47,3.936858e-47
37.72732187344511,0.42725314721789087,0,37.7281153,125.548349,0.0388731281,23.23847,7.35362e-43,7.548945e-43,6.373647e-26,0.7047295,0.9944033,2.159201e-48,4.361169e-47,3.887799e-47
15.683078459949465,0.08020479173162702,0,15.6834367,125.548349,1.92158921,18.4641,1.527087e-43,1.565398e-43,1.120453e-27,0.03386284,0.883526,6.344202e-48,9.717379e-47,1.004428e-46
10.95641038631402,0.2481742289301149,-2,,,,,,,,,,,,
14.578605840139128,0.0006988625953278814,0,14.5786092,125.548349,11158.1588,9.427447,1.34131e-47,1.374776e-47,8.359394e-32,0.003946423,0.0005782003,7.905282e-48,1.210266e-46,1.250776e-46
27.096123307148034,0.004718995626036862,0,27.0961355,125.548349,284.572161,13.77523,1.757898e-46,1.803677e-46,4.938694e-30,0.004040627,0.02387898,2.401577e-48,4.266795e-47,4.341721e-47
67.49946370237234,0.902900878451605,0,67.5004008,125.548349,0.000482074299,27.98769,1.000854e-42,1.028267e-42,8.324437e-24,0.003944141,0.0,2.650003e-48,6.540159e-47,4.439778e-47
449.20718440396644,0.01591405569265404,0,449.207187,125.548349,6.86288432,20.27433,6.073417e-48,6.259067e-48,3.156744e-28,0.003944141,0.0,1.350186e-47,3.846946e-46,2.218183e-46
13.295169262064658,0.0004115267993837845,0,13.2951714,125.548349,28261.0903,8.36894,5.586193e-48,5.724579e-48,2.836014e-32,0.003944936,0.0002015247,1.104298e-47,1.64491e-46,1.701305e-46
15.345603946063438,0.019710120480508336,0,15.3456939,125.548349,26.3931646,15.74723,9.632056e-45,9.873312e-45,6.730868e-29,0.005753546,0.3144851,6.752781e-48,1.03462e-46,1.064407e-46
844.0407864556059,0.45872245803859957,0,844.040825,125.548349,0.0399171807,26.09737,1.354715e-45,1.397629e-45,6.902378e-26,0.003944141,0.0,2.46733e-47,7.248365e-46,4.222786e-46
84.42675021501121,0.06485643211775086,0,84.426804,125.548349,0.0382008398,23.93619,3.263615e-45,3.354005e-45,6.499425e-26,0.003944141,0.0,3.06288e-48,7.921039e-47,5.479831e-47
587.5476089621213,0.14983809737692308,0,587.547627,125.548349,0.165550021,24.33823,3.074733e-46,3.1702e-46,1.569104e-26,0.003944141,0.0,1.747329e-47,4.969933e-46,2.917915e-46
42.98499537519415,0.00021445712160253816,0,42.9849957,125.548349,4150.19194,13.10065,1.420102e-49,1.458099e-49,2.304363e-32,0.003944302,0.0,2.178722e-48,4.551355e-47,3.883313e-47
11.03894965195655,0.65313896170084,-2,,,,,,,,,,,,
321.1669417546749,0.015063656346428006,0,321.166945,125.548349,3.81784244,20.51305,1.097045e-47,1.129899e-47,5.812975e-28,0.003944141,0.0,9.700694e-48,2.748729e-46,1.671543e-46
47.39236760972256,0.9386098618698687,0,47.3937551,125.548349,0.00383952326,25.83446,2.228753e-42,2.288703e-42,6.692584e-25,2.778789,0.9985806,2.219721e-48,4.829077e-47,3.914706e-47
18.3805153219476,0.5130113687372724,-2,,,,,,,,,,,,
59.35552440787809,0.009742878755294629,0,59.3555359,125.548349,0.00208132363,27.68584,1.516071e-46,1.55733e-46,1.365987e-27,0.004092553,0.03626389,2.450293e-48,5.863473e-47,4.002964e-47
85.48038751707017,0.0006422098291936859,0,85.480388,125.548349,225.217029,15.06082,3.119781e-49,3.206235e-49,7.276849e-30,0.003944141,0.0,3.088108e-48,8.006307e-47,5.544294e-47
15.281920335426937,0.7857834074430643,-2,,,,,,,,,,,,
183.44436865895537,0.16905185046711588,0,183.444433,125.548349,0.0153799697,25.57623,4.488372e-45,4.617439e-45,1.808569e-25,0.003944141,0.0,5.723108e-48,1.624509e-46,1.036769e-46
170.91004250706968,0.0019636419480840517,0,170.910043,125.548349,56.8626047,17.11946,7.057601e-49,7.258926e-49,3.256498e-29,0.003944141,0.0,5.380715e-48,1.523912e-46,9.701476e-47
47.68587824342074,0.7384683362551184,0,47.6869632,125.548349,0.00585007136,25.44173,1.362342e-42,1.398999e-42,4.293244e-25,1.707396,0.99769,2.223598e-48,4.852281e-47,3.916692e-47
560.8960775066556,0.11730749310459793,0,560.896092,125.548349,0.240553218,23.8718,2.076172e-46,2.140464e-46,1.062063e-26,0.003944141,0.0,1.671629e-47,4.741364e-46,2.782735e-46
68.78694703569859,0.0010447858606006813,0,68.7869481,125.548349,267.128971,14.5611,1.289328e-48,1.324674e-48,7.538949e-30,0.003944141,0.0,2.6824e-48,6.646601e-47,4.519267e-47
14.591166459812532,0.00024771986941757535,0,14.5911676,125.548349,65924.666,7.547167,1.682373e-48,1.724351e-48,1.050512e-32,0.003944428,0.0,7.883267e-48,1.206969e-46,1.247141e-46
11.5921154355455,0.5897462001050865,-2,,,,,,,,,,,,
411.9510006159866,0.008119271505956968,0,411.951002,125.548349,20.5737084,19.05405,1.894234e-48,1.951837e-48,9.901372e-29,0.003944141,0.0,1.240419e-47,3.532642e-46,2.032595e-46
374.61875989615766,0.0010368969964803145,0,374.61876,125.548349,810.324632,15.17899,3.767623e-50,3.881537e-50,1.983847e-30,0.003944141,0.0,1.129479e-47,3.210995e-46,1.880921e-46
677.0434442790065,0.0023990169669846715,0,677.043445,125.548349,549.780029,16.14777,5.864912e-50,6.048471e-50,3.031315e-30,0.003944141,0.0,1.999917e-47,5.805328e-46,3.372662e-46
713.8556557697485,0.00012850791443999287,0,713.855656,125.548349,133386.978,10.4699,1.507088e-52,1.554395e-52,7.795742e-33,0.003944141,0.0,2.103268e-47,6.138895e-46,3.557973e-46
175.6413342058522,0.0121843316585201,0,175.641339,125.548349,1.89989773,20.63843,2.563139e-47,2.63645e-47,1.176223e-27,0.003944141,0.0,5.510368e-48,1.56281e-46,9.955677e-47
17.116687174951487,0.1046752018262823,0,17.1171156,125.548349,1.13459761,19.08435,2.183509e-43,2.238641e-43,1.95201e-27,0.05457882,0.927735,5.021368e-48,7.748205e-47,8.117519e-47
16.840241686886532,0.0003334628587318062,0,16.8402431,125.548349,39073.0085,8.237177,2.289534e-48,2.347275e-48,1.972313e-32,0.003944656,0.0001304384,5.238016e-48,8.059095e-47,8.429039e-47
219.08532767592615,0.0012265466524647055,0,219.085328,125.548349,203.753627,16.06495,1.620579e-49,1.667902e-49,8.458319e-30,0.003944141,0.0,6.713709e-48,1.885763e-46,1.223071e-46
243.06614023465855,0.0603132553004126,0,243.066158,125.548349,0.157425531,23.48345,3.151052e-46,3.243733e-46,1.626379e-26,0.003944141,0.0,7.40066e-48,2.074119e-46,1.347416e-46
21.25608650845331,0.0031293075144819774,0,21.2560968,125.548349,694.62263,12.61862,1.262764e-46,1.295134e-46,1.878067e-30,0.003988399,0.01109663,3.14993e-48,5.219775e-47,5.244459e-47
11.162915260596492,0.020476069169431406,0,11.1630438,125.548349,26.9328685,15.49194,1.953686e-44,2.001403e-44,6.698701e-29,0.005925911,0.3344245,2.475047e-47,3.219054e-46,3.068273e-46
13.524658404446509,0.030301510327708572,0,13.5248154,125.548349,12.3130151,16.43183,2.927411e-44,3.000029e-44,1.543921e-28,0.008250845,0.5219713,1.031882e-47,1.550831e-46,1.607749e-46
849.0293045280066,0.010424169668497902,0,849.029305,125.548349,53.8973122,18.75197,6.910389e-49,7.129366e-49,3.588099e-29,0.003944141,0.0,2.481255e-47,7.289001e-46,4.248233e-46
195.63327762256466,0.0064678422398002765,0,195.63328,125.548349,7.35889586,19.34692,5.724035e-48,5.889692e-48,2.838879e-28,0.003944141,0.0,6.056965e-48,1.715386e-46,1.100388e-46
783.0929839926067,0.00256511103328037,0,783.092984,125.548349,643.280956,16.12556,4.951556e-50,5.107776e-50,2.565826e-30,0.003944141,0.0,2.297092e-47,6.740732e-46,3.909894e-46
49.97683139421363,0.0008599320995174068,0,49.9768326,125.548349,44.6780062,17.99746,1.678606e-48,1.723885e-48,7.760769e-31,0.00394629,0.0005446483,2.257951e-48,5.045765e-47,3.93148e-47
323.924019848239,0.00023846024601835273,0,323.92402,125.548349,9163.5533,12.52304,2.700428e-51,2.781343e-51,1.436212e-31,0.003944141,0.0,9.782826e-48,2.772397e-46,1.682491e-46
13.514436148982801,0.06264692569571594,0,13.5147609,125.548349,3.1851866,17.83776,1.25313e-43,1.284213e-43,6.5981e-28,0.02235321,0.8235537,1.03488e-47,1.554782e-46,1.61165e-46
21.498607516032685,0.00011578559454975867,0,21.4986079,125.548349,216390.697,6.699659,1.689666e-49,1.733013e-49,2.583875e-33,0.003944202,0.0,3.090447e-48,5.145763e-47,5.21075e-47
35.83163864989696,0.08583779991791715,0,35.8318065,125.548349,0.901568716,19.99094,3.296835e-44,3.384146e-44,2.318764e-27,0.03300333,0.8804926,2.165209e-48,4.288106e-47,3.910131e-47
126.07718497036993,0.10378135568672832,0,126.077243,125.548349,0.0231132044,24.81159,3.676538e-45,3.780142e-45,1.146511e-25,0.003944141,0.0,4.145549e-48,1.138851e-46,7.595353e-47
130.26200548217543,0.16756274005013802,0,130.262096,125.548349,0.0100031275,25.6808,8.96411e-45,9.217058e-45,2.825393e-25,0.003944141,0.0,4.259985e-48,1.174362e-46,7.777693e-47
99.53433165103417,0.03686144960327975,0,99.5343576,125.548349,0.113554967,22.93909,7.526506e-46,7.736487e-46,2.32137e-26,0.003944141,0.0,3.438626e-48,9.154697e-47,6.385748e-47
70.61991154702814,0.6447947558592568,0,70.6205512,125.548349,0.00170942588,26.86921,4.653358e-43,4.78109e-43,1.964059e-24,0.003944141,0.0,2.728578e-48,6.797914e-47,4.632364e-47
141.71320515797328,0.0033866183206765245,0,141.713207,125.548349,14.5039628,18.35251,3.081259e-48,3.168504e-48,1.371088e-28,0.003944141,0.0,4.575083e-48,1.272149e-46,8.25933e-47
857.6790279077256,0.006844182239314667,0,857.679028,125.548349,121.505153,17.92445,2.916741e-49,3.009218e-49,1.515204e-29,0.003944141,0.0,2.505397e-47,7.359135e-46,4.292355e-46
82.44401259531706,0.0014321953876587383,0,82.4440138,125.548349,56.1797397,16.51306,1.670776e-48,1.717e-48,2.585097e-29,0.003944141,0.0,3.015884e-48,7.760622e-47,5.357546e-47
473.0889928131401,0.00010989974846588673,0,473.088993,125.548349,79879.3854,10.65632,2.599545e-52,2.679251e-52,1.351109e-32,0.003944141,0.0,1.419847e-47,4.040331e-46,2.338397e-46
12.934329789735807,0.005640567963540422,0,12.9343603,125.548349,274.344607,13.16052,1.108315e-45,1.135712e-45,5.292294e-30,0.004093683,0.03652993,1.234992e-47,1.810418e-46,1.865072e-46
59.04382909219806,0.009907348053952315,0,59.0438408,125.548349,0.00260872136,27.5372,1.58466e-46,1.627775e-46,1.181694e-27,0.004104245,0.03900928,2.44302e-48,5.837561e-47,3.995078e-47
132.1273994670126,0.0071713216444587655,0,132.127403,125.548349,3.24796025,19.82298,1.594786e-47,1.639813e-47,6.525618e-28,0.003944141,0.0,4.311142e-48,1.190187e-46,7.857525e-47
198.47303370096324,0.0006625601276311093,0,198.473034,125.548349,544.717091,14.98242,5.825512e-50,5.994319e-50,2.926855e-30,0.003944141,0.0,6.135542e-48,1.736003e-46,1.1153e-46
147.8878505547004,0.002861865322626457,0,147.887852,125.548349,21.3803625,17.9749,2.016282e-48,2.073471e-48,9.145879e-29,0.003944141,0.0,4.745654e-48,1.32587e-46,8.521678e-47
13.508198100867519,0.0014100228295984621,0,13.5082054,125.548349,3289.10279,10.62918,6.354293e-47,6.511904e-47,3.342114e-31,0.003953467,0.002358938,1.036843e-47,1.557367e-46,1.614201e-46
12.716058443635127,0.00027138075948240296,0,12.7160599,125.548349,57486.9755,7.575352,2.65352e-48,2.719024e-48,1.219878e-32,0.003944487,0.0,1.326196e-47,1.923197e-46,1.967315e-46
174.0368087968787,0.00013975292310944285,0,174.036809,125.548349,7945.33315,12.07047,3.440837e-51,3.539127e-51,1.595151e-31,0.003944141,0.0,5.466449e-48,1.549723e-46,9.869518e-47
31.625447527007516,0.0004364879525065176,0,31.6254485,125.548349,17397.5317,9.802634,1.098992e-48,1.127884e-48,4.948534e-32,0.003944932,0.0002003859,2.231781e-48,4.14614e-47,3.958947e-47
62.89006259319482,0.0012376668636551213,0,62.890064,125.548349,1.31535457,18.47095,2.173537e-48,2.232861e-48,2.078486e-26,0.003944141,0.0,2.535162e-48,6.157434e-47,4.146188e-47
783.4518988124892,0.004340848817518098,0,783.451899,125.548349,240.215181,17.11862,1.416655e-49,1.461351e-49,7.340356e-30,0.003944141,0.0,2.298096e-47,6.743782e-46,3.91178e-46
26.47261817329082,0.32000633117080146,0,26.473465,125.548349,0.1099994,21.8703,8.473659e-43,8.694006e-43,2.229756e-26,0.449939,0.9912341,2.438024e-48,4.312398e-47,4.422104e-47
18.864510985280567,0.026999244252632802,0,18.8646113,125.548349,13.8110999,16.59428,1.195262e-44,1.225651e-44,1.336874e-28,0.00728369,0.4584969,3.977855e-48,6.297324e-47,6.335386e-47
927.8971879032378,0.8580952319625171,0,927.897253,125.548349,0.0145550961,27.23899,3.892157e-45,4.01608e-45,1.969273e-25,0.003944141,0.0,2.701345e-47,7.913346e-46,4.651276e-46
10.127314457145797,0.02590726676717957,0,10.1274937,125.548349,18.0872674,15.82746,3.786216e-44,3.877926e-44,1.036744e-28,0.007125804,0.4464988,4.472552e-47,5.073378e-46,4.250678e-46
53.91220048125111,0.02888669075501834,0,53.912238,125.548349,0.0404748225,25.27349,1.622373e-45,1.66631e-45,1.761213e-27,0.00599732,0.3423494,2.330634e-48,5.400819e-47,3.960117e-47
13.087144548291887,0.0028547723062547934,0,13.0871598,125.548349,938.347235,11.90775,2.77363e-46,2.842256e-46,1.359544e-30,0.003982426,0.009613548,1.176874e-47,1.737425e-46,1.794459e-46
190.55533691459587,0.16597504876253605,0,190.555398,125.548349,0.0165387101,25.51818,3.986865e-45,4.101966e-45,1.680168e-25,0.003944141,0.0,5.917186e-48,1.678113e-46,1.073767e-46
12.389860145030278,0.007084552969867493,0,12.3899002,125.548349,183.103369,13.58105,1.903822e-45,1.95072e-45,8.258563e-30,0.004180479,0.05653381,1.483985e-47,2.113874e-46,2.14339e-46
13.703114010270612,0.19650926597499885,0,13.7041186,125.548349,0.372030225,20.09229,1.199387e-42,1.229169e-42,6.513635e-27,0.1849532,0.9786749,9.811097e-48,1.482858e-46,1.540191e-46
14.450571102094509,0.007391822358385664,0,14.4506069,125.548349,163.005833,13.83137,1.527131e-45,1.565208e-45,9.332368e-30,0.004199539,0.06081575,8.136894e-48,1.244777e-46,1.288878e-46
34.95990651280556,0.09050273138195404,0,34.9600879,125.548349,0.853572268,20.02168,3.85332e-44,3.955223e-44,2.466947e-27,0.03662068,0.8922974,2.171914e-48,4.25056e-47,3.921206e-47
142.13994268733975,0.044664330457354184,0,142.139965,125.548349,0.115958827,23.24694,5.326504e-46,5.477341e-46,2.198611e-26,0.003944141,0.0,4.586863e-48,1.275846e-46,8.277024e-47
310.38216659177345,0.00793206025189624,0,310.382168,125.548349,11.9990456,19.31368,3.26708e-48,3.364711e-48,1.737853e-28,0.003944141,0.0,9.379743e-48,2.655768e-46,1.628499e-46
17.932031649642692,0.0007239450437427352,0,17.9320345,125.548349,10065.1155,9.711723,9.514407e-48,9.755443e-48,9.461281e-32,0.003946554,0.0006112891,4.470736e-48,6.975468e-47,7.189365e-47
409.9188308682814,0.001107838364294548,0,409.918831,125.548349,859.987905,15.22404,3.563187e-50,3.67151e-50,1.86534e-30,0.003944141,0.0,1.2344e-47,3.515263e-46,2.022927e-46
459.72933565192255,0.0019781839839923144,0,459.729336,125.548349,366.811305,16.20451,8.941481e-50,9.215177e-50,4.651906e-30,0.003944141,0.0,1.380954e-47,3.933023e-46,2.27128e-46
408.22277937005697,0.0038592373092141644,0,408.22278,125.548349,82.1998588,17.6235,4.361643e-49,4.494207e-49,2.282795e-29,0.003944141,0.0,1.229375e-47,3.500744e-46,2.014978e-46
34.22812970144535,0.00023135200163904528,0,34.2281302,125.548349,33968.3307,10.0875,2.628797e-49,2.698231e-49,1.556447e-32,0.003944357,0.0,2.179939e-48,4.219749e-47,3.930963e-47
36.84190795083755,0.0008526359941042319,0,36.8419096,125.548349,3931.79624,11.9147,3.073859e-48,3.155396e-48,2.414413e-31,0.003946968,0.0007163173,2.160721e-48,4.329288e-47,3.897954e-47
445.6196035284029,0.005783969742349457,0,445.619604,125.548349,45.8325058,18.3186,8.15821e-49,8.407469e-49,4.248262e-29,0.003944141,0.0,1.33967e-47,3.817202e-46,2.199966e-46
22.68044477997472,0.01551256285185753,0,22.6804927,125.548349,35.6505874,15.74913,2.722443e-45,2.792534e-45,4.756928e-29,0.00502192,0.2146149,2.846602e-48,4.840234e-47,4.995731e-47
179.43038836960332,0.0002278474833153006,0,179.430388,125.548349,3384.95413,12.97409,8.554266e-51,8.799613e-51,4.038186e-31,0.003944141,0.0,5.613855e-48,1.593212e-46,1.015745e-46
24.744987778068353,0.004242847270747272,0,24.7449998,125.548349,368.918035,13.43423,1.707791e-46,1.752009e-46,3.739191e-30,0.004023607,0.01974995,2.574106e-48,4.487397e-47,4.668876e-47
30.68918986526487,0.053418198070716974,0,30.6893118,125.548349,2.78107552,18.65951,1.74961e-44,1.795524e-44,7.146425e-28,0.0159007,0.7519518,2.259377e-48,4.145473e-47,3.990971e-47
97.27730060716256,0.2216120605195097,0,97.2774602,125.548349,0.00350051511,26.48534,2.851209e-44,2.930675e-44,8.751725e-25,0.003944141,0.0,3.38083e-48,8.96819e-47,6.258035e-47
110.774565669072,0.011589318726809905,0,110.774573,125.548349,1.27999424,20.5635,5.976044e-47,6.143537e-47,1.809654e-27,0.003944141,0.0,3.732855e-48,1.009391e-46,6.921426e-47
90.7960657745883,0.6308376550277567,0,90.7965525,125.548349,0.000457214146,28.48653,2.660572e-43,2.734499e-43,6.936426e-24,0.003944141,0.0,3.217864e-48,8.437617e-47,5.867074e-47
120.85986550118909,0.08749989255637743,0,120.859916,125.548349,0.0319130086,24.46649,2.84977e-45,2.929935e-45,8.509223e-26,0.003944141,0.0,4.00368e-48,1.094606e-46,7.368384e-47
26.688818784333705,0.14442224922687824,0,26.6891979,125.548349,0.491883282,20.30917,1.697777e-43,1.741948e-43,4.570186e-27,0.094624,0.9583178,2.424793e-48,4.295736e-47,4.393806e-47
360.71212108812847,0.00034717264095557554,0,360.712121,125.548349,5708.07984,13.13507,4.571118e-51,4.709004e-51,2.413529e-31,0.003944141,0.0,1.088014e-47,3.090432e-46,1.828896e-46
35.94982859531215,0.010514447532363809,0,35.9498491,125.548349,45.4359285,15.96856,4.913659e-46,5.043814e-46,3.500514e-29,0.004379458,0.09939972,2.164514e-48,4.293117e-47,3.908679e-47
668.9082916914175,0.00013869585088389032,0,668.908292,125.548349,102626.099,10.69915,2.010313e-52,2.073189e-52,1.039088e-32,0.003944141,0.0,1.977041e-47,5.729268e-46,3.331244e-46
107.22859293785942,0.04725239236042683,0,107.228624,125.548349,0.0821869781,23.30421,1.061892e-45,1.091613e-45,3.239117e-26,0.003944141,0.0,3.639017e-48,9.796057e-47,6.761123e-47
40.49189536224633,0.0019977159990976156,0,40.4918988,125.548349,587.161455,14.42914,1.39196e-47,1.42908e-47,1.659644e-30,0.003958789,0.00370016,2.165015e-48,4.452647e-47,3.862072e-47
22.32378365504188,0.3305302912491683,0,22.3248209,125.548349,0.116014321,21.65445,1.276064e-42,1.308882e-42,2.142779e-26,0.4943971,0.9920223,2.912224e-48,4.923784e-47,5.059467e-47
93.41313012354473,0.00033355032456055216,0,93.4131304,125.548349,744.983942,13.86766,7.017866e-50,7.213113e-50,2.012953e-30,0.003944141,0.0,3.283084e-48,8.651017e-47,6.028268e-47
56.571096980086146,0.00019847883768564698,0,56.5710972,125.548349,10.4335299,19.12154,6.941343e-50,7.12979e-50,1.68852e-31,0.003944223,0.0,2.386937e-48,5.632209e-47,3.968931e-47
176.2737247424008,0.003818464472584245,0,176.273726,125.548349,17.07081,18.40321,2.497582e-48,2.569053e-48,1.160548e-28,0.003944141,0.0,5.527662e-48,1.567937e-46,9.989556e-47
99.2931218025153,0.0004294790778575405,0,99.2931221,125.548349,509.371494,14.30986,1.026811e-49,1.055454e-49,3.166445e-30,0.003944141,0.0,3.432425e-48,9.134722e-47,6.372355e-47
11.855486927956058,0.015840629656295346,0,11.8555805,125.548349,42.4124986,15.03917,1.038437e-44,1.063926e-44,4.080355e-29,0.005127716,0.2308192,1.817928e-47,2.502698e-46,2.493462e-46
463.64922439186574,0.005424185783243133,0,463.649225,125.548349,56.0653884,18.14606,6.604606e-49,6.806872e-49,3.433194e-29,0.003944141,0.0,1.392387e-47,3.964708e-46,2.290972e-46
12.686676861921685,0.00012396032333557,0,12.6866775,125.548349,206943.247,6.262022,5.561852e-49,5.699124e-49,2.543729e-33,0.003944213,0.0,1.339284e-47,1.939218e-46,1.981788e-46
452.054011727857,0.0009412650712605839,0,452.054012,125.548349,1418.71707,14.79116,2.096846e-50,2.160965e-50,1.091923e-30,0.003944141,0.0,1.358522e-47,3.870397e-46,2.232611e-46
422.1815857750233,0.00040906113007022435,0,422.181586,125.548349,5790.84736,13.27969,4.567967e-51,4.707083e-51,2.387501e-31,0.003944141,0.0,1.270676e-47,3.619822e-46,2.082743e-46
704.6383087463562,0.0005178819718809768,0,704.638309,125.548349,10245.1878,13.16312,2.514786e-51,2.593668e-51,1.300549e-31,0.003944141,0.0,2.077414e-47,6.056757e-46,3.5122e-46
213.20730583951962,0.8828888368198285,0,213.207596,125.548349,0.00095256275,28.53584,8.891358e-44,9.15048e-44,3.293795e-24,0.003944141,0.0,6.547538e-48,1.842526e-46,1.192484e-46
20.95305091028034,0.020944401787782986,0,20.9531209,125.548349,21.2300581,16.24545,5.822757e-45,5.971873e-45,8.36213e-29,0.005930345,0.3349221,3.229387e-48,5.318981e-47,5.282476e-47
76.53477731330528,0.13019517313540166,0,76.5348965,125.548349,0.0380018676,24.16071,1.60918e-44,1.653521e-44,5.512948e-26,0.003944141,0.0,2.875531e-48,7.28172e-47,4.995358e-47
75.65982289192377,0.0034778069446813773,0,75.6598261,125.548349,34.8490615,17.22564,1.175578e-47,1.207954e-47,3.871924e-29,0.003944141,0.0,2.854115e-48,7.210526e-47,4.942014e-47
183.93567607811218,0.0005291133018407371,0,183.935676,125.548349,737.532657,14.57806,4.371567e-50,4.497313e-50,2.098001e-30,0.003944141,0.0,5.736452e-48,1.628281e-46,1.039326e-46
57.846230636621975,0.0022011916196245417,0,57.8462333,125.548349,0.0879103643,24.04762,8.157117e-48,8.378823e-48,3.306598e-29,0.00395318,0.002286489,2.415476e-48,5.738051e-47,3.973827e-47
224.57229431864303,0.06071385054376461,0,224.572313,125.548349,0.134623825,23.55768,3.769656e-46,3.879931e-46,1.907721e-26,0.003944141,0.0,6.869676e-48,1.927009e-46,1.25148e-46
17.5813128298422,0.05315658033160307,0,17.5815246,125.548349,4.00131664,17.80743,5.336788e-44,5.471798e-44,5.071762e-28,0.0169732,0.7676254,4.691786e-48,7.284079e-47,7.589757e-47
854.3901670339873,0.00012932372489333645,0,854.390167,125.548349,185649.464,10.32411,1.049747e-52,1.083023e-52,5.454089e-33,0.003944141,0.0,2.496218e-47,7.332517e-46,4.275584e-46
241.31860398014794,0.35861682886761387,0,241.318708,125.548349,0.00578681453,26.85133,1.130991e-44,1.16424e-44,5.070299e-25,0.003944141,0.0,7.350171e-48,2.059773e-46,1.338616e-46
463.5217906268794,0.007032391627780731,0,463.521792,125.548349,34.3237984,18.65218,1.110793e-48,1.14481e-48,5.772894e-29,0.003944141,0.0,1.392015e-47,3.963681e-46,2.290332e-46
25.574948049193612,0.004477333243711366,0,25.5749603,125.548349,327.159277,13.60477,1.778944e-46,1.825103e-46,4.25636e-30,0.004032076,0.02180896,2.501271e-48,4.393167e-47,4.546193e-47
50.89809831755346,0.00010983426641712234,0,50.8980985,125.548349,423.659116,15.55579,2.638092e-50,2.709321e-50,1.464926e-32,0.003944175,0.0,2.273586e-48,5.127834e-47,3.937295e-47
122.07502519070773,0.016672547031650973,0,122.075035,125.548349,0.749294748,21.2887,1.013678e-46,1.042205e-46,3.023884e-27,0.003944141,0.0,4.036631e-48,1.104905e-46,7.420875e-47
71.6641744725518,0.011130077096808964,0,71.6641854,125.548349,4.36490813,18.95045,1.345482e-46,1.382441e-46,5.038648e-28,0.003944141,0.0,2.754798e-48,6.883798e-47,4.696681e-47
51.87062639122235,0.002779120066726572,0,51.8706301,125.548349,3.38927894,20.6987,1.624926e-47,1.668843e-47,1.098995e-29,0.003965036,0.005269694,2.291069e-48,5.215768e-47,3.943942e-47
775.8751106653808,0.0014322951267407883,0,775.875111,125.548349,1874.97622,15.01701,1.573875e-50,1.623505e-50,8.154183e-31,0.003944141,0.0,2.276913e-47,6.679243e-46,3.87189e-46
421.5937860519061,0.25067531411391786,0,421.593828,125.548349,0.0321866418,25.64812,1.720416e-45,1.772806e-45,8.634508e-26,0.003944141,0.0,1.268939e-47,3.614828e-46,2.079829e-46
909.939443929732,0.001148388405228197,0,909.939444,125.548349,3839.45975,14.40179,7.260409e-51,7.491334e-51,3.780514e-31,0.003944141,0.0,2.651232e-47,7.774157e-46,4.559072e-46
31.654792230921817,0.00030683998792347864,0,31.6547929,125.548349,31014.8315,9.408772,5.420701e-49,5.563216e-49,2.448312e-32,0.003944532,0.0,2.230948e-48,4.146412e-47,3.958287e-47
15.88344046423284,0.10354252464187993,0,15.8838972,125.548349,1.18587053,18.96437,2.481308e-43,2.543618e-43,1.873236e-27,0.05376456,0.9266405,6.123412e-48,9.379444e-47,9.735471e-47
89.79107553559668,0.0020072518881310043,0,89.7910771,125.548349,26.505182,17.32673,2.755768e-48,2.832303e-48,7.0009e-29,0.003944141,0.0,3.193027e-48,8.355846e-47,5.805871e-47
190.08326059490773,0.0016520425085007197,0,190.083261,125.548349,92.1932665,16.75504,3.970942e-49,4.085555e-49,1.944864e-29,0.003944141,0.0,5.904239e-48,1.674612e-46,1.071299e-46
24.819241492745945,0.0015857791391727682,0,24.819246,125.548349,2193.89298,11.58076,2.371226e-47,2.432634e-47,5.233349e-31,0.003955236,0.002805044,2.566921e-48,4.478074e-47,4.657698e-47
90.0199885165581,0.3649206835339368,0,90.0202725,125.548349,0.00132554351,27.41064,9.060866e-44,9.312539e-44,2.312355e-24,0.003944141,0.0,3.198677e-48,8.374475e-47,5.819787e-47
59.11504004892098,0.007571601689227856,0,59.115049,125.548349,0.00385322108,27.14875,9.23265e-47,9.483864e-47,7.179187e-28,0.004036782,0.02294924,2.444678e-48,5.843481e-47,3.996807e-47
168.96236943638985,0.0001558674143855414,0,168.96237,125.548349,6198.89549,12.30892,4.552395e-51,4.682199e-51,2.105566e-31,0.003944141,0.0,5.327219e-48,1.507645e-46,9.597271e-47
424.4198135098771,0.15069048325660045,0,424.419838,125.548349,0.0853222216,24.69273,6.130868e-46,6.31764e-46,3.126458e-26,0.003944141,0.0,1.277284e-47,3.63882e-46,2.093834e-46
85.77872883016023,0.14155780892955785,0,85.7788444,125.548349,0.00825735772,25.49033,1.505012e-44,1.546725e-44,3.547679e-25,0.003944141,0.0,3.095286e-48,8.030469e-47,5.562486e-47
35.191158602616206,0.1282837437125058,0,35.191414,125.548349,0.437023291,20.69244,7.63881e-44,7.8409e-44,5.013498e-27,0.06940108,0.9431689,2.16985e-48,4.260539e-47,3.918183e-47
37.409512516601794,0.0016743363733791184,0,37.4095157,125.548349,1174.85788,13.00182,1.148996e-47,1.1795e-47,9.610678e-31,0.003954954,0.002734096,2.159514e-48,4.350087e-47,3.891387e-47
58.61797846009888,0.001517064815882885,0,58.6179803,125.548349,0.0914565453,23.88181,3.771021e-48,3.873584e-48,2.221838e-29,0.003948097,0.001001891,2.43315e-48,5.802166e-47,3.985653e-47
943.7972018735529,0.77782790603516,0,943.79726,125.548349,0.0181116195,27.01272,3.086958e-45,3.185333e-45,1.568563e-25,0.003944141,0.0,2.74572e-47,8.035141e-46,4.732956e-46
64.86008960161536,0.008772471001533524,0,64.8600991,125.548349,1.17254938,19.74785,1.02517e-46,1.053193e-46,3.484449e-27,0.003944141,0.0,2.583866e-48,6.321164e-47,4.271693e-47
39.77691386394717,0.3832811018362847,0,39.7775889,125.548349,0.0419177753,23.20485,5.313143e-43,5.454692e-43,5.822201e-26,0.5498212,0.9928265,2.162292e-48,4.42859e-47,3.863978e-47
783.9919050514551,0.1984983101826982,0,783.991923,125.548349,0.17064919,24.5498,2.958048e-46,3.05138e-46,1.518346e-26,0.003944141,0.0,2.299605e-47,6.74837e-46,3.914619e-46
838.4429094227835,0.009215625730058706,0,838.44291,125.548349,66.383888,18.50754,5.543889e-49,5.719446e-49,2.877536e-29,0.003944141,0.0,2.451703e-47,7.202601e-46,4.194271e-46
196.0982836335209,0.0004979961857513235,0,196.098284,125.548349,909.100673,14.41115,3.376309e-50,3.474043e-50,1.685835e-30,0.003944141,0.0,6.069813e-48,1.718771e-46,1.102829e-46
36.10238999463374,0.001024416693558858,0,36.102392,125.548349,3047.65119,11.98164,4.624252e-48,4.746771e-48,3.349479e-31,0.003948265,0.001044423,2.163687e-48,4.299533e-47,3.906813e-47
264.6903373374164,0.013104044181175263,0,264.690341,125.548349,3.35105113,20.47542,1.244264e-47,1.281069e-47,6.622543e-28,0.003944141,0.0,8.03003e-48,2.256878e-46,1.445368e-46
27.135570951450347,0.008434949404772265,0,27.1355927,125.548349,97.7207505,14.90322,5.599879e-46,5.745724e-46,1.579771e-29,0.004252308,0.07247041,2.399438e-48,4.264151e-47,4.336752e-47
44.07267133915065,0.8853960101384197,0,44.0740788,125.548349,0.0060696051,25.29739,2.300081e-42,2.361708e-42,4.296835e-25,2.685196,0.9985312,2.18597e-48,4.605842e-47,3.891349e-47
121.19165587664304,0.030049941570475233,0,121.191673,125.548349,0.244510304,22.40805,3.342286e-46,3.436317e-46,9.977097e-27,0.003944141,0.0,4.012671e-48,1.097417e-46,7.382705e-47
168.8717943077589,0.006184206567904072,0,168.871797,125.548349,6.40614871,19.35808,7.174214e-48,7.378769e-48,3.291051e-28,0.003944141,0.0,5.32473e-48,1.506885e-46,9.592442e-47
11.942157069941311,0.5209812154793975,-2,,,,,,,,,,,,
15.255606366115869,0.00016139529368576887,0,15.2556071,125.548349,133446.225,6.876422,6.53469e-49,6.698294e-49,4.506698e-33,0.003944262,0.0,6.870556e-48,1.052757e-46,1.08254e-46
26.302196017197403,0.0781271068074456,0,26.3024041,125.548349,1.58260644,19.11122,5.117532e-44,5.250553e-44,1.322544e-27,0.0305649,0.8709585,2.449012e-48,4.32631e-47,4.44492e-47
962.4371802274705,0.03057653951092147,0,962.437182,125.548349,8.94893709,20.69743,4.580006e-48,4.726112e-48,2.387879e-28,0.003944141,0.0,2.797751e-47,8.176211e-46,4.828384e-46
283.693430185022,0.0009474144680180018,0,283.69343,125.548349,544.099052,15.30389,5.625451e-50,5.792597e-50,3.009559e-30,0.003944141,0.0,8.588816e-48,2.422393e-46,1.521582e-46
544.5981870556782,0.4669958223524689,0,544.598247,125.548349,0.0165354638,26.60732,3.499067e-45,3.607238e-45,1.729999e-25,0.003944141,0.0,1.625201e-47,4.607245e-46,2.700367e-46
12.559361737777715,0.0033381945639936964,0,12.5593804,125.548349,714.658077,12.17512,4.1148e-46,4.216275e-46,1.840007e-30,0.003996584,0.01312203,1.398447e-47,2.011157e-46,2.048017e-46
63.429066864436905,0.03064389517562227,0,63.4291007,125.548349,0.0205013925,23.52769,1.309375e-45,1.345129e-45,4.065748e-25,0.003944141,0.0,2.548413e-48,6.202252e-47,4.178161e-47
50.355594226199486,0.00016217016267352122,0,50.3555945,125.548349,321.991583,15.86758,5.878464e-50,6.037095e-50,2.911252e-32,0.003944216,0.0,2.264264e-48,5.07931e-47,3.933841e-47
887.7053943344632,0.00018633400913927592,0,887.705394,125.548349,103245.077,10.96994,2.012472e-52,2.076396e-52,1.04698e-32,0.003944141,0.0,2.58919e-47,7.599408e-46,4.445415e-46
21.898398212795296,0.0016171609181383339,0,21.8984034,125.548349,2259.49391,11.44386,3.175835e-47,3.257407e-47,5.082632e-31,0.003955914,0.002975917,2.999742e-48,5.033006e-47,5.137861e-47
230.6093466151904,0.221023672067332,0,230.609414,125.548349,0.0128519004,25.96698,4.725178e-45,4.863661e-45,2.208184e-25,0.003944141,0.0,7.042155e-48,1.973715e-46,1.282721e-46
75.83557060879788,0.0012429380546707279,0,75.8355718,125.548349,219.468834,15.38192,1.494433e-48,1.535595e-48,4.950444e-30,0.003944141,0.0,2.858428e-48,7.224833e-47,4.952739e-47
68.05184389650903,0.018491252989634128,0,68.0518629,125.548349,0.995741489,20.22966,4.128492e-46,4.241613e-46,2.906039e-27,0.003944141,0.0,2.663883e-48,6.585809e-47,4.473869e-47
260.9213329445454,0.12878775517261554,0,260.921368,125.548349,0.0433196436,24.89072,1.238488e-45,1.275088e-45,6.266518e-26,0.003944141,0.0,7.919779e-48,2.224457e-46,1.429543e-46
88.20555908472556,0.0009679971964336466,0,88.2055599,125.548349,104.509865,15.87538,6.64697e-49,6.831428e-49,1.648716e-29,0.003944141,0.0,3.154134e-48,8.227115e-47,5.709768e-47
398.1144453780151,0.03228648323605772,0,398.114451,125.548349,1.39815915,21.76786,3.216897e-47,3.31452e-47,1.677365e-27,0.003944141,0.0,1.199386e-47,3.413961e-46,1.970682e-46
193.15245289357367,0.4640998230924607,0,193.152621,125.548349,0.00277951047,27.39178,3.028389e-44,3.115931e-44,1.073205e-24,0.003944141,0.0,5.988561e-48,1.697256e-46,1.08737e-46
133.34604311456923,0.0034682776937519006,0,133.346045,125.548349,12.8419756,18.43,3.6607e-48,3.764097e-48,1.533257e-28,0.003944141,0.0,4.344607e-48,1.200524e-46,7.909012e-47
41.36546408206019,0.2847882132992796,0,41.3659464,125.548349,0.0657150253,22.79262,2.708269e-43,2.780578e-43,3.588256e-26,0.2969661,0.9867185,2.169193e-48,4.484045e-47,3.867565e-47
106.39853459251599,0.0027006745075642724,0,106.398536,125.548349,18.6560737,17.78606,3.524429e-48,3.62304e-48,1.076966e-28,0.003944141,0.0,3.617175e-48,9.726513e-47,6.724354e-47
33.22381070208848,0.0006998158526415511,0,33.2238122,125.548349,7128.02891,10.70966,2.555564e-48,2.622945e-48,1.360509e-31,0.003946137,0.0005057835,2.195153e-48,4.182129e-47,3.943707e-47
60.646835012026834,0.041448235045984445,0,60.6468829,125.548349,5.95463969e-05,31.01986,2.625662e-45,2.697196e-45,6.522454e-26,0.006074128,0.3506655,2.480829e-48,5.970862e-47,4.044061e-47
116.5875968144226,0.03643178548715669,0,116.587619,125.548349,0.159575267,22.76009,5.318239e-46,5.467618e-46,1.59528e-26,0.003944141,0.0,3.888329e-48,1.058438e-46,7.182808e-47
20.690072174832277,0.0001543203152857135,0,20.6900727,125.548349,136576.869,7.140087,3.242606e-49,3.325576e-49,4.516314e-33,0.003944249,0.0,3.303352e-48,5.411872e-47,5.325971e-47
35.67584298105752,0.025550177513988706,0,35.6758932,125.548349,8.83280466,17.64093,2.947021e-45,3.025048e-45,2.037997e-28,0.006524164,0.3954565,2.166201e-48,4.28144e-47,3.91206e-47
69.31253941269512,0.5878484916956594,0,69.3131336,125.548349,0.0016785528,26.82099,4.018518e-43,4.128724e-43,2.102121e-24,0.003944141,0.0,2.695657e-48,6.690073e-47,4.551739e-47
549.2053856641941,0.18860423515738964,0,549.20541,125.548349,0.0934870312,24.82174,5.607856e-46,5.781302e-46,2.848641e-26,0.003944141,0.0,1.638337e-47,4.644802e-46,2.723549e-46
24.814054374528972,0.3851446521869638,0,24.8151418,125.548349,0.0813153599,22.10013,1.399202e-42,1.435437e-42,3.086711e-26,0.658411,0.9940096,2.567314e-48,4.478584e-47,4.658315e-47
16.14975991256442,0.00015621406818667672,0,16.1497606,125.548349,139960.489,6.849538,5.463531e-49,5.600898e-49,4.281559e-33,0.003944254,0.0,5.851872e-48,8.967946e-47,9.337887e-47
61.2985817872546,0.0014875144976817486,0,61.2985835,125.548349,0.0102318334,25.30791,3.308673e-48,3.398865e-48,1.770902e-28,0.003946432,0.0005804914,2.496463e-48,6.025069e-47,4.069646e-47
18.80961520457792,0.0009430766784852009,0,18.8096187,125.548349,6235.26363,10.26608,1.466903e-47,1.504191e-47,1.629551e-31,0.003948217,0.001032293,4.003574e-48,6.332293e-47,6.382052e-47
129.40828336150273,0.4312178045048299,0,129.408517,125.548349,0.00158375155,27.5225,6.017195e-44,6.186942e-44,1.953945e-24,0.003944141,0.0,4.236604e-48,1.167119e-46,7.740768e-47
140.37399634425296,0.025232029673005796,0,140.374009,125.548349,0.327739041,22.20516,1.744003e-46,1.793365e-46,7.399277e-27,0.003944141,0.0,4.538128e-48,1.260571e-46,8.203559e-47
18.331039764242835,0.0003118406811260601,0,18.331041,125.548349,43094.9582,8.226536,1.689093e-48,1.731951e-48,1.767232e-32,0.003944588,0.0001132524,4.244311e-48,6.661996e-47,6.796993e-47
270.46307998419417,0.0033601777227863414,0,270.463081,125.548349,45.9131527,17.79984,7.820081e-49,8.051719e-49,4.181195e-29,0.003944141,0.0,8.199292e-48,2.306859e-46,1.468691e-46
129.7415155804113,0.001224361481579772,0,129.741516,125.548349,89.4812641,16.39927,4.825406e-49,4.961547e-49,1.910052e-29,0.003944141,0.0,4.245723e-48,1.169945e-46,7.755197e-47
70.20434447685906,0.9513665552845534,0,70.2052939,125.548349,0.000764496787,27.63697,1.025326e-42,1.053462e-42,4.593326e-24,0.003944141,0.0,2.718127e-48,6.76369e-47,4.606762e-47
683.8542441585628,0.3317819576377454,0,683.854278,125.548349,0.049195884,25.68916,1.098603e-45,1.133006e-45,5.561685e-26,0.003944141,0.0,2.019058e-47,5.868426e-46,3.407279e-46
515.0205861176833,0.25320308545949083,0,515.020621,125.548349,0.0470576995,25.46091,1.155752e-45,1.191365e-45,5.824352e-26,0.003944141,0.0,1.54065e-47,4.370963e-46,2.552064e-46
27.665487506873465,0.0002735444691025422,0,27.6654882,125.548349,45062.1839,8.585354,5.662951e-49,5.810616e-49,1.688685e-32,0.003944464,0.0,2.372443e-48,4.231841e-47,4.271202e-47
21.53606498617591,0.003356754273638514,0,21.5360759,125.548349,608.033994,12.78923,1.415161e-46,1.45147e-46,2.173384e-30,0.003994979,0.01272539,3.081567e-48,5.134724e-47,5.204561e-47
677.7551211729541,0.005814724576254168,0,677.755122,125.548349,104.548297,17.85653,3.437972e-49,3.545579e-49,1.776559e-29,0.003944141,0.0,2.001918e-47,5.811948e-46,3.376282e-46
20.630216091816667,0.0019544423235853476,0,20.6302227,125.548349,1647.09007,11.70789,5.231523e-47,5.365357e-47,7.235671e-31,0.00396147,0.004374297,3.320866e-48,5.433959e-47,5.338653e-47
326.89829304003786,0.3503151852777554,0,326.898368,125.548349,0.0104378892,26.56214,5.717652e-45,5.889072e-45,2.773183e-25,0.003944141,0.0,9.871461e-48,2.797969e-46,1.694303e-46
42.17295491609904,0.006624449834300814,0,42.1729659,125.548349,65.28624,16.46777,1.40875e-46,1.446403e-46,2.062302e-29,0.004100272,0.03807812,2.173705e-48,4.515836e-47,3.876045e-47
52.768007205190415,0.1144092587421084,0,52.7681591,125.548349,0.0346181907,25.22257,2.658987e-44,2.730917e-44,2.1897e-26,0.03799909,0.8962043,2.308016e-48,5.297342e-47,3.950961e-47
128.07055510956354,0.02137460476290595,0,128.070567,125.548349,0.417047924,21.90715,1.510227e-46,1.552812e-46,5.523441e-27,0.003944141,0.0,4.199995e-48,1.155765e-46,7.682542e-47
711.0961623571192,0.00407813083433583,0,711.096163,125.548349,223.784843,17.12881,1.530051e-49,1.578069e-49,7.912208e-30,0.003944141,0.0,2.09553e-47,6.114354e-46,3.544337e-46
10.095171147918494,0.00022618364762584144,0,10.0951727,125.548349,80336.8925,7.050158,2.904038e-48,2.974361e-48,7.89239e-33,0.003944384,0.0,4.568461e-47,5.155798e-46,4.295062e-46
21.11420183770529,0.26636453778239505,0,21.1150856,125.548349,0.17961221,21.15222,9.272688e-43,9.510278e-43,1.35686e-26,0.3248796,0.9878597,3.186176e-48,5.264968e-47,5.261688e-47
275.6916148902671,0.008369828684696438,0,275.691617,125.548349,8.50572881,19.54122,4.661381e-48,4.799627e-48,2.487502e-28,0.003944141,0.0,8.352979e-48,2.352392e-46,1.489544e-46
61.50820580712606,0.00019551176589841524,0,61.508206,125.548349,0.387051034,21.32266,5.676027e-50,5.830776e-50,4.177381e-30,0.003944178,0.0,2.50152e-48,6.042506e-47,4.078523e-47
37.63750617675233,0.008149684100561251,0,37.6375213,125.548349,66.2752977,15.63098,2.68868e-46,2.760086e-46,2.306869e-29,0.004199461,0.0607982,2.159265e-48,4.358051e-47,3.888812e-47
842.9296225694924,0.00015136745450510525,0,842.929623,125.548349,136275.249,10.61377,1.479122e-52,1.525975e-52,7.681597e-33,0.003944141,0.0,2.464228e-47,7.239294e-46,4.217122e-46
33.73314605162215,0.0018768149495729648,0,33.73315,125.548349,1194.07339,12.51988,1.782064e-47,1.829093e-47,1.00114e-30,0.00395841,0.003604666,2.186782e-48,4.200272e-47,3.937495e-47
268.12290474673676,0.3895253207891497,0,268.123007,125.548349,0.00595761838,26.94654,1.070183e-44,1.101865e-44,4.938983e-25,0.003944141,0.0,8.130623e-48,2.286556e-46,1.459323e-46
848.1083483099148,0.0023748099145794372,0,848.108349,125.548349,866.651934,15.85479,3.594666e-50,3.708568e-50,1.867028e-30,0.003944141,0.0,2.478684e-47,7.281509e-46,4.243532e-46
335.3761018287716,0.0021365721636062473,0,335.376102,125.548349,167.014825,16.69854,2.015975e-49,2.076512e-49,1.069241e-29,0.003944141,0.0,1.012423e-47,2.871042e-46,1.728124e-46
179.2146260405796,0.25615858050283774,0,179.214726,125.548349,0.00729903512,26.32794,1.084052e-44,1.115139e-44,3.922459e-25,0.003944141,0.0,5.607974e-48,1.591505e-46,1.014606e-46
403.4333421755537,0.007464455171485795,0,403.433343,125.548349,23.1096227,18.90038,1.67244e-48,1.723234e-48,8.753721e-29,0.003944141,0.0,1.215174e-47,3.459676e-46,1.993256e-46
597.6670076165269,0.22390621005583325,0,597.667034,125.548349,0.0797708261,25.07133,6.625664e-46,6.831583e-46,3.361682e-26,0.003944141,0.0,1.776006e-47,5.060554e-46,2.968858e-46
648.1392263791836,0.004115289925779779,0,648.139227,125.548349,183.573102,17.22985,1.890123e-49,1.949135e-49,9.765071e-30,0.003944141,0.0,1.918571e-47,5.532927e-46,3.225211e-46
262.3179875412167,0.0016434118070835569,0,262.317988,125.548349,165.847159,16.45236,1.994257e-49,2.053211e-49,1.066437e-29,0.003944141,0.0,7.960608e-48,2.236449e-46,1.435484e-46
279.5203462004147,0.019034943650199813,0,279.520351,125.548349,1.84189254,21.12699,2.342333e-47,2.411863e-47,1.244817e-27,0.003944141,0.0,8.465732e-48,2.38585e-46,1.504929e-46
407.80468769235665,0.00990794450649483,0,407.804689,125.548349,13.8248504,19.43972,2.881004e-48,2.968562e-48,1.506336e-28,0.003944141,0.0,1.228136e-47,3.497163e-46,2.013037e-46
34.86802091675414,0.0033526349058681337,0,34.8680277,125.548349,393.851614,13.72916,5.316364e-47,5.456937e-47,3.370186e-30,0.003989036,0.0112546,2.172795e-48,4.246606e-47,3.922422e-47
642.3811479776059,0.0025445270174136313,0,642.381148,125.548349,444.537964,16.29233,7.361767e-50,7.591498e-50,3.803661e-30,0.003944141,0.0,1.902343e-47,5.478263e-46,3.195689e-46
15.677167515095942,0.0005069962863811926,0,15.6771698,125.548349,19244.9362,8.903998,6.106879e-48,6.260083e-48,4.47672e-32,0.003945337,0.0003030255,6.351348e-48,9.72835e-47,1.005427e-46
56.59944527754906,0.00018637207801101635,0,56.5994455,125.548349,11.3439741,19.02108,6.114091e-50,6.280084e-50,1.502572e-31,0.003944213,0.0,2.387562e-48,5.634567e-47,3.96893e-47
81.80581335598815,0.019357130735280254,0,81.8058299,125.548349,0.448141466,21.4684,3.100997e-46,3.18676e-46,4.046346e-27,0.003944141,0.0,3.000898e-48,7.708988e-47,5.318084e-47
607.25459249181,0.0026620030670623223,0,607.254593,125.548349,365.862763,16.45812,9.059456e-50,9.34127e-50,4.680925e-30,0.003944141,0.0,1.803145e-47,5.1482e-46,3.017063e-46
68.94570848494823,0.0003840889672490829,0,68.9457089,125.548349,1751.83593,12.68125,1.734296e-49,1.781846e-49,9.788845e-31,0.003944141,0.0,2.6864e-48,6.659722e-47,4.529066e-47
33.87070268993095,0.01278262345973507,0,33.8707291,125.548349,35.0603034,16.17177,8.198314e-46,8.414722e-46,4.673301e-29,0.004604927,0.1434955,2.184757e-48,4.205531e-47,3.935699e-47
10.957653074786018,0.07434431341397169,0,10.9581284,125.548349,2.47753946,17.95758,2.671074e-43,2.736211e-43,8.779018e-28,0.03008461,0.8688984,2.745538e-47,3.493116e-46,3.257884e-46
37.80145840487776,0.033047495475838025,0,37.8015197,125.548349,4.84875999,18.32343,4.382158e-45,4.498569e-45,3.829552e-28,0.0081322,0.514997,2.159164e-48,4.363678e-47,3.886983e-47
364.2909392408099,0.0001192913738342707,0,364.290939,125.548349,41060.6186,11.1006,5.286741e-52,5.446311e-52,2.789616e-32,0.003944141,0.0,1.098689e-47,3.121468e-46,1.842338e-46
10.973416823488682,0.0030275055683076555,0,10.9734362,125.548349,882.516725,11.83533,4.417415e-46,4.525151e-46,1.456518e-30,0.003987489,0.01087099,2.723735e-47,3.471427e-46,3.242765e-46
21.379023068663596,0.0486479278118846,0,21.3791825,125.548349,4.37056251,17.88943,3.016469e-44,3.093823e-44,4.550184e-28,0.01463211,0.7304462,3.119299e-48,5.181644e-47,5.228452e-47
41.873266549704255,0.0038343944384938693,0,41.873273,125.548349,163.814168,15.80052,4.789001e-47,4.916952e-47,6.753835e-30,0.003996755,0.01316406,2.171966e-48,4.503662e-47,3.872814e-47
115.8836441299867,0.005725804713554033,0,115.883648,125.548349,5.32247424,19.17555,1.330047e-47,1.367396e-47,3.993443e-28,0.003944141,0.0,3.869404e-48,1.052486e-46,7.15171e-47
53.221441888632704,0.14337961025098922,0,53.2216306,125.548349,0.0223017939,25.59469,4.103684e-44,4.214743e-44,3.756546e-26,0.05630566,0.9299513,2.316851e-48,5.338488e-47,3.954646e-47
582.4778153557826,0.0004147909582983019,0,582.477815,125.548349,10654.8428,12.9319,2.399223e-51,2.47368e-51,1.240268e-31,0.003944141,0.0,1.732949e-47,4.925395e-46,2.8923e-46
558.4194630285023,0.0001710285300636939,0,558.419463,125.548349,49564.5787,11.31295,4.454079e-52,4.591971e-52,2.30388e-32,0.003944141,0.0,1.66458e-47,4.720745e-46,2.770168e-46
18.665602266351655,0.18508029939631496,0,18.6662969,125.548349,0.376564746,20.28634,5.737218e-43,5.882977e-43,6.260696e-27,0.1610366,0.9755078,4.072418e-48,6.426153e-47,6.504311e-47
383.3541413662226,0.018546724832798588,0,383.354145,125.548349,3.70851522,20.73743,1.148714e-47,1.183494e-47,6.018111e-28,0.003944141,0.0,1.155497e-47,3.28661e-46,1.913955e-46
224.22939182608457,0.0009465096532887903,0,224.229392,125.548349,345.124036,15.52875,9.191158e-50,9.46e-50,4.826517e-30,0.003944141,0.0,6.859906e-48,1.924401e-46,1.249707e-46
25.998917008693297,0.0004825406014368102,0,25.9989183,125.548349,17617.7493,9.489202,1.998634e-48,2.050546e-48,5.002051e-32,0.003945159,0.0002580349,2.469668e-48,4.35262e-47,4.486293e-47
132.8216285314724,0.11748976286185178,0,132.821691,125.548349,0.0189182701,25.05096,4.234885e-45,4.35448e-45,1.449715e-25,0.003944141,0.0,4.330204e-48,1.196076e-46,7.886912e-47
359.4471216667417,0.4788747924946709,0,359.447215,125.548349,0.00704987076,27.0398,8.761211e-45,9.025432e-45,4.176942e-25,0.003944141,0.0,1.084241e-47,3.079462e-46,1.824103e-46
723.130131543826,0.0004539825235025908,0,723.130132,125.548349,13718.8842,12.87754,1.830951e-51,1.888465e-51,9.472789e-32,0.003944141,0.0,2.129269e-47,6.221065e-46,3.603569e-46
69.69588141017528,0.0001538971682148528,0,69.6958816,125.548349,10020.7028,11.06761,2.723336e-50,2.798042e-50,1.326519e-31,0.003944141,0.0,2.705299e-48,6.72167e-47,4.575349e-47
11.249525330076413,0.01590829051451391,0,11.2496244,125.548349,42.7727306,15.02304,1.161458e-44,1.189843e-44,4.05301e-29,0.005140046,0.2326642,2.373364e-47,3.113053e-46,2.992037e-46
21.67519143838122,0.00040965645351477044,0,21.6751928,125.548349,25678.4331,8.904697,2.080495e-48,2.133897e-48,3.246299e-32,0.003944898,0.0001917672,3.049295e-48,5.094616e-47,5.179224e-47
315.44355059828536,0.3991271013811652,0,315.443639,125.548349,0.00767545522,26.82689,7.996823e-45,8.236038e-45,3.81361e-25,0.003944141,0.0,9.5303e-48,2.699548e-46,1.648766e-46
14.723448295043742,0.41804297763082976,-2,,,,,,,,,,,,
42.19877559145288,0.08757495795391407,0,42.198921,125.548349,0.572849119,20.60459,2.458947e-44,2.524673e-44,3.611425e-27,0.03121685,0.8736535,2.173858e-48,4.516912e-47,3.876319e-47
32.39103881758155,0.8591117404957402,0,32.3928969,125.548349,0.0135318737,24.19333,4.054937e-42,4.161692e-42,1.978325e-25,3.040648,0.9987029,2.212063e-48,4.158569e-47,3.948834e-47
310.60024488212287,0.0016666625030389742,0,310.600245,125.548349,227.396582,16.27864,1.440274e-49,1.483316e-49,7.675703e-30,0.003944141,0.0,9.386227e-48,2.657659e-46,1.629375e-46
271.67065800010437,0.0001963388882437632,0,271.670658,125.548349,9202.13596,12.37017,2.645146e-51,2.72352e-51,1.416162e-31,0.003944141,0.0,8.234756e-48,2.317356e-46,1.473502e-46
43.676159206889636,0.0023424659483133447,0,43.676163,125.548349,211.256162,16.06584,1.640029e-47,1.683949e-47,2.911493e-30,0.003963072,0.004776821,2.183266e-48,4.584934e-47,3.888438e-47
243.91095025962554,0.042710308343307433,0,243.910963,125.548349,0.304067475,22.80042,1.568691e-46,1.614842e-46,8.174312e-27,0.003944141,0.0,7.425091e-48,2.081081e-46,1.351601e-46
119.45075713788795,0.5594027791464293,0,119.451085,125.548349,0.000881911069,28.06353,1.193091e-43,1.226637e-43,3.567105e-24,0.003944141,0.0,3.965552e-48,1.082671e-46,7.307543e-47
52.254014127609814,0.0002976439347047473,0,52.2540145,125.548349,57.5866195,17.63893,1.836022e-49,1.885663e-49,1.348146e-31,0.003944377,0.0,2.298217e-48,5.250605e-47,3.946857e-47
14.940890469353505,0.03739551117541287,0,14.9410658,125.548349,8.10084583,16.94794,3.657036e-44,3.748451e-44,2.40743e-28,0.01046813,0.6232239,7.315594e-48,1.121034e-46,1.153192e-46
55.066085358117114,0.0009491190464532037,0,55.0660866,125.548349,2.23109446,20.94026,1.677248e-48,1.72272e-48,2.494639e-30,0.003946218,0.0005264259,2.354478e-48,5.503354e-47,3.967812e-47
45.04636520156013,0.06051621001955104,0,45.0464593,125.548349,0.873386711,20.51564,1.02771e-44,1.055278e-44,2.195457e-27,0.01619531,0.756464,2.193745e-48,4.662397e-47,3.898354e-47
596.3011644735432,0.00022003148216105485,0,596.301165,125.548349,35607.3087,11.69105,6.428932e-52,6.628711e-52,3.322776e-32,0.003944141,0.0,1.772138e-47,5.0482e-46,2.96199e-46
292.90740139596386,0.00641456036322446,0,292.907403,125.548349,15.9213331,18.9682,2.411941e-48,2.483752e-48,1.286716e-28,0.003944141,0.0,8.861208e-48,2.503188e-46,1.558233e-46
65.43912521268771,0.6090876977543744,0,65.4397773,125.548349,0.000451232476,27.90578,4.852935e-43,4.985651e-43,1.057625e-23,0.003944141,0.0,2.598322e-48,6.369296e-47,4.310395e-47
93.28655095805367,0.00016410115972553845,0,93.2865511,125.548349,2755.61842,12.52269,1.703379e-50,1.750766e-50,4.870051e-31,0.003944141,0.0,3.27991e-48,8.640671e-47,6.020485e-47
87.65395565118976,0.006633781686258683,0,87.653961,125.548349,2.80725011,19.59365,3.162088e-47,3.249814e-47,7.778981e-28,0.003944141,0.0,3.140683e-48,8.182382e-47,5.676351e-47
553.8661134687396,0.09800148749779916,0,553.866126,125.548349,0.330347223,23.5484,1.487659e-46,1.533693e-46,7.623724e-27,0.003944141,0.0,1.651616e-47,4.68307e-46,2.747098e-46
18.883058710230273,0.008299108177014692,0,18.8830895,125.548349,122.244786,14.3254,1.127115e-45,1.155773e-45,1.263541e-29,0.004259645,0.0740682,3.969297e-48,6.285701e-47,6.319769e-47
70.54399080216457,0.25718816786166043,0,70.5442462,125.548349,0.00991557031,25.06051,7.419702e-44,7.623358e-44,3.164392e-25,0.003944141,0.0,2.726658e-48,6.791628e-47,4.62766e-47
117.44218292057701,0.004094395733980848,0,117.442185,125.548349,10.2646036,18.52035,6.617449e-48,6.803377e-48,1.982863e-28,0.003944141,0.0,3.911335e-48,1.065666e-46,7.220283e-47
74.54965955002908,0.0016757463078918267,0,74.5496611,125.548349,143.953175,15.74538,2.813204e-48,2.890626e-48,9.144663e-30,0.003944141,0.0,2.826747e-48,7.120043e-47,4.874077e-47
157.056869236026,0.00012640736302106832,0,157.056869,125.548349,7956.07495,11.97582,3.477609e-51,3.576483e-51,1.603032e-31,0.003944141,0.0,4.999071e-48,1.405805e-46,8.96976e-47
99.46864247684414,0.0093163662464285,0,99.468649,125.548349,1.55988171,20.27901,4.814253e-47,4.948561e-47,1.484786e-27,0.003944141,0.0,3.436936e-48,9.149256e-47,6.382107e-47
855.1505416193204,0.09358394915879362,0,855.150549,125.548349,0.847487051,22.99487,5.486898e-47,5.660835e-47,2.839961e-27,0.003944141,0.0,2.49834e-47,7.338676e-46,4.279462e-46
965.5561319661001,0.002248839475531647,0,965.556132,125.548349,1231.13852,15.64544,2.460835e-50,2.539351e-50,1.284362e-30,0.003944141,0.0,2.806459e-47,8.199636e-46,4.844329e-46
12.163306982355856,0.0034038321476301744,0,12.1633266,125.548349,695.405142,12.17826,4.558134e-46,4.670252e-46,1.89719e-30,0.003998738,0.01365342,1.612302e-47,2.265392e-46,2.282533e-46
449.79801841919056,0.061731642956802786,0,449.798028,125.548349,0.523290494,22.87809,9.113706e-47,9.392313e-47,4.705274e-27,0.003944141,0.0,1.351917e-47,3.851824e-46,2.22118e-46
67.20343707503977,0.8333881526283372,0,67.2043059,125.548349,0.000514548321,27.90327,8.603849e-43,8.839451e-43,7.920291e-24,0.003944141,0.0,2.642556e-48,6.515633e-47,4.421459e-47
236.38828248687025,0.4511061546036909,0,236.388416,125.548349,0.00373055686,27.28833,1.868745e-44,1.923607e-44,7.99171e-25,0.003944141,0.0,7.208058e-48,2.019735e-46,1.313058e-46
45.56642236569227,0.00010071007972469763,0,45.5664225,125.548349,3814.52978,13.24868,2.78035e-50,2.854979e-50,6.388934e-33,0.003944175,0.0,2.198666e-48,4.695947e-47,3.902045e-47
163.6070550454574,0.00013412717804295337,0,163.607055,125.548349,7701.0691,12.01698,3.600957e-51,3.703502e-51,1.664455e-31,0.003944141,0.0,5.179821e-48,1.462275e-46,9.311464e-47
286.4947676220615,0.00017154412517138385,0,286.494768,125.548349,13096.2318,12.02656,1.806756e-51,1.860473e-51,9.666389e-32,0.003944141,0.0,8.671544e-48,2.44695e-46,1.532719e-46
18.25127763639298,0.2731728524342593,0,18.2523262,125.548349,0.182148656,21.03125,1.30742e-42,1.340584e-42,1.354343e-26,0.3468951,0.9886302,4.287012e-48,6.720885e-47,6.869253e-47
44.968065306981316,0.002865097493109814,0,44.9680698,125.548349,99.2248001,16.9593,2.311796e-47,2.373804e-47,4.885264e-30,0.003971652,0.006926947,2.193047e-48,4.657532e-47,3.897795e-47
775.1916948829444,0.0012718815613188192,0,775.191695,125.548349,2334.67716,14.78665,1.243357e-50,1.282562e-50,6.441694e-31,0.003944141,0.0,2.275002e-47,6.673406e-46,3.868289e-46
742.2524059299786,0.372230374305505,0,742.252441,125.548349,0.0463538111,25.80246,1.165753e-45,1.202425e-45,5.914594e-26,0.003944141,0.0,2.182838e-47,6.388971e-46,3.69799e-46
636.6326093372427,0.000513164095816596,0,636.632609,125.548349,8562.44904,13.24911,3.050836e-51,3.145992e-51,1.576499e-31,0.003944141,0.0,1.886132e-47,5.423721e-46,3.166224e-46
269.0807360308759,0.0006515976639423843,0,269.080736,125.548349,983.232251,14.65173,2.972379e-50,3.060394e-50,1.590964e-30,0.003944141,0.0,8.158718e-48,2.294859e-46,1.463167e-46
224.51154874673782,0.0006253850944130773,0,224.511549,125.548349,749.540441,14.7657,4.001917e-50,4.118984e-50,2.102552e-30,0.003944141,0.0,6.867945e-48,1.926547e-46,1.251166e-46
274.9243664880641,0.5988372024976507,0,274.924519,125.548349,0.00288518302,27.66869,2.400113e-44,2.471282e-44,1.049345e-24,0.003944141,0.0,8.330409e-48,2.345699e-46,1.486472e-46
141.1794989678518,0.017305209766065522,0,141.179508,125.548349,0.668755759,21.46753,8.107858e-47,8.337397e-47,3.505399e-27,0.003944141,0.0,4.560353e-48,1.267531e-46,8.237164e-47
377.43325258938876,0.19171965812878813,0,377.433288,125.548349,0.0427105899,25.23499,1.26805e-45,1.306407e-45,6.420695e-26,0.003944141,0.0,1.137865e-47,3.235373e-46,1.891598e-46
100.89257529665998,0.00057250000555703,0,100.892576,125.548349,307.622696,14.8721,1.765825e-49,1.815118e-49,5.445514e-30,0.003944141,0.0,3.473639e-48,9.267329e-47,6.459646e-47
28.30577171524326,0.28520665693346803,0,28.3064776,125.548349,0.128862992,21.75412,5.876688e-43,6.030144e-43,1.87364e-26,0.352679,0.9888166,2.343527e-48,4.200491e-47,4.191729e-47
15.441804505732454,0.0015609978340875514,0,15.4418116,125.548349,2670.56397,10.97328,5.966674e-47,6.116193e-47,4.228175e-31,0.003955486,0.002868061,6.631404e-48,1.015922e-46,1.045876e-46
655.4075600396518,0.03022571069043002,0,655.407563,125.548349,4.32789983,21.07946,9.962005e-48,1.027323e-47,5.137706e-28,0.003944141,0.0,1.939045e-47,5.601864e-46,3.262421e-46
323.4133647933055,0.0007348639751841351,0,323.413365,125.548349,1140.2714,14.69195,2.573045e-50,2.650135e-50,1.368407e-30,0.003944141,0.0,9.767612e-48,2.768011e-46,1.680464e-46
51.559146023011024,0.24876487993356455,0,51.559484,125.548349,0.0226781629,24.81863,1.318063e-43,1.353675e-43,8.355381e-26,0.1735011,0.9772673,2.285372e-48,5.187543e-47,3.941719e-47
26.811812440189765,0.06510989043043981,0,26.8119826,125.548349,2.19450344,18.78786,3.418749e-44,3.50772e-44,9.322408e-28,0.02235586,0.8235746,2.417557e-48,4.286672e-47,4.37792e-47
22.4500611129481,0.10350427968347913,0,22.4503841,125.548349,1.03460723,19.40972,1.237228e-43,1.269059e-43,2.106997e-27,0.05199891,0.9241495,2.888258e-48,4.893537e-47,5.036736e-47
13.864385373362813,0.0013696693560204059,0,13.8643923,125.548349,3445.19808,10.59162,5.69362e-47,5.83513e-47,3.173104e-31,0.003952929,0.002223263,9.396792e-48,1.425916e-46,1.482375e-46
22.619545355607666,0.011254887204588723,0,22.6195802,125.548349,64.6507388,15.14705,1.440895e-45,1.477985e-45,2.500649e-29,0.004511711,0.1257994,2.857353e-48,4.854045e-47,5.006492e-47
441.4856121463454,0.10318150389556707,0,441.485629,125.548349,0.189667785,23.88014,2.647274e-46,2.728111e-46,1.359111e-26,0.003944141,0.0,1.327537e-47,3.78267e-46,2.178986e-46
39.87433983152731,0.0005083084482924096,0,39.8743407,125.548349,4249.30566,12.76061,9.298667e-49,9.54643e-49,1.030582e-31,0.0039451,0.0002429663,2.16262e-48,4.43179e-47,3.863356e-47
186.77121509187057,0.7187210103277987,0,186.771485,125.548349,0.00118826891,28.16366,7.804487e-44,8.029347e-44,2.604409e-24,0.003944141,0.0,5.813663e-48,1.649841e-46,1.054061e-46
14.08890084928726,0.00023476857797406525,0,14.088902,125.548349,72402.9115,7.427666,1.620182e-48,1.6605e-48,9.35789e-33,0.003944399,0.0,8.871123e-48,1.351766e-46,1.405681e-46
13.746129197940906,0.0020021161084212064,0,13.7461394,125.548349,1754.20008,11.31398,1.237455e-46,1.268191e-46,6.766298e-31,0.003962928,0.004740562,9.69906e-48,1.467591e-46,1.524751e-46
15.129951409674897,0.0003390193804174308,0,15.129953,125.548349,38610.9488,8.150114,2.931288e-48,3.00463e-48,1.984561e-32,0.003944677,0.000135825,7.041749e-48,1.079083e-46,1.109261e-46
465.64889639696656,0.0021767234078291916,0,465.648897,125.548349,314.743869,16.35111,1.054101e-49,1.086391e-49,5.48083e-30,0.003944141,0.0,1.398212e-47,3.980803e-46,2.301014e-46
108.54670657718526,0.11731337560492724,0,108.546782,125.548349,0.0147660524,25.08336,6.383542e-45,6.562302e-45,1.941767e-25,0.003944141,0.0,3.673803e-48,9.906639e-47,6.819978e-47
18.078734613858725,0.0004845966781409063,0,18.0787365,125.548349,20237.8069,9.001971,4.194024e-48,4.300337e-48,4.249671e-32,0.003945221,0.0002737951,4.384541e-48,6.855795e-47,7.036618e-47
112.19908049602789,0.00019795640726290133,0,112.199081,125.548349,2702.88186,12.74245,1.698528e-50,1.746159e-50,5.129808e-31,0.003944141,0.0,3.770778e-48,1.021388e-46,6.986184e-47
121.69132031821239,0.1701924300713758,0,121.691418,125.548349,0.00907836344,25.71082,1.063105e-44,1.09302e-44,3.172238e-25,0.003944141,0.0,4.026222e-48,1.101653e-46,7.40429e-47
98.44282540589548,0.5371752894399837,0,98.4432077,125.548349,0.000649720008,28.14691,1.634866e-43,1.680455e-43,5.035777e-24,0.003944141,0.0,3.410622e-48,9.06442e-47,6.324629e-47
25.880503979301892,0.004379042439583266,0,25.8805158,125.548349,337.897366,13.57733,1.661262e-46,1.7044e-46,4.10587e-30,0.004028056,0.02083273,2.478157e-48,4.363481e-47,4.502778e-47
73.92575598739018,0.0007259607868120824,0,73.9257567,125.548349,672.118439,14.13188,5.371353e-49,5.519118e-49,1.761922e-30,0.003944141,0.0,2.811279e-48,7.069102e-47,4.835796e-47
551.7126059200443,0.3470573469222736,0,551.71265,125.548349,0.0296847524,25.98397,1.880918e-45,1.939108e-45,9.412582e-26,0.003944141,0.0,1.645481e-47,4.665353e-46,2.736208e-46
58.54245834127337,0.00016892706939780844,0,58.5424585,125.548349,4.14057052,19.82641,4.688071e-50,4.815567e-50,2.6555e-31,0.003944191,0.0,2.431409e-48,5.79589e-47,3.984148e-47
101.8522168054965,0.0024427663396346345,0,101.852218,125.548349,20.6173505,17.64771,3.153135e-48,3.241191e-48,9.715085e-29,0.003944141,0.0,3.498477e-48,9.347073e-47,6.510062e-47
725.2450914918519,0.16636884042782596,0,725.245108,125.548349,0.205284617,24.32099,2.443992e-46,2.520776e-46,1.252677e-26,0.003944141,0.0,2.135197e-47,6.239736e-46,3.613948e-46
29.214791816335143,0.084221777713269,0,29.2149938,125.548349,1.24869595,19.45511,4.806448e-44,4.932202e-44,1.684354e-27,0.03410055,0.8843379,2.307994e-48,4.168991e-47,4.088278e-47
282.49799747557097,0.1116097699560694,0,282.498025,125.548349,0.0660838949,24.54125,7.876247e-46,8.110206e-46,4.046222e-26,0.003944141,0.0,8.553539e-48,2.411919e-46,1.516822e-46
92.82878560479614,0.008380668596375504,0,92.8287919,125.548349,1.74489647,20.12601,4.487645e-47,4.612463e-47,1.266261e-27,0.003944141,0.0,3.268448e-48,8.603276e-47,5.992283e-47
375.6088587773672,0.06537317663221011,0,375.608871,125.548349,0.324478153,23.18858,1.489361e-46,1.534399e-46,7.736883e-27,0.003944141,0.0,1.13243e-47,3.219572e-46,1.884662e-46
52.4018994732391,0.0016463024138228277,0,52.4019017,125.548349,5.09105186,20.27309,5.584635e-48,5.735652e-48,4.2359e-30,0.003951309,0.001814066,2.301011e-48,5.264051e-47,3.948021e-47
121.53943965547457,0.2895775543928179,0,121.539607,125.548349,0.00327267063,26.74545,3.085575e-44,3.172393e-44,9.208232e-25,0.003944141,0.0,4.022104e-48,1.100366e-46,7.397731e-47
54.52201366730977,0.14182348918003787,0,54.5221959,125.548349,0.00958616912,26.61159,3.821769e-44,3.925329e-44,4.874992e-26,0.05182638,0.923897,2.343118e-48,5.455334e-47,3.96453e-47
539.8815435748284,0.586840506562295,0,539.88162,125.548349,0.0105917327,27.02844,5.626621e-45,5.800476e-45,2.748533e-25,0.003944141,0.0,1.611744e-47,4.56905e-46,2.676734e-46
675.5162166921747,0.11540567908451635,0,675.516229,125.548349,0.358611949,23.66524,1.36362e-46,1.406293e-46,6.996002e-27,0.003944141,0.0,1.995624e-47,5.791102e-46,3.36489e-46
183.5027460571272,0.08192019862244833,0,183.502777,125.548349,0.0569634718,24.27745,1.053253e-45,1.083541e-45,4.626732e-26,0.003944141,0.0,5.724693e-48,1.624958e-46,1.037073e-46
916.30587884613,0.0005727173724517614,0,916.305879,125.548349,14089.2529,13.06888,1.779763e-51,1.836391e-51,9.269927e-32,0.003944141,0.0,2.668998e-47,7.823701e-46,4.591732e-46
291.1463593422813,0.01892656604824053,0,291.146364,125.548349,2.02304062,21.05188,2.126454e-47,2.189741e-47,1.129663e-27,0.003944141,0.0,8.809084e-48,2.487746e-46,1.551212e-46
457.9814248635069,0.0002009533173457325,0,457.981425,125.548349,25074.8026,11.82575,9.300804e-52,9.585434e-52,4.840898e-32,0.003944141,0.0,1.375851e-47,3.918833e-46,2.262493e-46
615.8022901864264,0.4659186788331457,0,615.802343,125.548349,0.0210846249,26.47382,2.695552e-45,2.779469e-45,1.343813e-25,0.003944141,0.0,1.827317e-47,5.2275e-46,3.060151e-46
34.97933296879788,0.1556586662604036,0,34.9796447,125.548349,0.306520122,21.03024,1.138581e-43,1.168693e-43,7.304657e-27,0.1005826,0.960787,2.171731e-48,4.251401e-47,3.920949e-47
940.4936348320416,0.013770629452125442,0,940.493636,125.548349,38.8022749,19.17988,9.746312e-49,1.005685e-48,5.079304e-29,0.003944141,0.0,2.736499e-47,8.009946e-46,4.715997e-46
60.370955101747185,0.21448898281982798,0,60.371204,125.548349,3.31501432e-05,31.72468,7.097147e-44,7.290461e-44,1.361661e-24,0.06449914,0.9388497,2.474259e-48,5.947933e-47,4.034188e-47
29.733633767538503,0.00908024998588134,0,29.7336552,125.548349,78.2682377,15.22273,5.390858e-46,5.532053e-46,1.993763e-29,0.004292932,0.0812477,2.289881e-48,4.157099e-47,4.044368e-47
11.752408649501088,0.5999556156135076,-2,,,,,,,,,,,,
347.07060448481093,0.12941303944953667,0,347.070631,125.548349,0.0756407999,24.58459,6.884702e-46,7.091883e-46,3.533208e-26,0.003944141,0.0,1.047313e-47,2.972183e-46,1.775473e-46
795.6266581683676,0.015673136690321738,0,795.62666,125.548349,21.9750414,19.61122,1.78846e-48,1.844934e-48,9.265625e-29,0.003944141,0.0,2.332122e-47,6.846815e-46,3.97538e-46
98.72453290364967,0.2987568736783542,0,98.7247449,125.548349,0.00202154432,27.04391,5.027438e-44,5.167647e-44,1.549328e-24,0.003944141,0.0,3.417836e-48,9.087695e-47,6.340526e-47
22.94285515640151,0.002695037488817537,0,22.9428634,125.548349,879.526723,12.4819,8.02849e-47,8.235343e-47,1.444292e-30,0.003976615,0.008166177,2.802437e-48,4.783383e-47,4.950296e-47
439.4986749041208,0.04919964159992798,0,439.498683,125.548349,0.768627584,22.4893,6.075889e-47,6.261374e-47,3.145215e-27,0.003944141,0.0,1.321699e-47,3.76602e-46,2.168926e-46
47.18405412430395,0.0003363164222902844,0,47.1840546,125.548349,551.609869,15.33696,2.887489e-49,2.965139e-49,8.417977e-32,0.003944499,0.0,2.217029e-48,4.812758e-47,3.913279e-47
239.1601906595269,0.0001577161578225039,0,239.160191,125.548349,10741.3928,12.06447,2.229102e-51,2.294594e-51,1.184618e-31,0.003944141,0.0,7.28789e-48,2.042162e-46,1.327529e-46
27.33450349371041,0.12413251052820523,0,27.3348216,125.548349,0.640887625,20.09453,1.194937e-43,1.226073e-43,3.442132e-27,0.07057184,0.9441117,2.388922e-48,4.251287e-47,4.311861e-47
50.43431436167815,0.0007443513173500766,0,50.4343154,125.548349,43.4946703,18.01638,1.234502e-48,1.267818e-48,6.203114e-31,0.003945726,0.0004015877,2.265597e-48,5.086319e-47,3.934336e-47
58.67984696743146,0.0041751687005424105,0,58.679852,125.548349,0.0155478324,25.718,2.850111e-47,2.927631e-47,1.735186e-28,0.003973885,0.007484909,2.434579e-48,5.807308e-47,3.986924e-47
528.6383402778698,0.018757321609882888,0,528.638343,125.548349,6.98282807,20.39865,6.006458e-48,6.191824e-48,3.104236e-28,0.003944141,0.0,1.579627e-47,4.478894e-46,2.620545e-46
697.1941238464037,0.09282749417093787,0,697.194133,125.548349,0.577794689,23.18915,8.260459e-47,8.519415e-47,4.247243e-27,0.003944141,0.0,2.056522e-47,5.990049e-46,3.474784e-46
741.507304455909,0.011484417058497792,0,741.507306,125.548349,34.5069886,19.06564,1.112013e-48,1.146992e-48,5.752396e-29,0.003944141,0.0,2.180751e-47,6.382466e-46,3.694266e-46
151.2302674384403,0.0004955092023651758,0,151.230268,125.548349,594.947765,14.59404,5.773948e-50,5.937864e-50,2.644853e-30,0.003944141,0.0,4.838048e-48,1.355051e-46,8.678158e-47
199.2809346973911,0.0241481681359278,0,199.280943,125.548349,0.627349673,21.90118,7.671995e-47,7.894385e-47,3.785111e-27,0.003944141,0.0,6.157949e-48,1.741849e-46,1.119542e-46
54.5889873970575,0.0022116736970544813,0,54.5889902,125.548349,0.856421898,22.02562,9.270931e-48,9.522164e-48,1.204473e-29,0.003955742,0.002932588,2.344501e-48,5.461264e-47,3.964976e-47
133.33897384215607,0.89850386888553,0,133.339446,125.548349,0.000175886456,29.79072,2.457086e-43,2.526486e-43,1.912887e-23,0.003944141,0.0,4.344425e-48,1.200468e-46,7.908735e-47
648.1864867733766,0.01618448577785153,0,648.186489,125.548349,13.8490155,19.89939,2.922947e-48,3.014206e-48,1.508808e-28,0.003944141,0.0,1.918705e-47,5.533376e-46,3.225453e-46
101.06495145489833,0.0006391570248326061,0,101.064952,125.548349,251.340182,15.05383,2.193279e-49,2.254509e-49,6.7629e-30,0.003944141,0.0,3.478095e-48,9.281644e-47,6.468821e-47
11.891327255185454,0.006530053240245969,0,11.8913657,125.548349,214.790475,13.37457,1.754221e-45,1.797291e-45,6.939823e-30,0.004145252,0.04851599,1.791877e-47,2.472969e-46,2.46751e-46
16.02812138372857,0.001027357071972552,0,16.0281259,125.548349,5568.13054,10.24058,2.399054e-47,2.459339e-47,1.848322e-31,0.003949043,0.001241223,5.97329e-48,9.151234e-47,9.517216e-47
111.64693106571083,0.0006737147506841409,0,111.646931,125.548349,277.778249,15.07004,1.987345e-49,2.043064e-49,6.008121e-30,0.003944141,0.0,3.756064e-48,1.016736e-46,6.961113e-47
28.34625666033559,0.17181631318761215,0,28.3466813,125.548349,0.335697476,20.74824,2.126629e-43,2.182166e-43,6.808704e-27,0.1304606,0.9697676,2.341831e-48,4.198788e-47,4.186754e-47
21.14962785157813,0.0009918511742221046,0,21.1496311,125.548349,5489.46025,10.47143,1.281489e-47,1.314327e-47,1.882678e-31,0.00394859,0.001126744,3.17718e-48,5.253743e-47,5.257477e-47
49.56879377007004,0.0002205828236456744,0,49.5687941,125.548349,306.186959,15.94836,1.123147e-49,1.15343e-49,4.831015e-32,0.003944284,0.0,2.251338e-48,5.010009e-47,3.928947e-47
14.63969413815861,0.0010468600406196567,0,14.6396991,125.548349,5483.71909,10.16925,2.984729e-47,3.059223e-47,1.877573e-31,0.00394926,0.001296152,7.799328e-48,1.194369e-46,1.233247e-46
515.2483494389476,0.002959235220744864,0,515.24835,125.548349,216.698593,16.83475,1.577193e-49,1.625794e-49,8.170337e-30,0.003944141,0.0,1.541302e-47,4.37276e-46,2.553218e-46
73.3278786895569,0.16174085918215464,0,73.3280332,125.548349,0.0293169642,24.15891,2.71091e-44,2.785458e-44,9.068313e-26,0.003944141,0.0,2.796409e-48,7.020231e-47,4.799076e-47
10.17322675052258,0.2882192638101122,-2,,,,,,,,,,,,
26.58313595387575,0.0011309556509759822,0,26.5831389,125.548349,3842.59834,11.07848,1.04956e-47,1.07686e-47,2.793908e-31,0.003949707,0.001409122,2.431213e-48,4.303808e-47,4.407654e-47
114.78396598394265,0.016953290309750648,0,114.783976,125.548349,0.665540781,21.28457,1.189002e-46,1.222377e-46,3.575647e-27,0.003944141,0.0,3.839892e-48,1.043196e-46,7.102723e-47
77.57618404687409,0.45253688274550674,0,77.5765927,125.548349,0.00309434487,26.72643,1.89104e-43,1.943181e-43,7.068771e-25,0.003944141,0.0,2.90082e-48,7.366344e-47,5.058758e-47
144.82416970422474,0.17489352298670302,0,144.824254,125.548349,0.0105911125,25.72467,7.860023e-45,8.082773e-45,2.676445e-25,0.003944141,0.0,4.660994e-48,1.299164e-46,8.388851e-47
424.8513935787439,0.00030651959430643707,0,424.851394,125.548349,9971.71711,12.69721,2.531308e-51,2.608427e-51,1.322568e-31,0.003944141,0.0,1.278558e-47,3.64248e-46,2.09597e-46
165.41190111750367,0.0005949735642955194,0,165.411901,125.548349,500.661687,14.8785,6.928175e-50,7.125556e-50,3.20137e-30,0.003944141,0.0,5.229543e-48,1.477661e-46,9.407842e-47
470.77252577664785,0.01033982856843331,0,470.772527,125.548349,17.0868238,19.35573,2.324774e-48,2.396035e-48,1.206897e-28,0.003944141,0.0,1.413118e-47,4.021852e-46,2.32675e-46
27.402467721958388,0.0003354897228110504,0,27.4024686,125.548349,31935.0767,8.924536,8.684732e-49,8.911057e-49,2.519502e-32,0.003944627,0.000123306,2.385454e-48,4.247118e-47,4.30348e-47
158.10141161395563,0.03213926310714173,0,158.101426,125.548349,0.254642185,22.56574,2.217739e-46,2.280809e-46,9.731911e-27,0.003944141,0.0,5.027921e-48,1.414864e-46,9.023073e-47
331.0860148496998,0.0006174166824510365,0,331.086015,125.548349,1652.88421,14.3126,1.729407e-50,1.781298e-50,9.183951e-31,0.003944141,0.0,9.996298e-48,2.834032e-46,1.710964e-46
20.74130018767832,0.0001392704564242094,0,20.7413007,125.548349,161652.922,6.983087,2.627861e-49,2.695112e-49,3.68205e-33,0.003944229,0.0,3.288568e-48,5.393255e-47,5.316078e-47
25.069903964792395,0.00010891616242852526,0,25.0699043,125.548349,217403.874,7.038602,1.096078e-49,1.124482e-49,2.484948e-33,0.003944193,0.0,2.543688e-48,4.447957e-47,4.6202e-47
37.245355887355565,0.0029307827930180157,0,37.2453614,125.548349,442.787738,13.72383,3.552143e-47,3.646425e-47,2.917429e-30,0.003977352,0.008350025,2.159775e-48,4.344236e-47,3.893264e-47
27.225515608244457,0.015415303333563668,0,27.2255553,125.548349,31.9168279,16.05662,1.857823e-45,1.906218e-45,5.290729e-29,0.004972614,0.2068274,2.394632e-48,4.258234e-47,4.325473e-47
98.73435689856463,0.002937936208984358,0,98.734359,125.548349,13.6960551,18.03647,4.860814e-48,4.996377e-48,1.498001e-28,0.003944141,0.0,3.418083e-48,9.08849e-47,6.341067e-47
15.69788424454896,0.00014605411247254143,0,15.6978849,125.548349,156677.64,6.707241,5.054659e-49,5.181479e-49,3.716368e-33,0.00394424,0.0,6.327785e-48,9.692182e-47,1.002136e-46
106.2857668066095,0.015867055384863382,0,106.285777,125.548349,0.648488657,21.20932,1.219214e-46,1.253325e-46,3.726465e-27,0.003944141,0.0,3.614212e-48,9.717072e-47,6.719351e-47
381.9580914750386,0.799323977240613,0,381.958238,125.548349,0.00311044545,27.92805,2.149976e-44,2.215057e-44,9.777719e-25,0.003944141,0.0,1.151341e-47,3.274536e-46,1.908729e-46
993.3854194818467,0.0003810079640640677,0,993.38542,125.548349,34743.457,12.18897,6.658223e-52,6.870981e-52,3.479517e-32,0.003944141,0.0,2.884174e-47,8.406392e-46,4.986689e-46
89.41000273632974,0.00010468700643122649,0,89.4100028,125.548349,6298.46301,11.65989,7.561451e-51,7.771413e-51,1.908251e-31,0.003944141,0.0,3.183649e-48,8.324883e-47,5.782753e-47
39.19284603205893,0.0006214814303836188,0,39.1928471,125.548349,3950.14606,12.73007,1.439733e-48,1.478058e-48,1.473966e-31,0.00394559,0.0003672951,2.160622e-48,4.40948e-47,3.869485e-47
144.21391399016153,0.005235562231839749,0,144.213917,125.548349,6.5625106,19.17345,7.104937e-48,7.306254e-48,3.178901e-28,0.003944141,0.0,4.644134e-48,1.293853e-46,8.363226e-47
55.399278621054435,0.0011400968684030454,0,55.3992801,125.548349,1.37272449,21.43094,2.390472e-48,2.455301e-48,3.926306e-30,0.003947077,0.0007438794,2.361539e-48,5.532437e-47,3.968861e-47
17.139761650883635,0.059316387597246084,0,17.1400041,125.548349,3.28681017,18.01031,6.992848e-44,7.16943e-44,6.27051e-28,0.02020199,0.8047648,5.004087e-48,7.723709e-47,8.092227e-47
111.94305220201582,0.0011723289119236538,0,111.943053,125.548349,98.8308804,16.1467,5.985002e-49,6.152821e-49,1.808397e-29,0.003944141,0.0,3.763953e-48,1.01923e-46,6.974564e-47
396.5257379272424,0.28235055623516175,0,396.525788,125.548349,0.0227763444,25.9079,2.480852e-45,2.55612e-45,1.236406e-25,0.003944141,0.0,1.194668e-47,3.400286e-46,1.964251e-46
605.6958174974318,0.0003258845253222993,0,605.695818,125.548349,17903.9772,12.44991,1.365023e-51,1.407479e-51,7.054351e-32,0.003944141,0.0,1.798735e-47,5.133848e-46,3.009222e-46
904.1122953283331,0.0004184129666424407,0,904.112295,125.548349,24452.3798,12.48981,9.767894e-52,1.007847e-51,5.085074e-32,0.003944141,0.0,2.634972e-47,7.728618e-46,4.529225e-46
54.38125747762997,0.7542393762974949,0,54.3822291,125.548349,0.00154635501,27.39719,1.086597e-42,1.116037e-42,1.331849e-24,1.368809,0.9971186,2.340228e-48,5.44288e-47,3.963567e-47
29.46385545342426,0.03153826134383887,0,29.4639304,125.548349,7.80865444,17.57562,6.624784e-45,6.798202e-45,2.382409e-28,0.008162819,0.5168163,2.299135e-48,4.162763e-47,4.065512e-47
500.1876864578581,0.1992258497866074,0,500.187714,125.548349,0.0699349754,25.05019,7.605078e-46,7.839025e-46,3.853643e-26,0.003944141,0.0,1.49809e-47,4.254248e-46,2.476234e-46
265.1392574356362,0.029332139588939238,0,265.139265,125.548349,0.729075553,21.99604,6.212246e-47,6.39602e-47,3.28379e-27,0.003944141,0.0,8.043176e-48,2.260752e-46,1.447213e-46
25.228163739523467,0.9666124164209329,-2,,,,,,,,,,,,
183.44381695664526,0.8811711165503127,0,183.444153,125.548349,0.000724722044,28.67285,1.219469e-43,1.254536e-43,4.381689e-24,0.003944141,0.0,5.723101e-48,1.624507e-46,1.036768e-46
435.89748732178674,0.00039694478827483087,0,435.897487,125.548349,6525.00438,13.15292,4.023538e-51,4.146308e-51,2.099257e-31,0.003944141,0.0,1.31111e-47,3.735774e-46,2.150768e-46
734.0755044676162,0.007335950930980649,0,734.075505,125.548349,78.867982,18.23954,4.633599e-49,4.779271e-49,2.397006e-29,0.003944141,0.0,2.159938e-47,6.317422e-46,3.657382e-46
21.107146640931624,0.007542271441905218,0,21.1071717,125.548349,139.627659,14.30867,7.440212e-46,7.630844e-46,1.087721e-29,0.004201471,0.06124753,3.188247e-48,5.267554e-47,5.262657e-47
31.866205694915163,0.00019641099696195532,0,31.8662061,125.548349,59461.4681,9.079222,2.19123e-49,2.248862e-49,1.011771e-32,0.003944301,0.0,2.225134e-48,4.148881e-47,3.954315e-47
16.658716872540094,0.10471268510551406,0,16.6591572,125.548349,1.14389863,19.04093,2.307016e-43,2.365152e-43,1.939259e-27,0.05472242,0.9279246,5.387996e-48,8.277915e-47,8.646862e-47
74.55277864262571,0.0002163072349138722,0,74.5527788,125.548349,5419.69386,12.08203,4.686942e-50,4.815931e-50,1.523523e-31,0.003944141,0.0,2.826824e-48,7.120297e-47,4.874268e-47
411.2011499246529,0.00043147985330659093,0,411.20115,125.548349,4977.80673,13.41587,5.369988e-51,5.53327e-51,2.811012e-31,0.003944141,0.0,1.238199e-47,3.526232e-46,2.029011e-46
440.58568993160696,0.0005579146371213084,0,440.58569,125.548349,3555.2952,13.83138,7.772866e-51,8.010191e-51,4.053083e-31,0.003944141,0.0,1.324893e-47,3.775132e-46,2.174427e-46
356.2034944271935,0.043141577482078974,0,356.203503,125.548349,0.640835715,22.44738,7.246715e-47,7.46514e-47,3.791851e-27,0.003944141,0.0,1.074563e-47,3.051334e-46,1.811674e-46
30.72156116485831,0.30178095304253844,0,30.7222494,125.548349,0.105900423,22.0445,5.57186e-43,5.718087e-43,2.28368e-26,0.3854182,0.9897666,2.258376e-48,4.145293e-47,3.989586e-47
38.829591471941036,0.0906272438090739,0,38.829755,125.548349,0.683713115,20.32895,3.120188e-44,3.203202e-44,3.063719e-27,0.034942,0.8871232,2.159875e-48,4.397695e-47,3.873931e-47
160.87934436434108,0.09006120738602061,0,160.879384,125.548349,0.039583222,24.51629,1.680419e-45,1.728241e-45,6.805256e-26,0.003944141,0.0,5.104602e-48,1.438866e-46,9.167044e-47
190.6403856145493,0.37560975320240586,0,190.640524,125.548349,0.00396763672,27.0013,2.039881e-44,2.098775e-44,7.407005e-25,0.003944141,0.0,5.919522e-48,1.678743e-46,1.074212e-46
73.24839557281193,0.00023341828327864156,0,73.2483958,125.548349,5147.96384,12.05304,5.658633e-50,5.814232e-50,1.899365e-31,0.003944141,0.0,2.794424e-48,7.013714e-47,4.794181e-47
594.1072025632858,0.10332655920440925,0,594.107215,125.548349,0.343463758,23.5698,1.428668e-46,1.473055e-46,7.320514e-27,0.003944141,0.0,1.765922e-47,5.028433e-46,2.950956e-46
18.442169995190913,0.11297092230629628,0,18.4425991,125.548349,0.957892721,19.32495,2.189932e-43,2.245522e-43,2.323699e-27,0.06254036,0.9369345,4.185356e-48,6.580882e-47,6.697489e-47
92.54194717374246,0.5265295238342592,0,92.5423458,125.548349,0.000634561994,28.16298,1.782601e-43,1.832175e-43,4.982358e-24,0.003944141,0.0,3.261288e-48,8.579892e-47,5.974605e-47
52.03148876900914,0.00981816652687739,0,52.031502,125.548349,0.557125877,22.62546,2.015263e-46,2.069738e-46,1.410359e-28,0.004203174,0.06162799,2.294052e-48,5.23038e-47,3.945145e-47
122.45391819216985,0.0118033565552965,0,122.453925,125.548349,1.43863262,20.63546,5.048363e-47,5.190454e-47,1.505563e-27,0.003944141,0.0,4.046918e-48,1.108117e-46,7.437276e-47
820.6690677201635,0.14310283077069588,0,820.66908,125.548349,0.348120596,23.85423,1.397774e-46,1.441986e-46,7.207253e-27,0.003944141,0.0,2.402077e-47,7.056145e-46,4.103791e-46
52.97026137610838,0.0011055575366870488,0,52.9702628,125.548349,6.42320022,19.979,2.463564e-48,2.53022e-48,2.125518e-30,0.003947291,0.0007981234,2.311931e-48,5.315694e-47,3.952603e-47
37.840094341771284,0.01834808736534173,0,37.8401283,125.548349,14.5179494,17.17873,1.347999e-45,1.38381e-45,1.183125e-28,0.005234364,0.2464908,2.159149e-48,4.364991e-47,3.88655e-47
275.4369739515986,0.0005114086662659939,0,275.436974,125.548349,1615.77319,14.15949,1.743643e-50,1.795352e-50,9.333753e-31,0.003944141,0.0,8.345486e-48,2.350169e-46,1.488523e-46
469.19371365934524,0.3818622172883032,0,469.193771,125.548349,0.018033846,26.35786,3.193104e-45,3.290962e-45,1.579376e-25,0.003944141,0.0,1.408528e-47,4.009231e-46,2.318818e-46
735.7250967758739,0.000682070591708758,0,735.725097,125.548349,6699.20642,13.65178,3.986881e-51,4.112237e-51,2.063302e-31,0.003944141,0.0,2.164558e-47,6.331886e-46,3.665534e-46
77.949131958118,0.001514710809100523,0,77.9491333,125.548349,111.427445,16.10214,2.097934e-48,2.155793e-48,8.198342e-30,0.003944141,0.0,2.909806e-48,7.39658e-47,5.081434e-47
288.5172798189929,0.007627303394089043,0,288.517282,125.548349,11.1240513,19.31901,3.519631e-48,3.624321e-48,1.877648e-28,0.003944141,0.0,8.731321e-48,2.464687e-46,1.540755e-46
72.67609326463867,0.02399821611936766,0,72.6761164,125.548349,1.07549469,20.46098,6.078178e-46,6.245251e-46,2.102932e-27,0.003944141,0.0,2.78014e-48,6.966847e-47,4.758984e-47
36.10484700983055,0.006787675340124477,0,36.1048602,125.548349,101.228298,15.13736,2.029878e-46,2.083659e-46,1.470694e-29,0.004125174,0.04388486,2.163674e-48,4.299637e-47,3.906783e-47
201.26714876199483,0.01963453332787825,0,201.267156,125.548349,0.942095071,21.47047,4.966507e-47,5.110593e-47,2.472845e-27,0.003944141,0.0,6.21313e-48,1.756194e-46,1.129965e-46
779.783991292295,0.0035706394398617807,0,779.783992,125.548349,343.471625,16.76241,9.679469e-50,9.984783e-50,5.014983e-30,0.003944141,0.0,2.287842e-47,6.712579e-46,3.892481e-46
257.1917057999927,0.8769294898455359,0,257.191945,125.548349,0.00131107855,28.39259,5.917859e-44,6.092576e-44,2.375743e-24,0.003944141,0.0,7.8109e-48,2.192575e-46,1.413277e-46
533.5848528117391,0.003381561841950906,0,533.584853,125.548349,180.84895,17.05654,1.914574e-49,1.973692e-49,9.908841e-30,0.003944141,0.0,1.593764e-47,4.518418e-46,2.645264e-46
19.6210941597797,0.00015105496976727678,0,19.6210947,125.548349,143376.173,7.042942,3.456994e-49,3.545127e-49,4.241157e-33,0.003944245,0.0,3.659537e-48,5.870207e-47,5.772271e-47
528.8816174154149,0.03449976822990576,0,528.881622,125.548349,2.19641661,21.5708,2.029982e-47,2.092631e-47,1.047371e-27,0.003944141,0.0,1.580323e-47,4.480833e-46,2.621762e-46
406.0838910641646,0.004864288352208636,0,406.083892,125.548349,52.5671351,18.07572,7.005703e-49,7.218561e-49,3.667138e-29,0.003944141,0.0,1.223035e-47,3.482416e-46,2.005133e-46
37.18806220551114,0.0017482429946476545,0,37.1880655,125.548349,1106.86431,13.0197,1.26791e-47,1.301561e-47,1.034755e-30,0.003955968,0.002989701,2.159883e-48,4.342169e-47,3.893923e-47
28.589826033473845,0.04125223267450739,0,28.5899271,125.548349,4.87146006,18.02677,1.204842e-44,1.236323e-44,3.956433e-28,0.01122114,0.6485081,2.331834e-48,4.189116e-47,4.157128e-47
349.3742736857384,0.5641042357660582,0,349.374387,125.548349,0.00495255098,27.3773,1.290154e-44,1.328994e-44,6.023516e-25,0.003944141,0.0,1.054187e-47,2.99214e-46,1.784736e-46
73.32480307968599,0.6517217307658921,0,73.3254258,125.548349,0.00204394859,26.83331,4.401814e-43,4.522859e-43,1.472619e-24,0.003944141,0.0,2.796344e-48,7.020017e-47,4.798916e-47
35.21202137240275,0.6477047792814181,0,35.21331,125.548349,0.0202614712,23.80925,1.944853e-42,1.996308e-42,1.279455e-25,1.672123,0.9976412,2.169666e-48,4.261485e-47,3.9179e-47
48.583558888888156,0.05578980556789921,0,48.5836393,125.548349,0.486607339,22.11046,7.485316e-45,7.686925e-45,2.724428e-27,0.01341144,0.7059123,2.236223e-48,4.925739e-47,3.922684e-47
970.5274158546613,0.0031498185044166464,0,970.527416,125.548349,662.257615,16.29135,4.776349e-50,4.928786e-50,2.493348e-30,0.003944141,0.0,2.820339e-47,8.236868e-46,4.869769e-46
11.766580306963258,0.0443339657622551,0,11.7668443,125.548349,6.32914447,17.01529,8.255591e-44,8.458108e-44,3.189453e-28,0.01321765,0.7016003,1.885261e-47,2.579123e-46,2.5594e-46
11.79905726377759,0.14023520569180317,0,11.7998899,125.548349,0.736208583,19.23897,8.214583e-43,8.41614e-43,3.19373e-27,0.09672115,0.9592215,1.859718e-47,2.550199e-46,2.534575e-46
12.296473745285468,0.00028229917082393666,0,12.2964754,125.548349,54036.7536,7.618553,3.068472e-48,3.144014e-48,1.308706e-32,0.003944516,0.0,1.534815e-47,2.174243e-46,2.199177e-46
545.6192276970439,0.011771738092854074,0,545.619229,125.548349,17.984914,19.45807,2.214678e-48,2.28315e-48,1.144706e-28,0.003944141,0.0,1.628113e-47,4.615546e-46,2.705494e-46
816.7031864569866,0.00021521888815799096,0,816.703186,125.548349,67807.155,11.33386,3.193611e-52,3.294599e-52,1.656957e-32,0.003944141,0.0,2.391001e-47,7.023227e-46,4.083565e-46
14.70591566144609,0.007040963982838906,0,14.7059492,125.548349,177.397248,13.72232,1.338089e-45,1.371497e-45,8.502505e-30,0.004175638,0.05543989,7.687587e-48,1.177535e-46,1.214698e-46
42.69499189360727,0.04169243458082623,0,42.6950603,125.548349,2.21986487,19.26856,5.441884e-45,5.587435e-45,8.509021e-28,0.01006492,0.6081298,2.176884e-48,4.538219e-47,3.881088e-47
274.88943542027437,0.07771378063025884,0,274.889455,125.548349,0.123825386,23.83368,4.043209e-46,4.163098e-46,2.099846e-26,0.003944141,0.0,8.329378e-48,2.345393e-46,1.486332e-46
21.68075916474852,0.004974177972380284,0,21.6807752,125.548349,296.026746,13.55706,3.065802e-46,3.144496e-46,4.786764e-30,0.004055673,0.02750015,3.048022e-48,5.093035e-47,5.17819e-47
14.12610052943311,0.011452868269495738,0,14.1261573,125.548349,73.4545416,14.63439,3.835578e-45,3.931046e-45,2.228417e-29,0.004558019,0.1346809,8.789468e-48,1.34006e-46,1.393276e-46
552.5898366375102,0.004013778785179669,0,552.589837,125.548349,140.479964,17.33691,2.507465e-49,2.585046e-49,1.296742e-29,0.003944141,0.0,1.64798e-47,4.672562e-46,2.740642e-46
545.4643348410126,0.17824554911686855,0,545.464358,125.548349,0.102650625,24.74372,5.080704e-46,5.237784e-46,2.58319e-26,0.003944141,0.0,1.627671e-47,4.614286e-46,2.704716e-46
46.50127698307657,0.006406956855277842,0,46.5012866,125.548349,19.1089457,18.73493,1.079574e-46,1.108583e-46,2.840302e-29,0.004076592,0.03249053,2.208742e-48,4.761372e-47,3.908585e-47
43.398994297111194,0.010106095309494512,0,43.3990106,125.548349,25.8395681,17.59002,3.09252e-46,3.175308e-46,5.294334e-29,0.00429859,0.08245703,2.181419e-48,4.571069e-47,3.886394e-47
386.0891899929839,0.007308662834191534,0,386.089191,125.548349,21.9755074,18.91261,1.757527e-48,1.810764e-48,9.224246e-29,0.003944141,0.0,1.163637e-47,3.310253e-46,1.924176e-46
43.36432423227214,0.026224914473018612,0,43.3643666,125.548349,4.93858077,18.66938,2.085842e-45,2.141679e-45,3.554844e-28,0.006332679,0.3771765,2.181191e-48,4.569374e-47,3.886137e-47
299.8207672435634,0.00026694939526189726,0,299.820767,125.548349,6371.13508,12.82762,3.978279e-51,4.096902e-51,2.124828e-31,0.003944141,0.0,9.066084e-48,2.563738e-46,1.585969e-46
54.787496612091914,0.0001103036335754074,0,54.7874968,125.548349,67.5935583,17.30002,2.288962e-50,2.351002e-50,3.14303e-32,0.00394417,0.0,2.348633e-48,5.478836e-47,3.966253e-47
39.35850799062903,0.005581379695007215,0,39.3585179,125.548349,119.624752,15.08235,1.151265e-46,1.181918e-46,1.201451e-29,0.004060708,0.02870607,2.16104e-48,4.414865e-47,3.867668e-47
59.49124101308465,0.02260916547720926,0,59.4912676,125.548349,0.000457422492,29.2871,8.126155e-46,8.347333e-46,7.991562e-27,0.004727764,0.1657491,2.453472e-48,5.874758e-47,4.006653e-47
83.49158114943732,0.17403698423281638,0,83.4917272,125.548349,0.00596175172,25.80936,2.404219e-44,2.470774e-44,4.38603e-25,0.003944141,0.0,3.040637e-48,7.845384e-47,5.422271e-47
238.0961930377883,0.00040201431305459523,0,238.096193,125.548349,1899.80031,13.85739,1.461909e-50,1.504848e-50,7.763464e-31,0.003944141,0.0,7.257226e-48,2.033527e-46,1.321997e-46
531.2503540893816,0.03127341194143707,0,531.250358,125.548349,2.67108349,21.36267,1.652575e-47,1.703589e-47,8.528701e-28,0.003944141,0.0,1.587094e-47,4.499739e-46,2.633602e-46
60.457022133880045,0.012385990652261316,0,60.4570365,125.548349,0.000469547203,28.93252,2.35979e-46,2.424071e-46,4.891135e-27,0.004142501,0.04788417,2.476302e-48,5.955072e-47,4.0372e-47
265.2287856347387,0.0001675272725873272,0,265.228786,125.548349,11739.8854,12.077,2.025001e-51,2.084907e-51,1.083873e-31,0.003944141,0.0,8.045798e-48,2.261524e-46,1.44758e-46
323.2829796029766,0.00022505877081926872,0,323.28298,125.548349,10149.3092,12.44555,2.415414e-51,2.48778e-51,1.284793e-31,0.003944141,0.0,9.763728e-48,2.766891e-46,1.679946e-46
14.326800719668773,0.1804671181023332,0,14.3276832,125.548349,0.430767869,19.96532,9.258828e-43,9.489532e-43,5.551519e-27,0.15625,0.9747575,8.372444e-48,1.279515e-46,1.327391e-46
18.89401020778258,0.07305846118522355,0,18.8942811,125.548349,2.15144509,18.50103,8.724274e-44,8.94611e-44,9.793818e-28,0.02839295,0.8610873,3.964135e-48,6.278693e-47,6.31033e-47
316.7086791067433,0.00042783885841554345,0,316.708679,125.548349,2981.19123,13.69184,9.112137e-51,9.384784e-51,4.852639e-31,0.003944141,0.0,9.56795e-48,2.710449e-46,1.653811e-46
257.8088815408975,0.022243570868066415,0,257.808888,125.548349,1.16559972,21.50463,3.788482e-47,3.900349e-47,2.005647e-27,0.003944141,0.0,7.828896e-48,2.197834e-46,1.415995e-46
23.471182156858966,0.37526903931162736,0,23.4723023,125.548349,0.0885992719,21.9938,1.486527e-42,1.524885e-42,2.834867e-26,0.6313081,0.9937524,2.722953e-48,4.680642e-47,4.863591e-47
450.2604965025615,0.012382681693786311,0,450.260498,125.548349,11.0936878,19.76101,3.659122e-48,3.770989e-48,1.902661e-28,0.003944141,0.0,1.353271e-47,3.855638e-46,2.223525e-46
77.7976201391145,0.0010500166675405176,0,77.7976211,125.548349,221.50534,15.39831,1.012174e-48,1.040086e-48,3.880737e-30,0.003944141,0.0,2.906155e-48,7.384285e-47,5.07221e-47
16.577632972369855,0.0007992754051049818,0,16.5776364,125.548349,8608.42353,9.806041,1.357403e-47,1.391597e-47,1.128423e-31,0.003947101,0.0007498159,5.457869e-48,8.380703e-47,8.750926e-47
122.12772970283763,0.0002532062107723092,0,122.12773,125.548349,1871.87028,13.28691,2.335936e-50,2.401676e-50,6.968022e-31,0.003944141,0.0,4.038061e-48,1.105352e-46,7.423155e-47
177.48703473732792,0.0059927356460378655,0,177.487037,125.548349,7.36689917,19.25019,6.059922e-48,6.233489e-48,2.820672e-28,0.003944141,0.0,5.560819e-48,1.577722e-46,1.005437e-46
399.7627665443256,0.025410692319290037,0,399.762771,125.548349,2.22298522,21.28923,1.975513e-47,2.035479e-47,1.03116e-27,0.003944141,0.0,1.20428e-47,3.428139e-46,1.977495e-46
46.289986833085365,0.0510418404503131,0,46.2900641,125.548349,0.980410096,20.81363,6.915726e-45,7.101513e-45,1.763805e-27,0.01239661,0.681837,2.206333e-48,4.746061e-47,3.907119e-47
47.925207089233616,0.013119623615860988,0,47.9252263,125.548349,4.01249234,20.38375,4.256426e-46,4.370985e-46,1.392753e-28,0.004478115,0.1192408,2.226841e-48,4.871449e-47,3.918296e-47
16.63964232220475,0.32902080148602797,-2,,,,,,,,,,,,
145.84189053989928,0.0020252313521567566,0,145.841892,125.548349,40.0094703,17.32022,1.038954e-48,1.068405e-48,4.69781e-29,0.003944141,0.0,4.689111e-48,1.308027e-46,8.432069e-47
13.909037810055816,0.009982570656559955,0,13.9090881,125.548349,94.8885294,14.337,3.005127e-45,3.079835e-45,1.686816e-29,0.004410898,0.1058191,9.287304e-48,1.410646e-46,1.466769e-46
175.1220748001333,0.0004995842158495242,0,175.122075,125.548349,764.180484,14.50627,4.337233e-50,4.461237e-50,2.016045e-30,0.003944141,0.0,5.496161e-48,1.558587e-46,9.927819e-47
319.4698385750782,0.008364848430579976,0,319.46984,125.548349,11.5159792,19.38109,3.420518e-48,3.52292e-48,1.816463e-28,0.003944141,0.0,9.650153e-48,2.734177e-46,1.6648e-46
19.217921523497356,0.009647397685852358,0,19.2179567,125.548349,92.1502716,14.63441,1.470216e-45,1.507644e-45,1.717499e-29,0.004369728,0.09739438,3.821286e-48,6.085684e-47,6.047944e-47
154.93644672235237,0.0016697954563339923,0,154.936447,125.548349,64.1176829,16.89937,6.239587e-49,6.416892e-49,2.864304e-29,0.003944141,0.0,4.940487e-48,1.38737e-46,8.862004e-47
434.62124394594986,0.1649037314023878,0,434.621271,125.548349,0.0754786065,24.83244,6.986636e-46,7.199781e-46,3.55444e-26,0.003944141,0.0,1.307354e-47,3.725034e-46,2.144363e-46
24.39152099893856,0.01050248315099987,0,24.3915512,125.548349,70.3803897,15.1245,1.077315e-45,1.105183e-45,2.270626e-29,0.004432322,0.1101412,2.610352e-48,4.53447e-47,4.722383e-47
671.1658358028967,0.023902044446855637,0,671.165838,125.548349,7.08252749,20.593,5.928667e-48,6.114131e-48,3.059659e-28,0.003944141,0.0,1.983391e-47,5.750441e-46,3.342742e-46
878.6747830444347,0.6441134382746796,0,878.674834,125.548349,0.0226148034,26.72015,2.456484e-45,2.534469e-45,1.246284e-25,0.003944141,0.0,2.563991e-47,7.527664e-46,4.399366e-46
265.0263847445511,0.32197313698295854,0,265.02647,125.548349,0.00823429901,26.59625,7.49182e-45,7.713441e-45,3.527461e-25,0.003944141,0.0,8.039873e-48,2.259778e-46,1.44675e-46
554.7170772322517,0.03800952368488233,0,554.717082,125.548349,2.01010018,21.72055,2.230653e-47,2.299685e-47,1.149735e-27,0.003944141,0.0,1.654039e-47,4.690089e-46,2.751405e-46
34.95951726341483,0.00010500607131474517,0,34.9595175,125.548349,73538.1143,9.612927,5.187463e-50,5.324648e-50,3.32088e-33,0.003944185,0.0,2.171919e-48,4.250535e-47,3.921214e-47
213.7650861056825,0.03777194049716168,0,213.765098,125.548349,0.30221366,22.7173,1.618475e-46,1.665652e-46,8.169274e-27,0.003944141,0.0,6.563257e-48,1.846595e-46,1.195394e-46
711.6861413734607,0.0016584116863428305,0,711.686142,125.548349,1207.44749,15.36666,2.52591e-50,2.605185e-50,1.306403e-30,0.003944141,0.0,2.097184e-47,6.119604e-46,3.547256e-46
12.287344690766336,0.0009728756036139442,0,12.2873502,125.548349,6450.46768,9.838399,3.649683e-47,3.739529e-47,1.554007e-31,0.003948599,0.001129084,1.539931e-47,2.180293e-46,2.204748e-46
438.1764905136618,0.026365453096953345,0,438.176495,125.548349,2.50135419,21.24927,1.755856e-47,1.809449e-47,9.122112e-28,0.003944141,0.0,1.317813e-47,3.754925e-46,2.162247e-46
29.774627310468517,0.0005063870279527755,0,29.7746285,125.548349,14483.4006,9.846093,1.671911e-48,1.715705e-48,6.209802e-32,0.003945225,0.0002748461,2.288504e-48,4.156335e-47,4.041431e-47
400.1531351249925,0.08785536761247607,0,400.153151,125.548349,0.21070573,23.69505,2.356665e-46,2.428205e-46,1.216128e-26,0.003944141,0.0,1.205439e-47,3.431496e-46,1.979131e-46
192.68108380281325,0.1274683817311503,0,192.68113,125.548349,0.0269580473,25.05335,2.296456e-45,2.362824e-45,1.011154e-25,0.003944141,0.0,5.975585e-48,1.693794e-46,1.084899e-46
400.9490676682059,0.00035590279433363273,0,400.949068,125.548349,6748.42124,13.07118,3.851423e-51,3.968352e-51,2.01925e-31,0.003944141,0.0,1.207802e-47,3.438337e-46,1.982496e-46
63.38550584927079,0.0004053828900230656,0,63.3855063,125.548349,86.684231,14.7665,2.294658e-49,2.357313e-49,8.153286e-29,0.003944141,0.0,2.547339e-48,6.198628e-47,4.17548e-47
79.51189334160928,0.5025049123481052,0,79.5123361,125.548349,0.00161042689,27.41496,2.216943e-43,2.278141e-43,1.174805e-24,0.003944141,0.0,2.947145e-48,7.523315e-47,5.176827e-47
705.658618868759,0.00013248956803312166,0,705.658619,125.548349,123488.992,10.54742,1.640942e-52,1.692419e-52,8.486683e-33,0.003944141,0.0,2.080276e-47,6.065873e-46,3.517303e-46
13.882491020230994,0.1557667683458762,0,13.8832771,125.548349,0.573641363,19.64264,7.343978e-43,7.526526e-43,4.105273e-27,0.1176015,0.9664618,9.350223e-48,1.419432e-46,1.475757e-46
20.530591109586616,0.09719874030851519,0,20.5309228,125.548349,1.21674251,19.17162,1.306546e-43,1.339959e-43,1.786164e-27,0.04682787,0.9157736,3.350504e-48,5.471428e-47,5.362759e-47
882.3986216076017,0.06503566250089983,0,882.398627,125.548349,1.80107868,22.28314,2.482385e-47,2.561211e-47,1.287949e-27,0.003944141,0.0,2.574382e-47,7.557302e-46,4.41835e-46
670.6603223700761,0.00013652417444325046,0,670.660322,125.548349,106124.127,10.65421,1.937261e-52,1.997861e-52,1.00135e-32,0.003944141,0.0,1.981969e-47,5.745704e-46,3.340167e-46
19.666909011942632,0.5852124201070107,-2,,,,,,,,,,,,
884.9493895756432,0.0006635499199738152,0,884.94939,125.548349,10048.3128,13.38812,2.568643e-51,2.65022e-51,1.336152e-31,0.003944141,0.0,2.5815e-47,7.57756e-46,4.431357e-46
33.95555732045597,0.309906857449454,0,33.9561967,125.548349,0.0874744342,22.31893,4.794247e-43,4.920818e-43,2.757749e-26,0.3919447,0.989937,2.183548e-48,4.208863e-47,3.934574e-47
608.434360888097,0.010068355113923542,0,608.434362,125.548349,30.0179304,19.03931,1.290757e-48,1.330913e-48,6.665174e-29,0.003944141,0.0,1.806483e-47,5.159086e-46,3.023001e-46
728.3782261856012,0.0002917690975930425,0,728.378226,125.548349,31288.5626,12.02756,7.449615e-52,7.683718e-52,3.854725e-32,0.003944141,0.0,2.143976e-47,6.267349e-46,3.629332e-46
382.5492692438696,0.00010632252458561672,0,382.549269,125.548349,55752.593,10.83341,3.791712e-52,3.906501e-52,1.994105e-32,0.003944141,0.0,1.153101e-47,3.279649e-46,1.910943e-46
59.388445391549745,0.045625285170737453,0,59.3884992,125.548349,0.000209781323,30.11515,3.320954e-45,3.411336e-45,3.055554e-26,0.007183506,0.4509448,2.451064e-48,5.866214e-47,4.003846e-47
520.0218927121973,0.8103620816817363,0,520.022002,125.548349,0.00540890509,27.66125,1.160184e-44,1.195954e-44,5.523712e-25,0.003944141,0.0,1.554975e-47,4.410478e-46,2.57733e-46
644.9862482766969,0.002007167930368223,0,644.986248,125.548349,698.158835,15.84851,4.542253e-50,4.684031e-50,2.347003e-30,0.003944141,0.0,1.909686e-47,5.502994e-46,3.209047e-46
11.155565417156875,0.0005004223253395365,0,11.1555686,125.548349,20818.6423,8.551581,1.168443e-47,1.196979e-47,4.000188e-32,0.003945325,0.0003000269,2.484153e-47,3.228464e-46,3.074875e-46
10.457389156026808,0.00011114933096516545,0,10.4573899,125.548349,248729.686,5.888234,6.544789e-49,6.703757e-49,1.931289e-33,0.0039442,0.0,3.637427e-47,4.335539e-46,3.831874e-46
45.0806036281971,0.0008652918451832675,0,45.080605,125.548349,422.713218,15.58611,2.097879e-48,2.154157e-48,4.50292e-31,0.003946644,0.0006341347,2.194052e-48,4.664532e-47,3.898598e-47
41.221487604722626,0.011419866095509526,0,41.221507,125.548349,27.5074402,16.87718,4.385988e-46,4.50307e-46,5.709695e-29,0.004416571,0.1069675,2.168447e-48,4.478665e-47,3.866249e-47
49.52617697438677,0.19128134554554638,0,49.5264476,125.548349,0.0562708896,23.54171,8.460514e-44,8.688622e-44,3.612357e-26,0.1119292,0.9647622,2.250663e-48,5.006323e-47,3.928684e-47
24.041227805499936,0.7612906030053115,-2,,,,,,,,,,,,
830.0460913806995,0.00021037132471301277,0,830.046091,125.548349,72892.9602,11.27505,2.950119e-52,3.043489e-52,1.531362e-32,0.003944141,0.0,2.42826e-47,7.13363e-46,4.151538e-46
404.8193529775921,0.0050318499511804934,0,404.819354,125.548349,49.0151607,18.15124,7.545674e-49,7.774894e-49,3.950406e-29,0.003944141,0.0,1.219285e-47,3.471571e-46,1.999419e-46
84.11038305115679,0.0048657931446490985,0,84.1103871,125.548349,5.26675753,18.91828,1.851131e-47,1.902392e-47,3.594745e-28,0.003944141,0.0,3.055337e-48,7.895436e-47,5.460385e-47
33.7717169889745,0.000988723952371533,0,33.771719,125.548349,3780.70827,11.36231,4.934247e-48,5.064472e-48,2.783335e-31,0.003948099,0.001002543,2.186205e-48,4.201733e-47,3.936994e-47
854.9863890938047,0.07417497284951491,0,854.986395,125.548349,1.31922747,22.57539,3.448359e-47,3.557673e-47,1.786241e-27,0.003944141,0.0,2.497882e-47,7.337347e-46,4.278625e-46
347.83205129714884,0.0001580273295045952,0,347.832051,125.548349,22453.5692,11.65694,1.021889e-51,1.052645e-51,5.409336e-32,0.003944141,0.0,1.049585e-47,2.978778e-46,1.778541e-46
16.518518888215265,0.10552069666402632,0,16.5189664,125.548349,1.13055742,19.04859,2.382717e-43,2.442724e-43,1.964957e-27,0.05554183,0.9289879,5.509114e-48,8.456394e-47,8.8276e-47
779.5815191056945,0.005122468554947834,0,779.58152,125.548349,174.291171,17.44241,1.99321e-49,2.05608e-49,1.032607e-29,0.003944141,0.0,2.287276e-47,6.710854e-46,3.891414e-46
223.43001014186007,0.04077516798564334,0,223.430023,125.548349,0.282422655,22.81322,1.71858e-46,1.768836e-46,8.791668e-27,0.003944141,0.0,6.837142e-48,1.918338e-46,1.245572e-46
13.334954068672108,0.0001310123120535482,0,13.3349548,125.548349,188917.876,6.391394,5.628189e-49,5.767649e-49,2.876399e-33,0.003944222,0.0,1.091196e-47,1.628036e-46,1.684327e-46
473.0127805709343,0.00020896416738820411,0,473.012781,125.548349,24885.1512,11.84519,9.401425e-52,9.689685e-52,4.886344e-32,0.003944141,0.0,1.419626e-47,4.039723e-46,2.338013e-46
878.6329254912778,0.001373936968298895,0,878.632926,125.548349,2573.54907,14.78799,1.117805e-50,1.153291e-50,5.812939e-31,0.003944141,0.0,2.563874e-47,7.52733e-46,4.399152e-46
473.691164928478,0.0020457959245407105,0,473.691165,125.548349,365.898691,16.23536,8.984116e-50,9.259604e-50,4.668042e-30,0.003944141,0.0,1.421596e-47,4.045127e-46,2.341426e-46
62.17845565231856,0.016406318133277118,0,62.1784741,125.548349,4.0362855e-05,30.40637,3.909236e-46,4.015874e-46,1.352563e-25,0.004121832,0.04310973,2.517775e-48,6.098256e-47,4.108927e-47
26.38828275257486,0.00046956735420506805,0,26.388284,125.548349,18292.3322,9.460177,1.836475e-48,1.884221e-48,4.789284e-32,0.003945102,0.0002435857,2.443439e-48,4.319246e-47,4.433422e-47
70.68264011554972,0.6069190851075311,0,70.6832417,125.548349,0.00193549184,26.73367,4.11525e-43,4.228216e-43,1.722472e-24,0.003944141,0.0,2.730155e-48,6.803079e-47,4.636229e-47
274.3111245157586,0.00030000898431362176,0,274.311125,125.548349,4300.74021,13.16806,6.052196e-51,6.231632e-51,3.240086e-31,0.003944141,0.0,8.312367e-48,2.34035e-46,1.484022e-46
10.460917055402486,0.01291962878652218,0,10.4610036,125.548349,64.2553663,14.53275,8.836651e-45,9.051293e-45,2.609681e-29,0.004734678,0.1669674,3.629551e-47,4.328384e-46,3.827198e-46
88.34415402940516,0.0018730366435996447,0,88.3441555,125.548349,30.3842012,17.14252,2.48069e-48,2.549535e-48,6.165114e-29,0.003944141,0.0,3.15752e-48,8.238358e-47,5.718164e-47
150.78132240889695,0.0008439526182426653,0,150.781323,125.548349,219.111993,15.61924,1.685197e-49,1.733032e-49,7.709824e-30,0.003944141,0.0,4.825638e-48,1.351132e-46,8.656513e-47
597.0316949965046,0.6378420031215009,0,597.03177,125.548349,0.0109939801,27.10802,5.388731e-45,5.556197e-45,2.644593e-25,0.003944141,0.0,1.774207e-47,5.054804e-46,2.965664e-46
101.27936525221561,0.0003394619413148347,0,101.279365,125.548349,819.635129,13.85326,6.159938e-50,6.331923e-50,1.899062e-30,0.003944141,0.0,3.48364e-48,9.299455e-47,6.480163e-47
14.277350810942158,0.010235549427366075,0,14.277401,125.548349,90.0252731,14.39973,2.999309e-45,3.074023e-45,1.784345e-29,0.004434175,0.110513,8.472763e-48,1.294193e-46,1.343576e-46
736.2935738010353,0.0007846425573372507,0,736.293574,125.548349,5177.95996,13.88224,5.267682e-51,5.433316e-51,2.72617e-31,0.003944141,0.0,2.16615e-47,6.336867e-46,3.668347e-46
800.7032580204723,0.17678062855774454,0,800.703273,125.548349,0.221759881,24.33541,2.24535e-46,2.316276e-46,1.154775e-26,0.003944141,0.0,2.346307e-47,6.889533e-46,4.001582e-46
93.82626534273332,0.029955017686890916,0,93.8262877,125.548349,0.155223377,22.57939,5.609162e-46,5.765247e-46,1.623224e-26,0.003944141,0.0,3.293457e-48,8.684804e-47,6.053605e-47
12.790439652473609,0.030337733011160307,0,12.7906058,125.548349,12.4811371,16.36804,3.277949e-44,3.358904e-44,1.526722e-28,0.008272232,0.5232072,1.293886e-47,1.883478e-46,1.931629e-46
476.19119225470183,0.005517758663875418,0,476.191193,125.548349,57.2921655,18.15008,6.464039e-49,6.662312e-49,3.356404e-29,0.003944141,0.0,1.428849e-47,4.065009e-46,2.354012e-46
304.33041125293147,0.0068102280927171575,0,304.330413,125.548349,15.3774449,19.049,2.509562e-48,2.584462e-48,1.336626e-28,0.003944141,0.0,9.199924e-48,2.603126e-46,1.604138e-46
16.42140043103648,0.01254104319155665,0,16.4214539,125.548349,59.7168169,14.97806,3.405721e-45,3.491454e-45,2.771272e-29,0.004673283,0.1560236,5.596143e-48,8.58547e-47,8.957625e-47
295.3039154566481,0.10550820359749358,0,295.30394,125.548349,0.080231891,24.3913,6.41507e-46,6.606168e-46,3.309671e-26,0.003944141,0.0,8.932184e-48,2.524194e-46,1.56782e-46
48.13154834742078,0.007505804181977275,0,48.1315593,125.548349,7.66424086,19.79,1.380978e-46,1.418154e-46,4.670094e-29,0.004117856,0.04218581,2.229716e-48,4.888262e-47,3.919679e-47
11.965704631079378,0.08114606208605263,0,11.9661797,125.548349,2.04004933,18.23175,2.675514e-43,2.741237e-43,1.073488e-27,0.03499226,0.8872853,1.739341e-47,2.412732e-46,2.414443e-46
875.9274964564531,0.9305520856637544,0,875.927571,125.548349,0.0111928882,27.43412,5.160617e-45,5.324422e-45,2.589274e-25,0.003944141,0.0,2.556324e-47,7.50575e-46,4.385363e-46
10.34254428330475,0.005003926781064736,0,10.3425782,125.548349,363.343704,12.6984,1.355516e-45,1.388409e-45,3.898602e-30,0.004062768,0.02919857,3.900903e-47,4.572602e-46,3.981668e-46
74.30001458981532,0.0426450700192993,0,74.3000548,125.548349,0.36481452,21.70187,1.834444e-45,1.884921e-45,5.976388e-27,0.003944141,0.0,2.820566e-48,7.099671e-47,4.858768e-47
36.94917936784904,0.0002252607437342002,0,36.9491798,125.548349,21558.4153,10.9262,2.13283e-49,2.189414e-49,1.695212e-32,0.003944338,0.0,2.160426e-48,4.333362e-47,3.896697e-47
18.5034883686047,0.04539862369028335,0,18.5036603,125.548349,5.27916795,17.57328,3.513176e-44,3.602376e-44,3.756486e-28,0.01340402,0.7057494,4.153842e-48,6.537618e-47,6.644134e-47
409.2612199198958,0.0002751436088290295,0,409.26122,125.548349,11283.344,12.56565,2.205267e-51,2.272302e-51,1.154746e-31,0.003944141,0.0,1.232452e-47,3.509635e-46,2.019831e-46
162.83285440509854,0.00810078300279594,0,162.832858,125.548349,3.59197266,19.91605,1.32635e-47,1.364114e-47,6.057913e-28,0.003944141,0.0,5.15848e-48,1.455649e-46,9.270267e-47
26.921623748827738,0.00013329248442368703,0,26.9216241,125.548349,148740.821,7.511589,1.420996e-49,1.457987e-49,3.919737e-33,0.003944218,0.0,2.411268e-48,4.278825e-47,4.363863e-47
246.65189474712113,0.00023108494147971529,0,246.651895,125.548349,5649.04129,12.76173,4.485859e-51,4.617931e-51,2.39184e-31,0.003944141,0.0,7.504451e-48,2.103789e-46,1.364894e-46
18.230962066591687,0.04930692490013482,0,18.2311515,125.548349,4.5482084,17.68802,4.26941e-44,4.377698e-44,4.410778e-28,0.01511841,0.7391167,4.298658e-48,6.736966e-47,6.889038e-47
222.01152244135105,0.0007576574825464107,0,222.011523,125.548349,513.633273,15.12599,6.013614e-50,6.189388e-50,3.150709e-30,0.003944141,0.0,6.796788e-48,1.907635e-46,1.238232e-46
204.21164834090368,0.0001594261640842725,0,204.211648,125.548349,7950.44847,12.24015,3.175265e-51,3.267493e-51,1.617726e-31,0.003944141,0.0,6.295176e-48,1.777424e-46,1.145396e-46
10.257734712436212,0.007474788406045829,0,10.2577858,125.548349,175.923625,13.4739,3.073879e-45,3.148418e-45,8.672644e-30,0.004208905,0.06290561,4.113234e-47,4.760631e-46,4.087385e-46
105.44620338841551,0.06206544660082268,0,105.446245,125.548349,0.0471366963,23.8784,1.896005e-45,1.949034e-45,5.805253e-26,0.003944141,0.0,3.592179e-48,9.646825e-47,6.681903e-47
283.55079147234994,0.0013205707348797778,0,283.550792,125.548349,292.096161,15.96303,1.094102e-49,1.126609e-49,5.852584e-30,0.003944141,0.0,8.584606e-48,2.421143e-46,1.521014e-46
328.9027307291084,0.0005786316979332668,0,328.902731,125.548349,1839.56107,14.19114,1.540115e-50,1.586306e-50,8.18232e-31,0.003944141,0.0,9.931207e-48,2.815221e-46,1.702271e-46
257.87941625402635,0.000837896909518329,0,257.879416,125.548349,565.624835,15.17843,5.372651e-50,5.531299e-50,2.872268e-30,0.003944141,0.0,7.830954e-48,2.198436e-46,1.416306e-46
588.9673606332068,0.00012369602288635158,0,588.967361,125.548349,98780.8497,10.62583,2.084916e-52,2.149659e-52,1.077699e-32,0.003944141,0.0,1.751355e-47,4.982514e-46,2.925075e-46
325.39860064069427,0.00014687838545465295,0,325.398601,125.548349,22433.609,11.59777,1.014826e-51,1.045243e-51,5.395907e-32,0.003944141,0.0,9.826765e-48,2.78507e-46,1.688346e-46
698.1999285823813,0.007075011969590945,0,698.199929,125.548349,76.5805157,18.21807,4.784104e-49,4.934092e-49,2.47285e-29,0.003944141,0.0,2.059345e-47,5.999097e-46,3.479852e-46
12.122249756701041,0.20272597695334768,-2,,,,,,,,,,,,
16.455803156628054,0.520109116057241,-2,,,,,,,,,,,,
109.03307044034628,0.04654872864777146,0,109.0331,125.548349,0.0876294842,23.27777,9.958791e-46,1.023772e-45,3.026237e-26,0.003944141,0.0,3.686666e-48,9.94748e-47,6.842066e-47
31.987387115852265,0.005634017119870709,0,31.9873995,125.548349,173.010939,14.46028,1.78913e-46,1.836198e-46,8.366309e-30,0.004075328,0.03219058,2.221952e-48,4.150682e-47,3.952582e-47
67.54823524034295,0.0007270963103712632,0,67.548236,125.548349,409.516551,13.99137,6.481044e-49,6.658561e-49,5.307283e-30,0.003944141,0.0,2.651206e-48,6.54412e-47,4.442736e-47
11.703667454179957,0.0051513346443847275,0,11.7036983,125.548349,331.906673,12.88202,1.126485e-45,1.154107e-45,4.299555e-30,0.004069367,0.03077287,1.935691e-47,2.63599e-46,2.607755e-46
23.01478011753793,0.44981070411776536,0,23.0161493,125.548349,0.0635858118,22.31036,2.222114e-42,2.279378e-42,4.030046e-26,0.9081096,0.9956568,2.790695e-48,4.768238e-47,4.937906e-47
37.63262932567216,0.16479852894178815,0,37.6329361,125.548349,0.237933827,21.36788,1.099694e-43,1.1289e-43,9.430467e-27,0.1083534,0.9635993,2.159269e-48,4.357893e-47,3.888863e-47
37.245196491731505,0.00019649128792471326,0,37.2451969,125.548349,23316.2594,10.93009,1.596664e-49,1.639044e-49,1.311341e-32,0.00394429,0.0,2.159775e-48,4.34423e-47,3.893266e-47
304.0458312832041,0.07705937827576824,0,304.045849,125.548349,0.154040795,23.73654,3.219403e-46,3.315484e-46,1.677017e-26,0.003944141,0.0,9.191474e-48,2.600644e-46,1.602991e-46
512.1052977212204,0.00027843009606028714,0,512.105298,125.548349,17215.7548,12.33158,1.414176e-51,1.457739e-51,7.329357e-32,0.003944141,0.0,1.532293e-47,4.347979e-46,2.537249e-46
529.7605526508819,0.001635108557668357,0,529.760553,125.548349,695.291376,15.65543,4.544106e-50,4.684359e-50,2.35262e-30,0.003944141,0.0,1.582836e-47,4.487843e-46,2.626156e-46
55.11162222753083,0.0013256670945509439,0,55.1116239,125.548349,1.3313038,21.474,3.266563e-48,3.355127e-48,4.923632e-30,0.003948183,0.001023637,2.355439e-48,5.507345e-47,3.968007e-47
262.57909466840346,0.5641756507210381,0,262.579245,125.548349,0.00296824097,27.58582,2.345373e-44,2.414711e-44,1.017347e-24,0.003944141,0.0,7.968249e-48,2.238695e-46,1.436584e-46
506.5347745333966,0.2927372824676631,0,506.534815,125.548349,0.0346056606,25.75716,1.599336e-45,1.648571e-45,8.020926e-26,0.003944141,0.0,1.516315e-47,4.304137e-46,2.508793e-46
20.040801207542106,0.0010432125651049608,0,20.0408049,125.548349,5115.73637,10.49563,1.580074e-47,1.620416e-47,2.03851e-31,0.003949095,0.00125442,3.5081e-48,5.672807e-47,5.547931e-47
54.3300937760565,0.0188971180917744,0,54.3301181,125.548349,0.0478066704,25.09392,6.834272e-46,7.019428e-46,8.276225e-28,0.004803372,0.1788808,2.339156e-48,5.438234e-47,3.9632e-47
10.763821679479785,0.01002186583188665,0,10.7638869,125.548349,101.299088,14.06398,5.027511e-45,5.149926e-45,1.585951e-29,0.004419427,0.1075446,3.048038e-47,3.787387e-46,3.462038e-46
75.27288348699896,0.03294994053492473,0,75.2729142,125.548349,0.565967456,21.33659,1.066372e-45,1.095733e-45,3.480635e-27,0.003944141,0.0,2.844601e-48,7.179013e-47,4.918375e-47
12.431968024056712,0.326334243933676,-2,,,,,,,,,,,,
25.182992430786534,0.0031551507955778395,0,25.1830012,125.548349,625.915911,12.87986,9.114672e-47,9.350936e-47,2.091555e-30,0.003987941,0.01098315,2.533698e-48,4.435027e-47,4.603426e-47
197.66081703157428,0.008116970885805971,0,197.66082,125.548349,4.86766273,19.79394,8.819678e-48,9.075157e-48,4.39269e-28,0.003944141,0.0,6.113039e-48,1.730118e-46,1.111035e-46
33.97040462605996,0.00015519271146045797,0,33.9704049,125.548349,57136.7354,9.650815,1.201244e-49,1.232958e-49,6.920219e-33,0.003944238,0.0,2.183351e-48,4.209421e-47,3.934387e-47
24.285905881892468,0.00011937738331451884,0,24.2859062,125.548349,195338.466,6.990863,1.404155e-49,1.440468e-49,2.92589e-33,0.003944204,0.0,2.62188e-48,4.549448e-47,4.738394e-47
30.86174629935882,0.00035753797631602033,0,30.8617471,125.548349,25499.8496,9.334164,7.749332e-49,7.952759e-49,3.222558e-32,0.003944676,0.0001355473,2.254165e-48,4.144687e-47,3.983963e-47
27.232304951197417,0.38363925926698567,0,27.2332919,125.548349,0.0761334216,22.27727,1.149995e-42,1.179953e-42,3.277626e-26,0.6408955,0.9938459,2.394223e-48,4.257733e-47,4.324506e-47
45.59219146101009,0.0006893327812326354,0,45.5921925,125.548349,445.856932,15.54893,1.301099e-48,1.336024e-48,3.000732e-31,0.00394571,0.0003976247,2.198923e-48,4.697666e-47,3.902227e-47
17.81475741752032,0.4905868882412349,-2,,,,,,,,,,,,
524.2443490184633,0.0002942314287400723,0,524.244349,125.548349,16291.7954,12.41651,1.503898e-51,1.550287e-51,7.78929e-32,0.003944141,0.0,1.56706e-47,4.443944e-46,2.598544e-46
40.928918670149514,0.0011883224518660948,0,40.9289207,125.548349,1140.46637,14.09193,4.818614e-48,4.947193e-48,6.054441e-31,0.003949284,0.001302211,2.167e-48,4.468014e-47,3.863998e-47
11.961917616730808,0.002216832612207701,0,11.9619306,125.548349,1507.83822,11.36005,1.998218e-46,2.047302e-46,8.010984e-31,0.003967314,0.005840843,1.742257e-47,2.416086e-46,2.41741e-46
343.86137981263033,0.34969894317251005,0,343.861451,125.548349,0.0115487905,26.50849,5.125682e-45,5.27984e-45,2.499155e-25,0.003944141,0.0,1.037737e-47,2.944398e-46,1.762488e-46
87.57755832843323,0.00043092732855225105,0,87.5775587,125.548349,470.668611,14.33208,1.336703e-49,1.373785e-49,3.284365e-30,0.003944141,0.0,3.138824e-48,8.176187e-47,5.671721e-47
237.527165756613,0.003962165115081082,0,237.527167,125.548349,26.0747305,18.27351,1.427189e-48,1.469101e-48,7.561692e-29,0.003944141,0.0,7.240836e-48,2.028922e-46,1.319026e-46
47.627506723914536,0.08826021449787053,0,47.6276366,125.548349,0.304511794,21.94123,1.950995e-44,2.003488e-44,6.091461e-27,0.02831841,0.8607216,2.222803e-48,4.847551e-47,3.916291e-47
715.1323716951113,0.0006321437337361695,0,715.132372,125.548349,7298.37499,13.52908,3.633236e-51,3.747294e-51,1.879367e-31,0.003944141,0.0,2.106849e-47,6.150235e-46,3.564267e-46
16.982199952659165,0.001980212338133007,0,16.9822081,125.548349,1706.49632,11.4867,7.93916e-47,8.139504e-47,6.970817e-31,0.003962274,0.004576287,5.125127e-48,7.896256e-47,8.267378e-47
17.889122247247496,0.8555763789871154,-2,,,,,,,,,,,,
893.4185816190355,0.00015529373919991428,0,893.418582,125.548349,145330.533,10.5949,1.379285e-52,1.423112e-52,7.177347e-33,0.003944141,0.0,2.605132e-47,7.644568e-46,4.474572e-46
439.1401330166607,0.43511796501737704,0,439.140202,125.548349,0.0124070076,26.64969,4.760363e-45,4.90568e-45,2.328445e-25,0.003944141,0.0,1.320646e-47,3.763013e-46,2.167114e-46
39.75164755496514,0.0012446617314863476,0,39.7516497,125.548349,1300.33898,13.73616,5.610439e-48,5.759903e-48,6.129342e-31,0.0039499,0.00145803,2.162207e-48,4.427734e-47,3.864161e-47
86.50595517391173,0.40823160630376637,0,86.5062858,125.548349,0.00107835296,27.59983,1.230211e-43,1.264321e-43,2.959891e-24,0.003944141,0.0,3.112837e-48,8.089378e-47,5.606733e-47
179.84640695399418,0.02122438476533859,0,179.846415,125.548349,0.68967192,21.69595,7.385413e-47,7.597296e-47,3.408114e-27,0.003944141,0.0,5.625198e-48,1.596498e-46,1.017939e-46
232.67234038714892,0.00047560977417568774,0,232.672341,125.548349,1331.81546,14.17805,2.147471e-50,2.210447e-50,1.136386e-30,0.003944141,0.0,7.101291e-48,1.990022e-46,1.293512e-46
30.20122965650169,0.0010068450386478507,0,30.201232,125.548349,4221.6597,11.12451,6.421384e-48,6.58973e-48,2.493118e-31,0.00394841,0.001081116,2.274567e-48,4.149824e-47,4.014636e-47
46.16598234576889,0.05339376598173299,0,46.1660634,125.548349,0.928656953,20.79046,7.609294e-45,7.813684e-45,1.905869e-27,0.01322295,0.70172,2.204954e-48,4.737211e-47,3.906255e-47
144.10214740193516,0.21849679832088334,0,144.102254,125.548349,0.00721207997,26.10936,1.239404e-44,1.274521e-44,3.996764e-25,0.003944141,0.0,4.641049e-48,1.292882e-46,8.358556e-47
994.8540076209933,0.0001130843179886228,0,994.854008,125.548349,315324.162,9.873807,5.847365e-53,6.034227e-53,3.055994e-33,0.003944141,0.0,2.888276e-47,8.417191e-46,4.994174e-46
26.566379173422842,0.009390357790709862,0,26.5664039,125.548349,81.5346184,15.04269,7.244937e-46,7.433374e-46,1.925191e-29,0.004327889,0.08866867,2.432241e-48,4.305102e-47,4.40985e-47
155.1113204609462,0.0039887709146058615,0,155.111322,125.548349,12.4721987,18.56179,3.552253e-48,3.653199e-48,1.624748e-28,0.003944141,0.0,4.945319e-48,1.388892e-46,8.870847e-47
122.52166382144168,0.21962813463831007,0,122.521789,125.548349,0.0056519277,26.20604,1.745913e-44,1.795054e-44,5.206559e-25,0.003944141,0.0,4.048761e-48,1.108693e-46,7.440216e-47
207.56767732730896,0.14806054018354017,0,207.567727,125.548349,0.0226709977,25.28676,2.645959e-45,2.722913e-45,1.216521e-25,0.003944141,0.0,6.389032e-48,1.801629e-46,1.162981e-46
322.2065408840683,0.008356504372707933,0,322.206543,125.548349,11.7426676,19.36662,3.353343e-48,3.453788e-48,1.779937e-28,0.003944141,0.0,9.73166e-48,2.75765e-46,1.675672e-46
191.97301474784314,0.0013355117078780907,0,191.973015,125.548349,139.475379,16.30976,2.54075e-49,2.614153e-49,1.252329e-29,0.003944141,0.0,5.956113e-48,1.688584e-46,1.081188e-46
131.7348068222935,0.07100023891942255,0,131.734845,125.548349,0.0459002381,24.17299,1.572789e-45,1.61719e-45,5.7169e-26,0.003944141,0.0,4.300369e-48,1.186857e-46,7.840835e-47
228.4003508189527,0.0033733981131362383,0,228.400352,125.548349,32.8103756,17.97307,1.123179e-48,1.156074e-48,5.912909e-29,0.003944141,0.0,6.97894e-48,1.956443e-46,1.271276e-46
451.9752255808311,0.0002449447476395402,0,451.975226,125.548349,17014.3899,12.21683,1.420486e-51,1.463923e-51,7.397921e-32,0.003944141,0.0,1.358291e-47,3.86975e-46,2.232212e-46
738.2591123914235,0.01648540702757107,0,738.259114,125.548349,17.2612183,19.78483,2.312401e-48,2.385121e-48,1.195759e-28,0.003944141,0.0,2.171655e-47,6.354075e-46,3.678092e-46
834.2486643946027,0.0047381469472429424,0,834.248665,125.548349,230.091123,17.22738,1.480869e-49,1.527751e-49,7.686656e-30,0.003944141,0.0,2.439994e-47,7.168198e-46,4.172924e-46
61.23152335331221,0.1966453663041526,0,61.2317483,125.548349,1.07447382e-05,32.57708,5.795195e-44,5.953158e-44,2.828032e-24,0.04486527,0.9120892,2.494853e-48,6.01951e-47,4.06688e-47
43.537842329213916,0.005020055394628078,0,43.5378504,125.548349,75.142387,16.90387,7.581106e-47,7.784091e-47,1.321629e-29,0.004031343,0.02163099,2.182341e-48,4.577945e-47,3.88742e-47
530.0995503851208,0.184076959535258,0,530.099575,125.548349,0.0912432099,24.83813,5.751411e-46,5.928934e-46,2.921332e-26,0.003944141,0.0,1.583805e-47,4.490549e-46,2.627851e-46
65.1695401323039,0.0026596263657883523,0,65.169543,125.548349,14.1637434,17.19815,9.331758e-48,9.586907e-48,2.464264e-28,0.003944141,0.0,2.591577e-48,6.346861e-47,4.29243e-47
19.785971328841,0.013188496577102717,0,19.786018,125.548349,51.2037425,15.25879,2.591227e-45,2.657327e-45,3.242737e-29,0.00473702,0.1673794,3.598083e-48,5.789607e-47,5.67716e-47
10.518691113497663,0.1717798633905986,-2,,,,,,,,,,,,
189.83603923815448,0.20269353265184215,0,189.836114,125.548349,0.0115507126,25.90366,5.994327e-45,6.167318e-45,2.439931e-25,0.003944141,0.0,5.897465e-48,1.672777e-46,1.070009e-46
29.05784333410607,0.05426909647723302,0,29.0579742,125.548349,2.8679497,18.57406,2.017579e-44,2.070349e-44,6.955853e-28,0.0164836,0.7607233,2.313755e-48,4.17343e-47,4.104214e-47
816.8289466656765,0.06907315323608774,0,816.828953,125.548349,1.38274912,22.48275,3.288521e-47,3.392511e-47,1.700936e-27,0.003944141,0.0,2.391352e-47,7.024272e-46,4.084207e-46
24.547593043590727,0.00024029499434214457,0,24.5475937,125.548349,60734.6125,8.145536,5.567321e-49,5.711396e-49,1.193334e-32,0.003944396,0.0,2.593922e-48,4.513126e-47,4.698716e-47
42.890273546778324,0.01516776285557115,0,42.8902983,125.548349,13.7518053,17.87323,7.135687e-46,7.326589e-46,1.143908e-28,0.004751032,0.1698349,2.178117e-48,4.547006e-47,3.882603e-47
929.5299070023294,0.02465349539200317,0,929.529909,125.548349,12.5909199,20.30412,3.201013e-48,3.30294e-48,1.666785e-28,0.003944141,0.0,2.705901e-47,7.925914e-46,4.659667e-46
109.57443515315843,0.0003667901463438264,0,109.574435,125.548349,829.284655,13.91763,6.120989e-50,6.292464e-50,1.857961e-30,0.003944141,0.0,3.701003e-48,9.992968e-47,6.86674e-47
698.3115059851876,0.3575647599181822,0,698.311542,125.548349,0.0444483993,25.78243,1.221549e-45,1.259847e-45,6.181245e-26,0.003944141,0.0,2.059658e-47,6.000099e-46,3.480414e-46
365.4898726937492,0.05043282424178073,0,365.489882,125.548349,0.502237032,22.71314,9.384565e-47,9.667876e-47,4.8964e-27,0.003944141,0.0,1.102265e-47,3.131865e-46,1.846814e-46
17.295430915929476,0.0002585763347917587,0,17.295432,125.548349,59891.6187,7.815439,1.305048e-48,1.338024e-48,1.194575e-32,0.00394445,0.0,4.889518e-48,7.56197e-47,7.919647e-47
27.037521261335122,0.00030684614362705854,0,27.0375221,125.548349,37632.6688,8.724362,7.46521e-49,7.659591e-49,2.084442e-32,0.003944549,0.0001034723,2.404789e-48,4.270774e-47,4.349127e-47
91.52315105216482,0.004316376221039364,0,91.5231544,125.548349,6.15576737,18.80219,1.225441e-47,1.259504e-47,3.287857e-28,0.003944141,0.0,3.235892e-48,8.496783e-47,5.911705e-47
44.618040586483545,0.0014277271484105692,0,44.6180428,125.548349,284.361184,15.91321,5.832938e-48,5.989324e-48,1.174757e-30,0.003951028,0.001743152,2.190082e-48,4.636464e-47,3.895285e-47
374.0852366070553,0.041137054558766796,0,374.085244,125.548349,0.775910474,22.30983,5.947796e-47,6.127611e-47,3.105892e-27,0.003944141,0.0,1.127889e-47,3.206373e-46,1.878911e-46
12.87222004211783,0.07068652415712216,0,12.8726048,125.548349,2.57910428,18.03819,1.757156e-43,1.800574e-43,8.301515e-28,0.02743411,0.8562322,1.259764e-47,1.841255e-46,1.893495e-46
59.47782993899462,0.00025957531430216926,0,59.4778302,125.548349,1.06489399,21.0446,1.071626e-49,1.100794e-49,1.044625e-30,0.003944245,0.0,2.453157e-48,5.873641e-47,4.006281e-47
577.9795884695778,0.0003795588898105047,0,577.979589,125.548349,12355.6805,12.77256,2.041702e-51,2.105035e-51,1.055542e-31,0.003944141,0.0,1.720182e-47,4.886339e-46,2.869509e-46
46.55609703397619,0.02285475737213165,0,46.5561314,125.548349,3.19268312,20.20242,1.37043e-45,1.407257e-45,3.63493e-28,0.005627123,0.2990839,2.20938e-48,4.765395e-47,3.908965e-47
84.36534310983767,0.000245575369304518,0,84.3653433,125.548349,1369.9829,13.21458,4.686079e-50,4.815862e-50,9.289416e-31,0.003944141,0.0,3.061414e-48,7.916066e-47,5.476057e-47
28.30220826813013,0.03576353503472271,0,28.3022968,125.548349,6.42632724,17.71575,9.243241e-45,9.484605e-45,2.945701e-28,0.009427835,0.5816494,2.343704e-48,4.20067e-47,4.192247e-47
446.85890213125896,0.02407882820988234,0,446.858906,125.548349,3.0933504,21.04257,1.405708e-47,1.448664e-47,7.299274e-28,0.003944141,0.0,1.343304e-47,3.827502e-46,2.206261e-46
170.87691976544653,0.01678032023085832,0,170.876927,125.548349,0.994793434,21.25939,5.155911e-47,5.302987e-47,2.332891e-27,0.003944141,0.0,5.379806e-48,1.523636e-46,9.699699e-47
105.59653302842298,0.11759393277505814,0,105.596611,125.548349,0.0138837354,25.13697,6.786445e-45,6.976263e-45,2.077248e-25,0.003944141,0.0,3.596121e-48,9.659401e-47,6.688645e-47
154.94477994029944,0.16598898774254847,0,154.944855,125.548349,0.012728012,25.57889,6.165092e-45,6.340281e-45,2.215559e-25,0.003944141,0.0,4.940719e-48,1.387443e-46,8.862429e-47
142.28486347038452,0.0742359571906192,0,142.2849,125.548349,0.0461642857,24.23639,1.468394e-45,1.509978e-45,5.75586e-26,0.003944141,0.0,4.590864e-48,1.277103e-46,8.283031e-47
955.5142536317749,0.06779400320711122,0,955.514259,125.548349,1.94116848,22.28029,2.285577e-47,2.358461e-47,1.189799e-27,0.003944141,0.0,2.778425e-47,8.124032e-46,4.793005e-46
589.9385284000659,0.1284522712431422,0,589.938544,125.548349,0.223773138,24.01328,2.240621e-46,2.310205e-46,1.145583e-26,0.003944141,0.0,1.754108e-47,4.991147e-46,2.929969e-46
54.82970730639982,0.010118288278642808,0,54.8297202,125.548349,0.0778941778,24.55642,1.923043e-46,1.975167e-46,2.672294e-28,0.00418359,0.05723539,2.349515e-48,5.482563e-47,3.966514e-47
18.208708926143075,0.0007184268350905384,0,18.2087117,125.548349,10162.9889,9.716912,9.086379e-48,9.316822e-48,9.360547e-32,0.003946514,0.0006011794,4.311075e-48,6.75412e-47,6.91018e-47
81.9537099584015,0.000273932164089975,0,81.9537102,125.548349,1239.2008,13.35588,6.187289e-50,6.358424e-50,8.452667e-31,0.003944141,0.0,3.004365e-48,7.720953e-47,5.327227e-47
942.299480365044,0.02513002265539853,0,942.299482,125.548349,12.465991,20.32996,3.232844e-48,3.33586e-48,1.684286e-28,0.003944141,0.0,2.741539e-47,8.023725e-46,4.725268e-46
996.3195140604685,0.00021019074897697004,0,996.319514,125.548349,103336.765,11.05707,2.013968e-52,2.078333e-52,1.05262e-32,0.003944141,0.0,2.89237e-47,8.427955e-46,5.001637e-46
807.730866246963,0.25291912278370393,0,807.730888,125.548349,0.113964763,24.99872,4.5131e-46,4.655727e-46,2.313918e-26,0.003944141,0.0,2.36594e-47,6.948431e-46,4.037684e-46
216.2687168256587,0.000133376233946165,0,216.268717,125.548349,12150.6792,11.82928,1.969153e-51,2.026601e-51,1.024677e-31,0.003944141,0.0,6.633959e-48,1.864943e-46,1.208439e-46
40.79663916693468,0.017308083392510734,0,40.7966689,125.548349,13.3252025,17.33541,1.029005e-45,1.056458e-45,1.272484e-28,0.005037752,0.2170831,2.166376e-48,4.4633e-47,3.863209e-47
84.15746922718334,0.0001593327168956353,0,84.1574694,125.548349,3029.66515,12.41882,1.982634e-50,2.037537e-50,3.865544e-31,0.003944141,0.0,3.056459e-48,7.899246e-47,5.463281e-47
480.3436394505055,0.06973537315682464,0,480.34365,125.548349,0.474150801,23.02734,1.013943e-46,1.04506e-46,5.22007e-27,0.003944141,0.0,1.440881e-47,4.097934e-46,2.374961e-46
81.10061973510841,0.3682460101781366,0,81.1009378,125.548349,0.00187235181,27.10901,1.143288e-43,1.174877e-43,1.131241e-24,0.003944141,0.0,2.984429e-48,7.651945e-47,5.274532e-47
159.23396113768067,0.005783430168746829,0,159.233964,125.548349,6.50236973,19.26215,7.077163e-48,7.278487e-48,3.237799e-28,0.003944141,0.0,5.059191e-48,1.424666e-46,9.081274e-47
180.42069691834445,0.004591010613770795,0,180.420699,125.548349,12.4708739,18.74898,3.431704e-48,3.530196e-48,1.617867e-28,0.003944141,0.0,5.640847e-48,1.601017e-46,1.02096e-46
49.70724252582512,0.00033656337009132495,0,49.707243,125.548349,171.592773,16.55413,2.599876e-49,2.669986e-49,1.145781e-31,0.003944473,0.0,2.253559e-48,5.022093e-47,3.929807e-47
418.3493143930652,0.019610694268532233,0,418.349318,125.548349,3.99208547,20.7265,1.07005e-47,1.10262e-47,5.577617e-28,0.003944141,0.0,1.259351e-47,3.587229e-46,2.063776e-46
18.819189792074052,0.0002883722499666082,0,18.8191909,125.548349,48939.6774,8.090509,1.370157e-48,1.404987e-48,1.523887e-32,0.003944522,0.0,3.99907e-48,6.326166e-47,6.373912e-47
15.724102854681105,0.1682086997781523,0,15.7248523,125.548349,0.477881704,19.93069,6.681472e-43,6.849129e-43,4.931413e-27,0.1355159,0.9708954,6.297359e-48,9.645508e-47,9.978963e-47
37.17148974305673,0.6541919208782638,0,37.1727227,125.548349,0.0178626628,24.02018,1.776889e-42,1.824046e-42,1.447673e-25,1.660416,0.9976246,2.159913e-48,4.341613e-47,3.8941e-47
810.9058945850792,0.0836166005067021,0,810.905902,125.548349,0.947342871,22.82433,4.892701e-47,5.047357e-47,2.528359e-27,0.003944141,0.0,2.374809e-47,6.97495e-46,4.053944e-46
206.00563054439053,0.004860954278758802,0,206.005632,125.548349,13.7206727,18.75872,2.897848e-48,2.982077e-48,1.476397e-28,0.003944141,0.0,6.345302e-48,1.790357e-46,1.154797e-46
53.68813742263984,0.5937638754588513,0,53.6889122,125.548349,0.00289560259,26.75865,6.913014e-43,7.100188e-43,7.092667e-25,0.8814443,0.9955254,2.326135e-48,5.380721e-47,3.958386e-47
108.08423472203212,0.0009751126327602813,0,108.084235,125.548349,130.860461,15.81153,4.44912e-49,4.573687e-49,1.354664e-29,0.003944141,0.0,3.661583e-48,9.867815e-47,6.799191e-47
354.5987140217599,0.0008999849110284934,0,354.598714,125.548349,943.347599,14.98649,3.183601e-50,3.279532e-50,1.682695e-30,0.003944141,0.0,1.069775e-47,3.03742e-46,1.805433e-46
375.78608962195216,0.04781292276662029,0,375.786099,125.548349,0.588574999,22.58132,7.959086e-47,8.199773e-47,4.149481e-27,0.003944141,0.0,1.132958e-47,3.221107e-46,1.885333e-46
452.83071611644436,0.1999611232334984,0,452.830747,125.548349,0.0569100474,25.14514,9.429246e-46,9.717614e-46,4.773005e-26,0.003944141,0.0,1.360795e-47,3.876773e-46,2.23654e-46
37.956429963096504,0.0011061610924203076,0,37.956432,125.548349,2228.03778,12.69752,4.868884e-48,4.998254e-48,4.329588e-31,0.003948822,0.001185463,2.159126e-48,4.368925e-47,3.885198e-47
29.96483410165693,0.0017976819292979695,0,29.9648383,125.548349,1501.91543,12.18762,2.079978e-47,2.134482e-47,7.879629e-31,0.003957781,0.00344636,2.282203e-48,4.153109e-47,4.028666e-47
189.24175413749975,0.00012916401951857813,0,189.241754,125.548349,10367.2006,11.87812,2.450532e-51,2.521231e-51,1.198697e-31,0.003944141,0.0,5.881183e-48,1.668354e-46,1.066909e-46
319.2319576181089,0.12085967456678476,0,319.231984,125.548349,0.0726455909,24.54599,7.151794e-46,7.365892e-46,3.678356e-26,0.003944141,0.0,9.643071e-48,2.732137e-46,1.663854e-46
52.07706673508354,0.3415354367910779,0,52.0775262,125.548349,0.0116883522,25.33637,2.434208e-43,2.500012e-43,1.720433e-25,0.3167832,0.9875494,2.29491e-48,5.234563e-47,3.945495e-47
327.31891374142555,0.00035166677247022336,0,327.318914,125.548349,4578.81848,13.27432,5.746388e-51,5.918683e-51,3.054078e-31,0.003944141,0.0,9.883996e-48,2.801587e-46,1.695974e-46
12.396221439800073,0.002354499780206479,0,12.3962347,125.548349,1342.29891,11.47268,2.100678e-46,2.152429e-46,9.122932e-31,0.003970245,0.006574769,1.480637e-47,2.109881e-46,2.13969e-46
797.5030623858835,0.00011574780354062801,0,797.503062,125.548349,198829.594,10.17992,9.706493e-53,1.001303e-52,5.03275e-33,0.003944141,0.0,2.337366e-47,6.862621e-46,3.985081e-46
26.07030291760559,0.004811598324961246,0,26.0703158,125.548349,282.878378,13.73985,1.976206e-46,2.027545e-46,4.983437e-30,0.004045301,0.02500667,2.464669e-48,4.346236e-47,4.476452e-47
90.45139435090593,0.0003004626409783695,0,90.4513946,125.548349,906.146629,13.70265,6.082841e-50,6.251833e-50,1.568909e-30,0.003944141,0.0,3.209323e-48,8.409533e-47,5.845996e-47
694.6571440259045,0.018721734714594245,0,694.657146,125.548349,12.043912,20.11784,3.385652e-48,3.491767e-48,1.748623e-28,0.003944141,0.0,2.0494e-47,5.967145e-46,3.461985e-46
113.34472020833562,0.00023960368863237664,0,113.34472,125.548349,1936.42638,13.11178,2.437164e-50,2.505538e-50,7.346005e-31,0.003944141,0.0,3.801364e-48,1.031047e-46,7.038032e-47
134.8259543256417,0.0020840964404490125,0,134.825955,125.548349,33.8316153,17.44072,1.29227e-48,1.328787e-48,5.515356e-29,0.003944141,0.0,4.385288e-48,1.213072e-46,7.971066e-47
26.867659540829354,0.00023934761315803378,0,26.8676602,125.548349,57801.6368,8.295372,4.600508e-49,4.72025e-49,1.26185e-32,0.00394439,0.0,2.414343e-48,4.282659e-47,4.370767e-47
43.37587576270323,0.00012277612812766533,0,43.375876,125.548349,6657.92211,12.62932,4.569262e-50,4.69158e-50,7.798946e-33,0.003944193,0.0,2.181266e-48,4.569936e-47,3.886223e-47
116.00918999151214,0.22559491292270878,0,116.009326,125.548349,0.004804635,26.31922,2.0601e-44,2.117953e-44,6.184344e-25,0.003944141,0.0,3.872781e-48,1.053549e-46,7.157279e-47
13.24475380881854,0.0012155439437220841,0,13.2447602,125.548349,4292.90798,10.35152,4.910602e-47,5.032216e-47,2.472037e-31,0.003951078,0.0017558,1.121245e-47,1.666657e-46,1.723285e-46
161.93376610680113,0.7837728436815624,0,161.934105,125.548349,0.000680365868,28.59709,1.255766e-43,1.291513e-43,4.755938e-24,0.003944141,0.0,5.133697e-48,1.447938e-46,9.222624e-47
31.85344252922262,0.0022390289051883645,0,31.8534475,125.548349,939.594176,12.70563,2.849897e-47,2.924852e-47,1.314149e-30,0.003964891,0.005233338,2.225475e-48,4.148707e-47,3.954519e-47
32.13359866856689,0.05123210324593568,0,32.1337104,125.548349,2.83673841,18.67564,1.465755e-44,1.504326e-44,6.959778e-28,0.01477443,0.7330427,2.218251e-48,4.15321e-47,3.950918e-47
28.49499237950338,0.07322082887771322,0,28.4951724,125.548349,1.66627591,19.13767,3.821459e-44,3.921289e-44,1.242564e-27,0.02688991,0.8533226,2.335676e-48,4.192756e-47,4.168552e-47
936.0119898365575,0.00026135276863290804,0,936.01199,125.548349,61745.5075,11.52246,3.545716e-52,3.65866e-52,1.848351e-32,0.003944141,0.0,2.723991e-47,7.975674e-46,4.692976e-46
643.9621392469364,0.1573217585062386,0,643.962156,125.548349,0.180852478,24.33671,2.799756e-46,2.887136e-46,1.43064e-26,0.003944141,0.0,1.906799e-47,5.493272e-46,3.203796e-46
26.792975799258706,0.0010720399422809073,0,26.7929786,125.548349,4203.65765,11.00072,9.281521e-48,9.523058e-48,2.525879e-31,0.003949133,0.001264122,2.418664e-48,4.288056e-47,4.380369e-47
731.6208494621944,0.0004298407381514087,0,731.62085,125.548349,15513.3574,12.7404,1.601959e-51,1.652312e-51,8.289761e-32,0.003944141,0.0,2.153061e-47,6.29587e-46,3.64528e-46
173.31912364248294,0.7062315093015632,0,173.319409,125.548349,0.00109567475,28.16976,8.867418e-44,9.120573e-44,2.854481e-24,0.003944141,0.0,5.446795e-48,1.543836e-46,9.830945e-47
77.28212406332821,0.8670169237165819,0,77.28291,125.548349,0.000949516342,27.87455,6.995535e-43,7.188387e-43,2.538457e-24,0.003944141,0.0,2.893714e-48,7.342499e-47,5.040886e-47
13.344973544688706,0.13597123523882237,0,13.3456873,125.548349,0.749481353,19.32511,6.052644e-43,6.20263e-43,3.098868e-27,0.09071793,0.956523,1.087702e-47,1.623526e-46,1.679808e-46
55.365955229762335,0.001587217551093073,0,55.3659572,125.548349,0.854416083,21.96174,4.638818e-48,4.764616e-48,7.542519e-30,0.003949844,0.001443794,2.360829e-48,5.529541e-47,3.968792e-47
534.522879764949,0.0005562468737806363,0,534.52288,125.548349,5245.2175,13.61286,5.161562e-51,5.320955e-51,2.672035e-31,0.003944141,0.0,1.596444e-47,4.525937e-46,2.64995e-46
40.30440973789713,0.1838156613965419,0,40.3047293,125.548349,0.16275321,21.86292,1.18967e-43,1.221387e-43,1.387222e-26,0.1283678,0.9692747,2.164236e-48,4.446234e-47,3.861925e-47
344.63951277371405,0.01928494286375215,0,344.639517,125.548349,2.76377977,20.89465,1.551485e-47,1.598154e-47,8.179075e-28,0.003944141,0.0,1.040059e-47,2.951133e-46,1.765642e-46
37.44100979805682,0.00014387368418688123,0,37.4410101,125.548349,31453.4383,10.65446,8.469373e-50,8.694237e-50,7.109028e-33,0.003944221,0.0,2.159472e-48,4.351198e-47,3.891029e-47
88.2067339359181,0.1869390705902181,0,88.2068824,125.548349,0.00483542612,26.06601,2.478919e-44,2.547711e-44,6.148831e-25,0.003944141,0.0,3.154166e-48,8.227222e-47,5.709848e-47
142.08056428280958,0.8148096376917301,0,142.080966,125.548349,0.000335490393,29.20253,1.774199e-43,1.82444e-43,9.962793e-24,0.003944141,0.0,4.585234e-48,1.275335e-46,8.274579e-47
44.21692593727878,0.18982202389099806,0,44.2172267,125.548349,0.111664853,22.32514,1.050238e-43,1.078382e-43,2.003508e-26,0.1267949,0.9688935,2.186992e-48,4.613665e-47,3.89239e-47
163.5731938645739,0.0584557840425653,0,163.573219,125.548349,0.0894291033,23.67296,6.842634e-46,7.037492e-46,2.909249e-26,0.003944141,0.0,5.178889e-48,1.461986e-46,9.309661e-47
31.936061595758606,0.00011389759512260484,0,31.9360618,125.548349,115481.454,8.726413,7.335886e-50,7.528855e-50,3.412049e-33,0.003944195,0.0,2.223287e-48,4.149886e-47,3.953273e-47
129.97790288825868,0.00022860256536085956,0,129.977903,125.548349,2026.01292,13.1939,1.675936e-50,1.723223e-50,6.68176e-31,0.003944141,0.0,4.252198e-48,1.17195e-46,7.765422e-47
749.6498108380042,0.823375836485926,0,749.649888,125.548349,0.0105004629,27.35856,5.587368e-45,5.763228e-45,2.771328e-25,0.003944141,0.0,2.203547e-47,6.453377e-46,3.735306e-46
10.902658398675529,0.014742631095736364,0,10.9027531,125.548349,49.7115054,14.83991,1.06088e-44,1.086739e-44,3.446562e-29,0.004972244,0.2067684,2.82677e-47,3.573333e-46,3.313951e-46
538.6751282625092,0.00028101780651271696,0,538.675128,125.548349,18689.6737,12.29974,1.29629e-51,1.336339e-51,6.709656e-32,0.003944141,0.0,1.608301e-47,4.559318e-46,2.670699e-46
841.290956531084,0.00010451888909622665,0,841.290957,125.548349,264338.24,9.908678,7.080894e-53,7.305165e-53,3.677136e-33,0.003944141,0.0,2.459654e-47,7.225906e-46,4.208774e-46
53.29209370945061,0.8134198772234501,0,53.293163,125.548349,0.00184985354,27.0041,1.317154e-42,1.352803e-42,1.223726e-24,1.6834,0.997657,2.31826e-48,5.344966e-47,3.955225e-47
28.00507558196282,0.20824979785608522,0,28.0055965,125.548349,0.23610365,21.11744,3.20181e-43,3.285362e-43,9.892927e-27,0.1903734,0.9792821,2.356641e-48,4.214203e-47,4.229245e-47
16.93572269850369,0.00014272836422234343,0,16.9357233,125.548349,161339.299,6.759055,4.147207e-49,4.251841e-49,3.618759e-33,0.003944235,0.0,5.161659e-48,7.948762e-47,8.319693e-47
135.19716480264688,0.00028429321845108683,0,135.197165,125.548349,1397.63966,13.62716,2.391138e-50,2.458714e-50,1.027769e-30,0.003944141,0.0,4.395498e-48,1.216221e-46,7.986581e-47
121.52146680538559,0.0002891132679074642,0,121.521467,125.548349,1472.22179,13.55884,3.076629e-50,3.163195e-50,9.181665e-31,0.003944141,0.0,4.021612e-48,1.100212e-46,7.396947e-47
862.5155168973206,0.32688096901558494,0,862.515543,125.548349,0.0793485834,25.41851,6.575819e-46,6.784371e-46,3.373105e-26,0.003944141,0.0,2.518895e-47,7.398172e-46,4.317011e-46
256.7821749588086,0.0015752719637001018,0,256.782175,125.548349,172.136567,16.38715,1.916005e-49,1.972566e-49,1.023762e-29,0.003944141,0.0,7.79895e-48,2.189085e-46,1.411465e-46
123.1545370642287,0.09631999876491855,0,123.154592,125.548349,0.0271368396,24.65429,3.322746e-45,3.41629e-45,9.904789e-26,0.003944141,0.0,4.065954e-48,1.114059e-46,7.467677e-47
269.65113274733125,0.000306528688356984,0,269.651133,125.548349,3995.2096,13.20638,6.548809e-51,6.742752e-51,3.505815e-31,0.003944141,0.0,8.175457e-48,2.299808e-46,1.465449e-46
95.93552886895563,0.00032458445194609686,0,95.9355291,125.548349,808.180915,13.83405,6.292868e-50,6.468149e-50,1.915857e-30,0.003944141,0.0,3.346705e-48,8.85774e-47,6.180235e-47
223.52414229091477,0.4026386836142385,0,223.524268,125.548349,0.00420270606,27.11697,1.674266e-44,1.723227e-44,7.042655e-25,0.003944141,0.0,6.839825e-48,1.919051e-46,1.24606e-46
761.5939770259096,0.22482710426347371,0,761.593998,125.548349,0.127238489,24.82238,4.030956e-46,4.157939e-46,2.063689e-26,0.003944141,0.0,2.236971e-47,6.556723e-46,3.796921e-46
84.59604037100284,0.5616494616444705,0,84.5965055,125.548349,0.000606440438,28.1468,2.437467e-43,2.504982e-43,4.91289e-24,0.003944141,0.0,3.066932e-48,7.934771e-47,5.490244e-47
85.6639337955956,0.0026278403099945654,0,85.6639359,125.548349,16.1417331,17.76819,5.200698e-48,5.344832e-48,1.221169e-28,0.003944141,0.0,3.092521e-48,8.021166e-47,5.555485e-47
231.20299421176253,0.5314051580542707,0,231.203155,125.548349,0.00270633565,27.58206,2.716745e-44,2.79638e-44,1.114094e-24,0.003944141,0.0,7.059165e-48,1.978394e-46,1.285816e-46
29.44494432952949,0.3379871980119644,0,29.4457485,125.548349,0.0896880111,22.15232,7.617999e-43,7.817409e-43,2.734419e-26,0.4885371,0.9919266,2.299771e-48,4.163185e-47,4.06706e-47
29.302681429236696,0.19846780545038012,0,29.3031559,125.548349,0.247123231,21.10833,2.65277e-43,2.722189e-43,9.381844e-27,0.1712641,0.9769704,2.304819e-48,4.166673e-47,4.07984e-47
64.03995777919819,0.04649666625538621,0,64.0400086,125.548349,0.0226943305,23.65678,2.955989e-45,3.036742e-45,2.565392e-25,0.003944141,0.0,2.563503e-48,6.25303e-47,4.217089e-47
35.50751326383747,0.6794414515517059,0,35.5088538,125.548349,0.0182170409,23.94695,2.104013e-42,2.159705e-42,1.428972e-25,1.832488,0.9978477,2.16736e-48,4.274254e-47,3.914139e-47
12.745381205159292,0.004865809847878749,0,12.745408,125.548349,360.041661,12.89932,8.491641e-46,8.7013e-46,3.923915e-30,0.004055495,0.02745762,1.313324e-47,1.907404e-46,1.953109e-46
175.46052091033394,0.18831441651438985,0,175.460596,125.548349,0.0121955961,25.77505,6.136466e-45,6.311958e-45,2.30247e-25,0.003944141,0.0,5.505423e-48,1.561342e-46,9.945984e-47
180.73407054737197,0.1251700265042164,0,180.734119,125.548349,0.0258899429,25.0232,2.541301e-45,2.614252e-45,1.051485e-25,0.003944141,0.0,5.649385e-48,1.603475e-46,1.022606e-46
997.2905418606053,0.005559002558749009,0,997.290542,125.548349,240.293851,17.3521,1.40585e-49,1.450782e-49,7.346938e-30,0.003944141,0.0,2.895082e-47,8.435082e-46,5.006578e-46
159.24060080308394,0.0014712246748579453,0,159.240601,125.548349,85.6459931,16.63553,4.579406e-49,4.709676e-49,2.109124e-29,0.003944141,0.0,5.059374e-48,1.424724e-46,9.081617e-47
61.97448481363283,0.00028812990143862175,0,61.9744851,125.548349,0.121676845,22.20495,1.213852e-49,1.246959e-49,2.301607e-29,0.003944205,0.0,2.512814e-48,6.081289e-47,4.099356e-47
634.333194736536,0.648038097879632,0,634.333266,125.548349,0.0119863702,27.06093,4.902113e-45,5.054979e-45,2.4173e-25,0.003944141,0.0,1.879646e-47,5.40193e-46,3.154449e-46
10.734174284389008,0.18912436204351443,-2,,,,,,,,,,,,
40.31010584276146,0.09384430662453376,0,40.3102689,125.548349,0.579496206,20.5621,3.099956e-44,3.182604e-44,3.6171e-27,0.03637152,0.8915596,2.164258e-48,4.446423e-47,3.861923e-47
319.04951915668244,0.0010136841470626452,0,319.049519,125.548349,608.96534,15.29717,5.037056e-50,5.187841e-50,2.680836e-30,0.003944141,0.0,9.637638e-48,2.730571e-46,1.663128e-46
21.03652627179351,0.1907381587244955,0,21.0371615,125.548349,0.338115275,20.49423,4.790318e-43,4.913028e-43,6.946744e-27,0.1685874,0.9766048,3.20675e-48,5.290666e-47,5.271387e-47
52.78031166268452,0.0006094436509707035,0,52.7803125,125.548349,16.6045133,18.96091,7.541481e-49,7.745491e-49,6.227746e-31,0.003945107,0.0002448078,2.30825e-48,5.298446e-47,3.951059e-47
499.0307105657461,0.03476722975004398,0,499.030715,125.548349,1.92535562,21.65696,2.327295e-47,2.398878e-47,1.20223e-27,0.003944141,0.0,1.494766e-47,4.245156e-46,2.470293e-46
516.8727240418351,0.4674424454481307,0,516.872787,125.548349,0.014910077,26.66257,3.909575e-45,4.030071e-45,1.926058e-25,0.003944141,0.0,1.545956e-47,4.385583e-46,2.561441e-46
42.73357581721441,0.6781653150101208,0,42.7346876,125.548349,0.0113310384,24.62375,1.43709e-42,1.475529e-42,2.258426e-25,1.622083,0.9975685,2.177133e-48,4.539983e-47,3.881413e-47
26.035710528885655,0.11020037036425365,0,26.0360071,125.548349,0.835055937,19.76934,1.039388e-43,1.066388e-43,2.611547e-27,0.05702195,0.9308312,2.46706e-48,4.349288e-47,4.481172e-47
94.5709008768136,0.00015131062320457373,0,94.570901,125.548349,3241.99119,12.39001,1.408218e-50,1.447417e-50,4.131406e-31,0.003944141,0.0,3.312199e-48,8.745767e-47,6.098923e-47
92.64803859133272,0.003533441178196026,0,92.6480413,125.548349,8.94502691,18.43716,8.009209e-48,8.231955e-48,2.24669e-28,0.003944141,0.0,3.263929e-48,8.588519e-47,5.98113e-47
849.9511669796858,0.08043148495111109,0,849.951174,125.548349,1.11773648,22.7129,4.104786e-47,4.234867e-47,2.12523e-27,0.003944141,0.0,2.483828e-47,7.296495e-46,4.252938e-46
319.8964341510615,0.29718079811383213,0,319.896499,125.548349,0.0135611169,26.2599,4.305316e-45,4.434218e-45,2.11153e-25,0.003944141,0.0,9.662858e-48,2.737836e-46,1.666496e-46
83.22328744849601,0.0001228857862198137,0,83.2232876,125.548349,4981.19526,11.8895,1.20658e-50,1.239976e-50,2.127228e-31,0.003944141,0.0,3.034277e-48,7.823666e-47,5.405703e-47
48.90455356206817,0.0004451751305500699,0,48.9045542,125.548349,177.712251,16.53067,4.702432e-49,4.829132e-49,1.805313e-31,0.003944738,0.0001512927,2.241009e-48,4.952828e-47,3.924766e-47
30.61409445889838,0.006468856280567666,0,30.6141093,125.548349,141.65453,14.63712,2.578589e-46,2.646246e-46,1.045042e-29,0.004119617,0.0425951,2.261673e-48,4.145936e-47,3.994222e-47
604.1941786330689,0.027814811909893322,0,604.194182,125.548349,4.31481541,21.01884,9.995689e-48,1.030654e-47,5.154201e-28,0.003944141,0.0,1.794485e-47,5.120057e-46,3.00167e-46
14.28349248242747,0.0752688220323891,0,14.2838617,125.548349,2.22453569,18.27295,1.620459e-43,1.660827e-43,9.650123e-28,0.03044278,0.8704408,8.459739e-48,1.292292e-46,1.341485e-46
131.4911000724115,0.0039625170331129165,0,131.491102,125.548349,9.89857554,18.66297,4.917458e-48,5.056272e-48,2.004467e-28,0.003944141,0.0,4.293682e-48,1.184789e-46,7.830443e-47
43.324796777941614,0.5509930515964261,0,43.3256878,125.548349,0.0160046269,24.31549,9.22436e-43,9.471277e-43,1.564192e-25,1.05918,0.9962762,2.180936e-48,4.567492e-47,3.885851e-47
923.5133645268232,0.5134154909875441,0,923.513403,125.548349,0.0382854524,26.24317,1.407141e-45,1.451932e-45,7.201113e-26,0.003944141,0.0,2.689111e-47,7.879527e-46,4.628749e-46
59.13949425487438,0.3440173093933631,0,59.1399018,125.548349,0.000125724825,30.62731,1.904312e-43,1.956128e-43,1.502834e-24,0.1945574,0.9797276,2.445257e-48,5.845547e-47,3.997421e-47
590.7161628674836,0.0004097600532003591,0,590.716163,125.548349,11199.0113,12.87585,2.273793e-51,2.344413e-51,1.175272e-31,0.003944141,0.0,1.756312e-47,4.998074e-46,2.933886e-46
205.1891400627312,0.001941194127284337,0,205.189141,125.548349,76.8743192,16.98527,4.660308e-49,4.795723e-49,2.375825e-29,0.003944141,0.0,6.322476e-48,1.78447e-46,1.150518e-46
679.654418872643,0.515083073025048,0,679.654472,125.548349,0.0211094675,26.57311,2.682042e-45,2.766002e-45,1.341808e-25,0.003944141,0.0,2.007256e-47,5.829587e-46,3.385941e-46
51.18412947869521,0.4780036350860406,0,51.1847837,125.548349,0.00783959103,25.42631,4.939611e-43,5.073021e-43,2.902533e-25,0.6393098,0.9938306,2.27864e-48,5.153656e-47,3.939176e-47
445.7985631829556,0.06938389643164519,0,445.798574,125.548349,0.411432452,23.08503,1.172995e-46,1.208834e-46,6.05089e-27,0.003944141,0.0,1.340195e-47,3.818691e-46,2.200875e-46
79.95443249232265,0.0011291607315685782,0,79.9544335,125.548349,125.751528,15.8529,1.106761e-48,1.137321e-48,6.731204e-30,0.003944141,0.0,2.95759e-48,7.559125e-47,5.203929e-47
455.19077802997555,0.23341586578087964,0,455.190814,125.548349,0.0429205962,25.43356,1.270963e-45,1.309844e-45,6.404124e-26,0.003944141,0.0,1.367697e-47,3.896092e-46,2.24845e-46
288.6507816929422,0.026279125122404004,0,288.650788,125.548349,1.06603141,21.72082,4.174039e-47,4.298198e-47,2.211988e-27,0.003944141,0.0,8.735269e-48,2.465858e-46,1.541285e-46
68.13854462475959,0.7158182120397382,0,68.1392806,125.548349,0.000896393319,27.42255,6.17054e-43,6.339624e-43,4.239946e-24,0.003944141,0.0,2.666084e-48,6.593042e-47,4.47927e-47
54.78402365600275,0.06306115561770421,0,54.7841043,125.548349,0.011310892,26.55839,7.482345e-45,7.685145e-45,1.026437e-26,0.01326986,0.7027746,2.348562e-48,5.478536e-47,3.966232e-47
450.90560764532466,0.06925181442260434,0,450.905618,125.548349,0.422608803,23.09188,1.141068e-46,1.175955e-46,5.884342e-27,0.003944141,0.0,1.35516e-47,3.860952e-46,2.226795e-46
805.833894709858,0.0010208238047927944,0,805.833895,125.548349,3783.36826,14.28441,7.388218e-51,7.621678e-51,3.831666e-31,0.003944141,0.0,2.360641e-47,6.932559e-46,4.027956e-46
24.973465589210917,0.46193718356067903,0,24.9747614,125.548349,0.0573619883,22.45816,1.986847e-42,2.038321e-42,4.458773e-26,0.9442867,0.9958232,2.552325e-48,4.459147e-47,4.634385e-47
132.03588150093108,0.002985593963474125,0,132.035883,125.548349,16.9015568,18.13798,2.7681e-48,2.846253e-48,1.140142e-28,0.003944141,0.0,4.30863e-48,1.189411e-46,7.853639e-47
405.8610877966659,0.01852841149495037,0,405.861091,125.548349,4.17833276,20.65251,1.017624e-47,1.048542e-47,5.313939e-28,0.003944141,0.0,1.222374e-47,3.480505e-46,2.004121e-46
203.14033052552605,0.0003873242053689492,0,203.140331,125.548349,1534.24122,13.9035,1.895142e-50,1.950165e-50,9.630996e-31,0.003944141,0.0,6.265292e-48,1.769702e-46,1.139783e-46
109.21102301488997,0.0013615159118212095,0,109.211024,125.548349,71.4741548,16.43949,8.491537e-49,8.729388e-49,2.579429e-29,0.003944141,0.0,3.691376e-48,9.962428e-47,6.850175e-47
23.28037754888808,0.0003928317488908177,0,23.2803787,125.548349,26801.866,8.939658,1.656171e-48,1.698883e-48,3.092492e-32,0.003944829,0.0001744991,2.750375e-48,4.716144e-47,4.894328e-47
29.904866424184327,0.00031439624815936447,0,29.9048672,125.548349,32752.8062,9.065156,6.387845e-49,6.555212e-49,2.404891e-32,0.003944558,0.0001058276,2.284174e-48,4.154069e-47,4.032541e-47
255.5809678877228,0.00040961157674704996,0,255.580968,125.548349,2103.19979,13.83599,1.308262e-50,1.34687e-50,6.992454e-31,0.003944141,0.0,7.763937e-48,2.178871e-46,1.406126e-46
165.7720981769494,0.3862293172658146,0,165.772261,125.548349,0.00332227017,27.04297,2.906551e-44,2.989364e-44,8.993256e-25,0.003944141,0.0,5.239466e-48,1.480722e-46,9.427109e-47
32.76926698319496,0.9289844356315272,0,32.771253,125.548349,0.011464664,24.37694,4.630717e-42,4.752715e-42,2.347147e-25,3.539522,0.9988857,2.203832e-48,4.168206e-47,3.946779e-47
17.37288469521248,0.011455026812332288,0,17.3729309,125.548349,69.4174413,14.86318,2.538339e-45,2.602499e-45,2.347308e-29,0.004549798,0.1331174,4.834315e-48,7.484228e-47,7.83207e-47
11.690139656298536,0.6308908665599521,-2,,,,,,,,,,,,
12.378846770732574,0.7593721232961751,-2,,,,,,,,,,,,
29.075347973349192,0.05042207045174216,0,29.0754695,125.548349,3.29005898,18.45897,1.739547e-44,1.785047e-44,6.008223e-28,0.01476704,0.7329091,2.313106e-48,4.172915e-47,4.102385e-47
130.42635527188668,0.000373018293093308,0,130.426355,125.548349,820.534165,14.11336,4.430895e-50,4.555932e-50,1.783079e-30,0.003944141,0.0,4.264486e-48,1.175756e-46,7.784773e-47
70.36562059586525,0.04370185111370386,0,70.3656641,125.548349,0.288772112,21.62181,2.153463e-45,2.212564e-45,9.419467e-27,0.003944141,0.0,2.722164e-48,6.776911e-47,4.61665e-47
512.4668004961211,0.01071045563178524,0,512.466802,125.548349,18.968943,19.34565,2.089525e-48,2.153893e-48,1.081656e-28,0.003944141,0.0,1.53333e-47,4.350828e-46,2.53909e-46
588.5840209009874,0.03878227346336375,0,588.584026,125.548349,2.17745456,21.6885,2.052264e-47,2.115991e-47,1.057313e-27,0.003944141,0.0,1.750268e-47,4.979113e-46,2.923142e-46
128.62619489035274,0.00660824613774173,0,128.626198,125.548349,3.77260761,19.63524,1.430762e-47,1.471114e-47,5.448156e-28,0.003944141,0.0,4.215192e-48,1.16048e-46,7.706765e-47
297.04078569795746,0.17090326566637257,0,297.040826,125.548349,0.0328236563,25.2783,1.662652e-45,1.712199e-45,8.40152e-26,0.003944141,0.0,8.983654e-48,2.539409e-46,1.57479e-46
205.0493031952046,0.002599516922626524,0,205.049304,125.548349,44.3282864,17.57404,8.369273e-49,8.612447e-49,4.263152e-29,0.003944141,0.0,6.318568e-48,1.783462e-46,1.149786e-46
12.07288494158342,0.054212645859418845,0,12.0731995,125.548349,4.3165656,17.45097,1.17337e-43,1.202214e-43,4.802986e-28,0.01779748,0.7783877,1.668436e-47,2.330802e-46,2.341485e-46
91.84129358426273,0.0009127250563686528,0,91.8412943,125.548349,113.928782,15.82113,5.440628e-49,5.59188e-49,1.47971e-29,0.003944141,0.0,3.243806e-48,8.52271e-47,5.931321e-47
23.55018275596027,0.2348399345669296,0,23.5508814,125.548349,0.214727432,21.04682,5.782265e-43,5.9315e-43,1.112238e-26,0.2494948,0.9841915,2.712151e-48,4.666644e-47,4.851191e-47
25.597518271698014,0.0005366845310237979,0,25.5975197,125.548349,14772.2481,9.633639,2.551447e-48,2.617652e-48,6.119338e-32,0.003945404,0.0003201807,2.499502e-48,4.390891e-47,4.542948e-47
40.30642476580163,0.3809289685022112,0,40.3070869,125.548349,0.0408756446,23.24897,5.108549e-43,5.244748e-43,5.958523e-26,0.5382723,0.9926726,2.164245e-48,4.446314e-47,3.861924e-47
83.65705684371747,0.36860985249189954,0,83.6573655,125.548349,0.0014029553,27.31539,1.074146e-43,1.103884e-43,1.996628e-24,0.003944141,0.0,3.044566e-48,7.858784e-47,5.432486e-47
396.17262202479276,0.0005274556685399047,0,396.172622,125.548349,3186.1083,13.83784,8.673692e-51,8.936834e-51,4.550806e-31,0.003944141,0.0,1.193618e-47,3.397245e-46,1.962837e-46
236.35348213371293,0.14646863410530503,0,236.353526,125.548349,0.0284706525,25.20019,1.970681e-45,2.028534e-45,9.663221e-26,0.003944141,0.0,7.207054e-48,2.019454e-46,1.312875e-46
430.1993359818625,0.1647978368213997,0,430.199363,125.548349,0.0740265244,24.81605,7.128287e-46,7.345622e-46,3.626714e-26,0.003944141,0.0,1.294331e-47,3.687742e-46,2.122334e-46
36.11033260616376,0.00288842494894373,0,36.1103382,125.548349,485.643635,13.53571,3.674649e-47,3.772009e-47,2.663959e-30,0.003976921,0.008242472,2.163646e-48,4.299866e-47,3.906716e-47
28.74594751319144,0.002696010922273292,0,28.7459541,125.548349,750.758989,12.83479,5.089589e-47,5.222618e-47,1.698668e-30,0.003975178,0.00780767,2.325647e-48,4.183468e-47,4.138752e-47
122.58547806093978,0.00013689469329080533,0,122.585478,125.548349,5724.73733,12.17307,6.775754e-51,6.966472e-51,2.020538e-31,0.003944141,0.0,4.05049e-48,1.109233e-46,7.442976e-47
55.861995666929204,0.04200785113641935,0,55.8620484,125.548349,0.0060872532,27.15618,3.190622e-45,3.277187e-45,6.091245e-27,0.007810767,0.495038,2.371467e-48,5.57234e-47,3.969224e-47
316.57424038963234,0.689951074384697,0,316.574393,125.548349,0.00287357621,27.79442,2.371819e-44,2.442785e-44,1.057732e-24,0.003944141,0.0,9.563953e-48,2.709293e-46,1.653276e-46
18.34563274867596,0.013898050000659535,0,18.3456858,125.548349,47.7544098,15.2665,3.34965e-45,3.434647e-45,3.511098e-29,0.004831417,0.1836472,4.236468e-48,6.651193e-47,6.783753e-47
310.8981309916098,0.0009345106037951907,0,310.898131,125.548349,672.303043,15.1873,4.519054e-50,4.654112e-50,2.408771e-30,0.003944141,0.0,9.395085e-48,2.660242e-46,1.630571e-46
828.254591649703,0.39635417396925754,0,828.254625,125.548349,0.050837851,25.81448,1.051931e-45,1.08522e-45,5.36701e-26,0.003944141,0.0,2.423258e-47,7.118864e-46,4.142421e-46
28.816129398530776,0.00029511024597963435,0,28.8161301,125.548349,38150.5262,8.804606,6.068193e-49,6.226824e-49,2.040121e-32,0.003944513,0.0,2.322918e-48,4.181066e-47,4.1307e-47
136.63059735056814,0.0026381038622845304,0,136.630599,125.548349,22.0513548,17.88548,2.01499e-48,2.07196e-48,8.725416e-29,0.003944141,0.0,4.434951e-48,1.228425e-46,8.046428e-47
55.40566191822411,0.00013785616713481036,0,55.4056621,125.548349,35.3156083,17.94079,3.494221e-50,3.588983e-50,5.750345e-32,0.003944184,0.0,2.361675e-48,5.532991e-47,3.968873e-47
72.8005159399178,0.002574524566015799,0,72.8005184,125.548349,69.4929179,16.32662,6.970902e-48,7.162529e-48,2.393906e-29,0.003944141,0.0,2.783248e-48,6.977041e-47,4.766638e-47
805.3776226862889,0.04434753586485455,0,805.377627,125.548349,3.12614841,21.62079,1.396013e-47,1.440124e-47,7.225377e-28,0.003944141,0.0,2.359366e-47,6.928739e-46,4.025614e-46
233.67248696542458,0.0004424560043291658,0,233.672487,125.548349,1535.26078,14.04033,1.841867e-50,1.895897e-50,9.753799e-31,0.003944141,0.0,7.129996e-48,1.997978e-46,1.29877e-46
186.89392257180197,0.0019861830673748764,0,186.893923,125.548349,63.6038651,17.11766,5.951829e-49,6.123323e-49,2.882582e-29,0.003944141,0.0,5.817004e-48,1.650764e-46,1.054697e-46
144.39953314366915,0.0002578001300595876,0,144.399533,125.548349,1843.93767,13.39508,1.718128e-50,1.766813e-50,7.763423e-31,0.003944141,0.0,4.649261e-48,1.295468e-46,8.371e-47
381.2953005042859,0.8928509203338387,0,381.295465,125.548349,0.00254002616,28.12696,2.69229e-44,2.773779e-44,1.206396e-24,0.003944141,0.0,1.149368e-47,3.268802e-46,1.906241e-46
817.4756820556935,0.02363462328263161,0,817.475684,125.548349,10.6365705,20.36694,3.843825e-48,3.96538e-48,1.992269e-28,0.003944141,0.0,2.393158e-47,7.029646e-46,4.087507e-46
264.1908409274836,0.011990814769557847,0,264.190844,125.548349,3.95044282,20.29882,1.045964e-47,1.076899e-47,5.569413e-28,0.003944141,0.0,8.015406e-48,2.252571e-46,1.443306e-46
999.0386431476707,0.002241935704905945,0,999.038643,125.548349,1321.85233,15.58386,2.278291e-50,2.351114e-50,1.190841e-30,0.003944141,0.0,2.899966e-47,8.447899e-46,5.015467e-46
28.415637908690723,0.0001513509386785553,0,28.4156383,125.548349,113119.97,7.956609,1.642074e-49,1.684963e-49,5.295232e-33,0.003944239,0.0,2.338952e-48,4.195937e-47,4.178263e-47
161.08431877512302,0.13581871873803847,0,161.084378,125.548349,0.0191171232,25.22452,3.811785e-45,3.920268e-45,1.452353e-25,0.003944141,0.0,5.110258e-48,1.440631e-46,9.177814e-47
16.41811871185894,0.00144511030547645,0,16.4181249,125.548349,3023.44081,10.87543,4.523972e-47,4.637854e-47,3.67952e-31,0.003953823,0.002448704,5.599156e-48,8.58995e-47,8.962122e-47
21.134566697478196,0.0005310982865281952,0,21.1345685,125.548349,16501.9709,9.356285,3.679555e-48,3.77384e-48,5.396368e-32,0.003945417,0.0003233483,3.181093e-48,5.258625e-47,5.25931e-47
246.74915946467414,0.042629700915323816,0,246.749172,125.548349,0.311964155,22.80736,1.525345e-46,1.570255e-46,7.96218e-27,0.003944141,0.0,7.50727e-48,2.104598e-46,1.36536e-46
448.7111437242807,0.0057578167221295565,0,448.711145,125.548349,46.8793478,18.30334,7.968726e-49,8.212296e-49,4.148233e-29,0.003944141,0.0,1.348733e-47,3.842846e-46,2.215665e-46
709.650227783947,0.005931811318648669,0,709.650228,125.548349,110.15742,17.84373,3.250875e-49,3.352886e-49,1.680856e-29,0.003944141,0.0,2.091474e-47,6.101478e-46,3.537172e-46
414.5281361296302,0.022257422837525312,0,414.52814,125.548349,3.08044144,20.98959,1.40505e-47,1.447793e-47,7.323987e-28,0.003944141,0.0,1.248048e-47,3.554653e-46,2.045042e-46
73.15361780683244,0.006505178484120799,0,73.153624,125.548349,12.5075002,18.05786,4.406678e-47,4.527844e-47,1.485543e-28,0.003944141,0.0,2.792062e-48,7.005957e-47,4.788354e-47
340.93219612110755,0.14357248051217245,0,340.932226,125.548349,0.0599777122,24.81701,8.795753e-46,9.060149e-46,4.498774e-26,0.003944141,0.0,1.028998e-47,2.919055e-46,1.7506e-46
29.35381985552235,0.29141095254890276,0,29.3545154,125.548349,0.119200873,21.87413,5.698856e-43,5.848001e-43,2.026256e-26,0.3644954,0.9891792,2.302989e-48,4.16538e-47,4.075108e-47
642.8318055412047,0.0016162229568873088,0,642.831806,125.548349,1039.42609,15.42859,2.965757e-50,3.05831e-50,1.532447e-30,0.003944141,0.0,1.903613e-47,5.482541e-46,3.198e-46
36.26340733754897,0.5278532610601504,0,36.2644271,125.548349,0.0282801055,23.50654,1.21662e-42,1.248862e-42,8.969461e-26,1.096361,0.9964025,2.162892e-48,4.306263e-47,3.904845e-47
913.6280450660043,0.001516798719523215,0,913.628045,125.548349,2307.54094,14.94976,1.25598e-50,1.295936e-50,6.54084e-31,0.003944141,0.0,2.661525e-47,7.802889e-46,4.577989e-46
20.453129363735027,0.004369321238176305,0,20.4531443,125.548349,384.43482,13.21001,2.660426e-46,2.728446e-46,3.603954e-30,0.004030836,0.02150803,3.374237e-48,5.501518e-47,5.384695e-47
76.33126378108696,0.0036156871151998052,0,76.3312671,125.548349,29.9767584,17.41925,1.247859e-47,1.28224e-47,4.22555e-29,0.003944141,0.0,2.870561e-48,7.265162e-47,4.982956e-47
69.13418016500249,0.8374358073207975,0,69.1350288,125.548349,0.000820346029,27.52016,8.198326e-43,8.423134e-43,4.44531e-24,0.003944141,0.0,2.69117e-48,6.675363e-47,4.540749e-47
453.5009821032961,0.00022047425115853344,0,453.500982,125.548349,20763.2428,12.0169,1.142774e-51,1.177726e-51,5.950656e-32,0.003944141,0.0,1.362756e-47,3.882268e-46,2.239927e-46
25.14208480480904,0.030690482221831333,0,25.1421703,125.548349,9.41687535,17.22825,8.652357e-45,8.876614e-45,1.976821e-28,0.008089649,0.5124459,2.537271e-48,4.439649e-47,4.60947e-47
33.68576263290422,0.26569313281081725,0,33.6863152,125.548349,0.118637302,22.00936,3.581528e-43,3.676038e-43,2.002109e-26,0.290064,0.9864025,2.187493e-48,4.198513e-47,3.938102e-47
586.7770734724257,0.00016230297189723703,0,586.777073,125.548349,59998.6668,11.15981,3.617466e-52,3.729775e-52,1.869937e-32,0.003944141,0.0,1.745144e-47,4.963125e-46,2.914028e-46
728.8524725832374,0.0006354032929361361,0,728.852473,125.548349,7499.24122,13.51508,3.528298e-51,3.639178e-51,1.825666e-31,0.003944141,0.0,2.145305e-47,6.271524e-46,3.631662e-46
40.12051599727758,0.035034678923802895,0,40.1205772,125.548349,3.74232489,18.65571,4.362265e-45,4.478538e-45,4.976962e-28,0.008478525,0.5348081,2.163513e-48,4.440007e-47,3.862249e-47
33.74166843700492,0.5924941364619765,0,33.7428986,125.548349,0.0258136319,23.54296,1.774979e-42,1.821822e-42,9.98189e-26,1.425815,0.9972338,2.186635e-48,4.200641e-47,3.937369e-47
47.06032087968384,0.06170052544257954,0,47.0604127,125.548349,0.622549062,21.33528,9.770765e-45,1.003348e-44,2.795334e-27,0.01604578,0.7541945,2.215473e-48,4.80325e-47,3.912434e-47
93.38643362911758,0.00016410437187675718,0,93.3864338,125.548349,2757.73951,12.52219,1.699718e-50,1.747005e-50,4.872082e-31,0.003944141,0.0,3.282415e-48,8.648834e-47,6.026627e-47
209.32827688104118,0.0005104744138388262,0,209.328277,125.548349,966.273306,14.41141,3.089673e-50,3.179591e-50,1.589615e-30,0.003944141,0.0,6.438408e-48,1.814354e-46,1.172201e-46
65.4761826133957,0.03410670513226315,0,65.4762191,125.548349,0.122931739,22.14735,1.519951e-45,1.561519e-45,3.233352e-26,0.003944141,0.0,2.599232e-48,6.372321e-47,4.312801e-47
377.9127861765924,0.00028112566740570163,0,377.912786,125.548349,9243.34517,12.66113,2.719268e-51,2.801529e-51,1.431214e-31,0.003944141,0.0,1.139294e-47,3.239524e-46,1.893431e-46
162.29381815469648,0.02954041070883009,0,162.293831,125.548349,0.312753235,22.38059,1.775772e-46,1.826326e-46,7.857014e-27,0.003944141,0.0,5.143618e-48,1.451027e-46,9.241666e-47
26.225404320527176,0.03342241112480181,0,26.2254936,125.548349,7.78613969,17.4554,9.421254e-45,9.666097e-45,2.415076e-28,0.008819004,0.552768,2.454102e-48,4.332776e-47,4.455294e-47
384.81882758320967,0.016170259135582954,0,384.818831,125.548349,4.84893092,20.47061,8.662652e-48,8.924996e-48,4.539478e-28,0.003944141,0.0,1.159857e-47,3.299273e-46,1.919428e-46
85.36405421675036,0.004872279766089813,0,85.3640582,125.548349,5.052244,18.96021,1.800715e-47,1.850613e-47,4.181145e-28,0.003944141,0.0,3.085314e-48,7.99689e-47,5.537195e-47
594.1567022552948,0.007507049291399744,0,594.156703,125.548349,49.8677283,18.47523,7.539987e-49,7.774244e-49,3.894731e-29,0.003944141,0.0,1.766062e-47,5.028878e-46,2.951205e-46
214.02148867686915,0.0030284491184045035,0,214.02149,125.548349,35.7646202,17.8278,1.037796e-48,1.068049e-48,5.371469e-29,0.003944141,0.0,6.570489e-48,1.848468e-46,1.196731e-46
20.05821186488666,0.003547644971184661,0,20.0582243,125.548349,565.732596,12.80666,1.824117e-46,1.870692e-46,2.358243e-30,0.004001425,0.01431586,3.502159e-48,5.665144e-47,5.539848e-47
326.1004462267137,0.0024655620557082836,0,326.100447,125.548349,120.466797,16.98331,2.846761e-49,2.932096e-49,1.512462e-29,0.003944141,0.0,9.84768e-48,2.791105e-46,1.691133e-46
145.34881844950638,0.001673693437011832,0,145.348819,125.548349,56.9193817,16.96296,7.145154e-49,7.347675e-49,3.228726e-29,0.003944141,0.0,4.675487e-48,1.303731e-46,8.411041e-47
121.10411945694003,0.0004895711564173425,0,121.10412,125.548349,558.492519,14.50479,8.884456e-50,9.134401e-50,2.652299e-30,0.003944141,0.0,4.010297e-48,1.096675e-46,7.378925e-47
69.09953256335463,0.017740182532348516,0,69.0995505,125.548349,1.33548393,19.99752,3.68294e-46,3.783928e-46,2.011726e-27,0.003944141,0.0,2.690276e-48,6.672432e-47,4.53856e-47
211.72906980610995,0.026660556669279894,0,211.729079,125.548349,0.574149136,22.0215,8.227379e-47,8.467025e-47,4.169951e-27,0.003944141,0.0,6.505893e-48,1.831763e-46,1.18476e-46
13.38380426206491,0.01514065147029184,0,13.3838835,125.548349,44.5599293,15.0879,7.462365e-45,7.647326e-45,3.845001e-29,0.005019924,0.2143026,1.075402e-47,1.607619e-46,1.663935e-46
101.78109642617143,0.010770023505951387,0,101.781104,125.548349,1.23909392,20.5192,6.138087e-47,6.309498e-47,1.891356e-27,0.003944141,0.0,3.496633e-48,9.341159e-47,6.506384e-47
743.0421282212163,0.1752372078970265,0,743.042145,125.548349,0.194950933,24.39535,2.577945e-46,2.659045e-46,1.321877e-26,0.003944141,0.0,2.185049e-47,6.395861e-46,3.701944e-46
25.688235524329993,0.44868249220697326,0,25.6894592,125.548349,0.0593706939,22.4777,1.770411e-42,1.816361e-42,4.287813e-26,0.8862413,0.9955496,2.492399e-48,4.381755e-47,4.529786e-47
18.79432738792808,0.00017765456067484877,0,18.7943281,125.548349,110646.271,7.242893,5.213984e-49,5.346513e-49,5.781118e-33,0.003944286,0.0,4.010793e-48,6.342118e-47,6.395067e-47
173.16568373631807,0.004195551651995051,0,173.165685,125.548349,13.9151045,18.57243,3.135689e-48,3.225198e-48,1.443297e-28,0.003944141,0.0,5.442582e-48,1.542571e-46,9.822678e-47
11.01111557057241,0.0006251495760053105,0,11.0111195,125.548349,14240.4868,8.924914,1.870847e-47,1.916488e-47,6.217148e-32,0.003945989,0.0004683426,2.671221e-47,3.418909e-46,3.206397e-46
791.3929399921664,0.0002552528193564439,0,791.39294,125.548349,46816.8103,11.65243,4.796607e-52,4.948026e-52,2.486486e-32,0.003944141,0.0,2.320291e-47,6.81108e-46,3.953376e-46
191.26783997567807,0.00018054326932938884,0,191.26784,125.548349,5704.29389,12.49308,4.679974e-51,4.815132e-51,2.30422e-31,0.003944141,0.0,5.93674e-48,1.683383e-46,1.077495e-46
66.22785496541324,0.004182484442243443,0,66.2278594,125.548349,9.81348097,17.68553,2.232929e-47,2.29403e-47,3.097347e-28,0.003944141,0.0,2.618042e-48,6.43469e-47,4.360968e-47
109.40089725411701,0.007602160977137893,0,109.400902,125.548349,2.79002924,19.76463,2.637971e-47,2.711867e-47,8.010109e-28,0.003944141,0.0,3.696405e-48,9.978383e-47,6.85883e-47
56.63066600136295,0.00024886172236458825,0,56.6306663,125.548349,7.05595259,19.51748,1.088922e-49,1.118486e-49,2.706531e-31,0.003944269,0.0,2.388251e-48,5.637161e-47,3.968932e-47
92.8714142665971,0.0021466887060948565,0,92.8714159,125.548349,22.8972059,17.45841,2.941651e-48,3.023471e-48,8.311368e-29,0.003944141,0.0,3.269514e-48,8.606757e-47,5.994912e-47
223.53022466551857,0.00468770129558897,0,223.530226,125.548349,16.949649,18.64848,2.269285e-48,2.335647e-48,1.187932e-28,0.003944141,0.0,6.839995e-48,1.919097e-46,1.246091e-46
385.0854743656518,0.00014526748868192035,0,385.085474,125.548349,32077.5502,11.41984,6.981122e-52,7.19255e-52,3.669811e-32,0.003944141,0.0,1.16065e-47,3.301578e-46,1.920424e-46
12.68186056177948,0.0053752013280519186,0,12.6818903,125.548349,300.948915,13.08204,1.04657e-45,1.072399e-45,4.782485e-30,0.00408006,0.03331289,1.341436e-47,1.941849e-46,1.984172e-46
57.99952384354136,0.0002558063785930419,0,57.9995242,125.548349,2.89469726,20.2921,1.095704e-49,1.125489e-49,4.761925e-31,0.003944261,0.0,2.418964e-48,5.750783e-47,3.97549e-47
93.32700925811422,0.011448958930853678,0,93.3270179,125.548349,0.9666221,20.71484,8.283889e-47,8.514349e-47,2.370904e-27,0.003944141,0.0,3.280925e-48,8.643978e-47,6.022974e-47
78.81857954125519,0.00010274828582915602,0,78.8185796,125.548349,11275.9681,11.30482,9.436628e-51,9.697017e-51,4.244739e-32,0.003944141,0.0,2.930649e-48,7.467094e-47,5.134424e-47
19.702229058509374,0.003880840390168328,0,19.7022429,125.548349,483.594479,12.94451,2.262945e-46,2.320654e-46,2.803543e-30,0.004012827,0.0171167,3.628973e-48,5.830035e-47,5.724311e-47
13.56781790272742,0.00017432553983131357,0,13.5678188,125.548349,118828.387,6.864043,9.628066e-49,9.866961e-49,5.113842e-33,0.003944284,0.0,1.019247e-47,1.534101e-46,1.591224e-46
230.10889916059256,0.056770189561453896,0,230.108916,125.548349,0.159515062,23.41828,3.131564e-46,3.223329e-46,1.599938e-26,0.003944141,0.0,7.027823e-48,1.969782e-46,1.280119e-46
704.648089835687,0.039539863829497535,0,704.648094,125.548349,2.99508636,21.53631,1.465876e-47,1.511856e-47,7.563147e-28,0.003944141,0.0,2.077441e-47,6.056845e-46,3.512249e-46
384.35895483031726,0.00041111933466163005,0,384.358955,125.548349,4750.79657,13.39394,5.613553e-51,5.783544e-51,2.951126e-31,0.003944141,0.0,1.158488e-47,3.295298e-46,1.91771e-46
11.038464615950124,0.002851796879808351,0,11.0384827,125.548349,980.853662,11.72404,3.874248e-46,3.968784e-46,1.294804e-30,0.003982596,0.0096558,2.634092e-47,3.381532e-46,3.180654e-46
11.965668417979094,0.07861334967777528,0,11.9661287,125.548349,2.16454677,18.16175,2.511127e-43,2.572812e-43,1.007521e-27,0.03308438,0.8807854,1.739376e-47,2.412772e-46,2.414478e-46
106.00271680245746,0.00032518299209085145,0,106.002717,125.548349,972.90127,13.70684,5.148901e-50,5.29294e-50,1.574676e-30,0.003944141,0.0,3.606777e-48,9.693378e-47,6.706772e-47
140.12907371435278,0.1783580270230721,0,140.129163,125.548349,0.00981027376,25.76897,8.745431e-45,8.992945e-45,2.895353e-25,0.003944141,0.0,4.531374e-48,1.258457e-46,8.193293e-47
163.18972393645603,0.044252830346844366,0,163.189743,125.548349,0.148855599,23.1375,3.940384e-46,4.052585e-46,1.708395e-26,0.003944141,0.0,5.168319e-48,1.458705e-46,9.289242e-47
565.0015651468802,0.5825754653338048,0,565.001637,125.548349,0.0117207623,26.99612,5.04324e-45,5.199477e-45,2.474274e-25,0.003944141,0.0,1.683307e-47,4.775754e-46,2.803587e-46
624.7864126052301,0.02555036994165734,0,624.786415,125.548349,5.41815479,20.81934,7.865149e-48,8.110205e-48,4.056466e-28,0.003944141,0.0,1.852699e-47,5.311737e-46,3.105704e-46
951.89459707704,0.0001507859941530619,0,951.894597,125.548349,172870.793,10.4631,1.139633e-52,1.175967e-52,5.944875e-33,0.003944141,0.0,2.768321e-47,8.096649e-46,4.774476e-46
46.48068962435255,0.004330098539866427,0,46.4806962,125.548349,31.9879781,18.24074,4.935565e-47,5.068186e-47,1.294576e-29,0.004004672,0.01511516,2.208504e-48,4.759867e-47,3.908442e-47
86.51427024255648,0.05681292628640166,0,86.5143162,125.548349,0.047283298,23.74294,2.3822e-45,2.448251e-45,5.732678e-26,0.003944141,0.0,3.113031e-48,8.090028e-47,5.607221e-47
971.0880859009726,0.007527715205378059,0,971.088086,125.548349,129.015,17.97961,2.724768e-49,2.811731e-49,1.422218e-29,0.003944141,0.0,2.821904e-47,8.241058e-46,4.87264e-46
251.60866319589286,0.0030689825290934718,0,251.608664,125.548349,47.1836869,17.68331,7.589059e-49,7.81279e-49,4.047213e-29,0.003944141,0.0,7.648324e-48,2.145275e-46,1.388141e-46
13.027762421958943,0.0010054719142440515,0,13.0277678,125.548349,6018.72388,9.964153,3.471862e-47,3.557732e-47,1.684639e-31,0.003948891,0.001202936,1.198948e-47,1.765258e-46,1.82187e-46
142.99425329034796,0.020412119809209824,0,142.994263,125.548349,0.500451655,21.79945,1.098919e-46,1.130046e-46,4.759593e-27,0.003944141,0.0,4.610449e-48,1.283256e-46,8.31244e-47
202.0844460604111,0.48652107821214774,0,202.084615,125.548349,0.00267150732,27.47167,3.023328e-44,3.111069e-44,1.121276e-24,0.003944141,0.0,6.235879e-48,1.762091e-46,1.134251e-46
66.2913633410135,0.023586289614841053,0,66.2913883,125.548349,0.363635191,21.11513,7.087178e-46,7.281118e-46,9.531348e-27,0.003944141,0.0,2.619634e-48,6.439959e-47,4.364908e-47
308.11879581693546,0.2991148053471448,0,308.118864,125.548349,0.0124640357,26.31096,4.717498e-45,4.858407e-45,2.302972e-25,0.003944141,0.0,9.312466e-48,2.636114e-46,1.619398e-46
659.3305291789671,0.057484642822422286,0,659.330535,125.548349,1.28961165,22.32019,3.558731e-47,3.669947e-47,1.832026e-27,0.003944141,0.0,1.95009e-47,5.638997e-46,3.282453e-46
171.13761424268154,0.00041913361783665697,0,171.137614,125.548349,1021.2669,14.16509,3.206666e-50,3.298143e-50,1.482644e-30,0.003944141,0.0,5.386961e-48,1.525803e-46,9.713687e-47
24.401948349349784,0.11328397636788622,0,24.4022736,125.548349,0.830402602,19.70786,1.252303e-43,1.284699e-43,2.642504e-27,0.06073782,0.9350628,2.609201e-48,4.532974e-47,4.720757e-47
49.5973085231913,0.0013301785156159907,0,49.5973104,125.548349,32.150518,18.37731,4.079463e-48,4.18946e-48,1.763476e-30,0.003949351,0.001319122,2.251793e-48,5.012493e-47,3.929124e-47
16.075903213778044,0.06089727007168783,0,16.0761686,125.548349,3.19235956,17.98682,8.379045e-44,8.589644e-44,6.499156e-28,0.02116296,0.81363,5.924786e-48,9.07786e-47,9.445687e-47
509.4002878830427,0.043339200845416544,0,509.400294,125.548349,1.31965273,22.04717,3.464438e-47,3.571124e-47,1.787027e-27,0.003944141,0.0,1.524536e-47,4.32668e-46,2.523451e-46
164.2333474615167,0.0068493702476436795,0,164.23335,125.548349,5.0121132,19.57012,9.317221e-48,9.58259e-48,4.265534e-28,0.003944141,0.0,5.19708e-48,1.467624e-46,9.344869e-47
896.2870734334595,0.1502609730462071,0,896.287085,125.548349,0.37628406,23.85674,1.282747e-46,1.323513e-46,6.638473e-27,0.003944141,0.0,2.613137e-47,7.667174e-46,4.489221e-46
116.31964054625249,0.00022777327945755943,0,116.319641,125.548349,2214.62677,13.0281,2.088619e-50,2.147279e-50,6.267323e-31,0.003944141,0.0,3.881122e-48,1.056172e-46,7.170996e-47
890.2574411482274,0.010996348043999715,0,890.257442,125.548349,53.3988169,18.77414,6.967025e-49,7.18836e-49,3.623454e-29,0.003944141,0.0,2.596311e-47,7.619603e-46,4.458436e-46
509.32163680536405,0.04144105395081431,0,509.321643,125.548349,1.43659425,21.99256,3.168637e-47,3.266213e-47,1.634805e-27,0.003944141,0.0,1.524311e-47,4.326061e-46,2.52305e-46
19.96149602439618,0.00044603740986765396,0,19.9614976,125.548349,22773.7449,8.963464,2.911658e-48,2.985977e-48,3.721082e-32,0.003945047,0.000229657,3.535485e-48,5.708205e-47,5.585927e-47
14.690475686417411,0.00042170280019495395,0,14.6904777,125.548349,26714.4079,8.528471,4.809994e-48,4.930075e-48,3.049212e-32,0.003944972,0.0002105119,7.713395e-48,1.181429e-46,1.218985e-46
194.0020438648094,0.00011146469227555138,0,194.002044,125.548349,14085.7723,11.58751,1.730617e-51,1.780664e-51,8.59273e-32,0.003944141,0.0,6.011959e-48,1.703479e-46,1.091826e-46
133.99454973427893,0.024499459130473918,0,133.994563,125.548349,0.327544008,22.16426,1.808562e-46,1.859655e-46,7.329916e-27,0.003944141,0.0,4.362428e-48,1.206023e-46,7.936254e-47
301.39541466123575,0.015732368969627583,0,301.395418,125.548349,3.08431813,20.65571,1.36668e-47,1.407444e-47,7.261048e-28,0.003944141,0.0,9.112801e-48,2.577504e-46,1.59231e-46
74.41655461783608,0.00010299073312020639,0,74.4165547,125.548349,19478.5494,10.78121,1.066522e-50,1.095871e-50,3.470176e-32,0.003944141,0.0,2.823452e-48,7.109181e-47,4.865914e-47
22.83477552385565,0.5173233257099481,0,22.8363626,125.548349,0.0490143391,22.55114,2.986135e-42,3.063049e-42,5.308872e-26,1.201337,0.9967169,2.819955e-48,4.805954e-47,4.968546e-47
11.857051133120668,0.00023113990751430193,0,11.8570525,125.548349,75686.3635,7.223849,2.210439e-48,2.264697e-48,8.687962e-33,0.003944393,0.0,1.816845e-47,2.501463e-46,2.492388e-46
344.4843078196979,0.12051364978356952,0,344.484332,125.548349,0.0852360078,24.47849,6.064463e-46,6.246876e-46,3.119077e-26,0.003944141,0.0,1.039596e-47,2.94979e-46,1.765013e-46
772.2937603125564,0.09460065317448191,0,772.293769,125.548349,0.68088491,23.10808,6.932319e-47,7.150866e-47,3.574461e-27,0.003944141,0.0,2.266898e-47,6.648625e-46,3.853027e-46
29.719601427964236,0.27935872740579676,0,29.72026,125.548349,0.12740197,21.81541,5.107214e-43,5.240977e-43,1.886233e-26,0.334124,0.9881956,2.290333e-48,4.157355e-47,4.045344e-47
92.30137812353995,0.007315116929075367,0,92.3013837,125.548349,2.25910456,19.8534,3.459148e-47,3.555335e-47,9.583881e-28,0.003944141,0.0,3.255272e-48,8.56023e-47,5.959726e-47
318.51078134831687,0.012626171156340224,0,318.510784,125.548349,5.24551916,20.1723,7.842413e-48,8.077152e-48,4.160241e-28,0.003944141,0.0,9.621597e-48,2.725946e-46,1.660986e-46
25.393135913674495,0.02250113692016579,0,25.393198,125.548349,16.6794247,16.65696,4.558302e-45,4.676522e-45,1.06973e-28,0.006168193,0.3605679,2.5159e-48,4.412026e-47,4.572543e-47
15.27647828230916,0.0021586835821839484,0,15.2764882,125.548349,1498.20793,11.53839,1.165832e-46,1.195023e-46,8.064873e-31,0.003965851,0.005474228,6.842899e-48,1.048499e-46,1.078266e-46
18.88191217221871,0.159959720200175,0,18.8825057,125.548349,0.493353507,20.04762,4.187488e-43,4.293961e-43,4.694004e-27,0.1211542,0.9674453,3.969567e-48,6.286068e-47,6.320262e-47
730.0892797872706,0.11255889029817556,0,730.089291,125.548349,0.438022721,23.51546,1.103295e-46,1.137971e-46,5.67333e-27,0.003944141,0.0,2.148771e-47,6.282407e-46,3.637743e-46
379.18435134803815,0.00043161676725308513,0,379.184351,125.548349,4225.3466,13.49508,6.365011e-51,6.557599e-51,3.349192e-31,0.003944141,0.0,1.143081e-47,3.250533e-46,1.898273e-46
25.16643514004194,0.05784196212324457,0,25.1665962,125.548349,2.87614655,18.44225,3.067324e-44,3.146829e-44,7.026296e-28,0.01866644,0.7887042,2.535129e-48,4.436878e-47,4.605853e-47
10.759187095110644,0.0007210338646017918,0,10.7591918,125.548349,11185.231,9.167349,2.60459e-47,2.668007e-47,8.208053e-32,0.003946601,0.0006233778,3.055983e-47,3.794965e-46,3.467239e-46
188.64183978051224,0.001369596051858722,0,188.64184,125.548349,129.570798,16.37566,2.774073e-49,2.85408e-49,1.352537e-29,0.003944141,0.0,5.864764e-48,1.663879e-46,1.063784e-46
706.7687365502721,0.010261354933961991,0,706.768738,125.548349,38.8748921,18.90744,9.811082e-49,1.011888e-48,5.071164e-29,0.003944141,0.0,2.083391e-47,6.075784e-46,3.522843e-46
631.3424337885793,0.25278747702362114,0,631.342462,125.548349,0.0705555706,25.2289,7.533075e-46,7.767922e-46,3.820482e-26,0.003944141,0.0,1.871207e-47,5.373619e-46,3.13915e-46
99.24096555779404,0.002287546086032665,0,99.2409672,125.548349,22.1701988,17.54402,2.916173e-48,2.99752e-48,8.992407e-29,0.003944141,0.0,3.431085e-48,9.130405e-47,6.36945e-47
146.75034448179133,0.0002238619439150377,0,146.750345,125.548349,2460.01783,13.09361,1.25338e-50,1.28892e-50,5.698534e-31,0.003944141,0.0,4.714215e-48,1.315946e-46,8.471334e-47
44.0365979532418,0.019820201935700728,0,44.0366295,125.548349,7.23578822,18.78061,1.154616e-45,1.18555e-45,2.150028e-28,0.005288877,0.2542573,2.185709e-48,4.603822e-47,3.891076e-47
28.569933365435784,0.005762889808206798,0,28.5699475,125.548349,188.268539,14.26451,2.354678e-46,2.416201e-46,7.716177e-30,0.004086183,0.0347616,2.332639e-48,4.18987e-47,4.159523e-47
25.067514486246726,0.020491802249554374,0,25.0675718,125.548349,20.0293561,16.44665,3.880601e-45,3.981161e-45,8.795616e-29,0.005793309,0.3191903,2.543897e-48,4.448228e-47,4.620547e-47
87.99352730510391,0.0008822526836530043,0,87.993528,125.548349,124.279071,15.714,5.548822e-49,5.702789e-49,1.372132e-29,0.003944141,0.0,3.148958e-48,8.209917e-47,5.696924e-47
48.361850253934676,0.10813807881882062,0,48.3620069,125.548349,0.1879958,22.45846,2.838659e-44,2.915096e-44,9.963826e-27,0.03975432,0.9007871,2.232998e-48,4.90726e-47,3.921216e-47
759.3370378372683,0.00027923882430414156,0,759.337038,125.548349,36717.6532,11.88228,6.256727e-52,6.453793e-52,3.240158e-32,0.003944141,0.0,2.230656e-47,6.537256e-46,3.785173e-46
135.44873544282206,0.00010737009636135462,0,135.448735,125.548349,8392.68739,11.78016,3.397696e-51,3.493725e-51,1.464274e-31,0.003944141,0.0,4.40242e-48,1.218358e-46,7.997088e-47
631.3239853175611,0.0006668904872802454,0,631.323985,125.548349,5193.62589,13.74209,5.243203e-51,5.406662e-51,2.709334e-31,0.003944141,0.0,1.871154e-47,5.373444e-46,3.139056e-46
117.08946009341558,0.8835335893759219,0,117.089989,125.548349,0.000350246043,29.0248,3.100477e-43,3.187579e-43,9.294346e-24,0.003944141,0.0,3.901849e-48,1.062686e-46,7.204871e-47
10.978094413645723,0.05367991303132572,0,10.978437,125.548349,4.54210135,17.32982,1.387499e-43,1.42134e-43,4.579659e-28,0.01757164,0.7755394,2.716672e-47,3.464387e-46,3.237872e-46
781.3041216690668,0.001356131219605128,0,781.304122,125.548349,2103.76371,14.89976,1.390597e-50,1.434465e-50,7.205892e-31,0.003944141,0.0,2.292092e-47,6.72552e-46,3.900483e-46
20.053062445110736,0.0008153500457984934,0,20.0530653,125.548349,7911.42847,10.03816,9.640185e-48,9.886324e-48,1.245531e-31,0.003947167,0.0007665974,3.503916e-48,5.667409e-47,5.542232e-47
127.91215658991582,0.0003982343575589353,0,127.912157,125.548349,727.604888,14.25381,5.255626e-50,5.403817e-50,1.97252e-30,0.003944141,0.0,4.195663e-48,1.154421e-46,7.675627e-47
231.89731144703345,0.0002793991397492654,0,231.897312,125.548349,3543.9701,13.17254,7.463041e-51,7.681849e-51,3.947439e-31,0.003944141,0.0,7.079062e-48,1.98388e-46,1.289447e-46
373.7767007878678,0.07514226564697782,0,373.776715,125.548349,0.246563915,23.44337,1.987958e-46,2.048055e-46,1.03081e-26,0.003944141,0.0,1.12697e-47,3.2037e-46,1.87775e-46
121.46365884571924,0.0002902901274199539,0,121.463659,125.548349,1461.546,13.55605,3.104751e-50,3.192107e-50,9.266012e-31,0.003944141,0.0,4.020045e-48,1.099722e-46,7.39445e-47
189.76746584321836,0.05228998580301501,0,189.767485,125.548349,0.136685291,23.37745,3.992398e-46,4.107612e-46,1.858796e-26,0.003944141,0.0,5.895584e-48,1.672267e-46,1.06965e-46
451.04380162739636,0.004059870601204434,0,451.043802,125.548349,91.5158063,17.60636,3.919184e-49,4.039014e-49,2.040191e-29,0.003944141,0.0,1.355565e-47,3.86209e-46,2.227496e-46
193.66748542483984,0.0323528610438341,0,193.667497,125.548349,0.346087127,22.45243,1.463353e-46,1.505665e-46,7.043861e-27,0.003944141,0.0,6.00274e-48,1.70103e-46,1.090071e-46
215.6173137303003,0.002959495868761138,0,215.617315,125.548349,37.8414735,17.76971,9.756971e-49,1.004156e-48,5.062428e-29,0.003944141,0.0,6.615546e-48,1.860156e-46,1.205049e-46
510.6273964632717,0.0002938661719585838,0,510.627397,125.548349,15507.1249,12.44142,1.584855e-51,1.633667e-51,8.214639e-32,0.003944141,0.0,1.528056e-47,4.336339e-46,2.529716e-46
14.022431715874795,0.00010034762961942071,0,14.0224322,125.548349,287814.563,6.003762,2.988018e-49,3.062348e-49,1.707766e-33,0.003944188,0.0,9.020603e-48,1.373065e-46,1.427996e-46
108.90356621199254,0.21702947748252951,0,108.903706,125.548349,0.00456276411,26.31047,2.170124e-44,2.230903e-44,6.59625e-25,0.003944141,0.0,3.683242e-48,9.936611e-47,6.836169e-47
11.300666216547327,0.20270999853520225,-2,,,,,,,,,,,,
110.22050961417582,0.0029404012726027265,0,110.220511,125.548349,17.0382611,17.93522,3.886609e-48,3.995517e-48,1.178212e-28,0.003944141,0.0,3.718139e-48,1.004729e-46,6.896187e-47
375.41867794786094,0.01707494870367847,0,375.418681,125.548349,4.15554378,20.58224,1.017136e-47,1.047893e-47,5.337074e-28,0.003944141,0.0,1.131863e-47,3.217925e-46,1.883942e-46
238.66770087388568,0.00010775605556714865,0,238.667701,125.548349,21440.5967,11.37595,1.045052e-51,1.075752e-51,5.552412e-32,0.003944141,0.0,7.273694e-48,2.038161e-46,1.324973e-46
712.2445274175678,0.00017270143371313172,0,712.244527,125.548349,77836.4194,11.03951,2.734736e-52,2.820568e-52,1.414549e-32,0.003944141,0.0,2.09875e-47,6.124572e-46,3.550017e-46
20.080399214664883,0.00033163643550114205,0,20.0804004,125.548349,37911.1271,8.443938,1.590489e-48,1.631103e-48,2.061639e-32,0.003944642,0.0001268862,3.494633e-48,5.655446e-47,5.529693e-47
11.402834693961962,0.0012616956797437237,0,11.4028424,125.548349,4149.26774,10.26416,7.113672e-47,7.287724e-47,2.559828e-31,0.00395166,0.001902749,2.209147e-47,2.938104e-46,2.856669e-46
540.1109636147231,0.006631812914530238,0,540.110964,125.548349,52.1367484,18.36808,7.179384e-49,7.401223e-49,3.713464e-29,0.003944141,0.0,1.612399e-47,4.570902e-46,2.677881e-46
45.65374786728927,0.5588795076495827,0,45.6546055,125.548349,0.0124956607,24.61342,8.528568e-43,8.757512e-43,1.984478e-25,1.033647,0.9961842,2.19955e-48,4.701849e-47,3.902668e-47
87.03828352449713,0.000649450071550083,0,87.038284,125.548349,219.899876,15.10584,3.074741e-49,3.160016e-49,7.483046e-30,0.003944141,0.0,3.125721e-48,8.132479e-47,5.639025e-47
14.99645182823252,0.4050261330690961,-2,,,,,,,,,,,,
129.99562137435205,0.8957005328038342,0,129.996104,125.548349,0.000166207369,29.84375,2.57215e-43,2.644725e-43,1.971939e-23,0.003944141,0.0,4.252697e-48,1.172105e-46,7.766208e-47
42.33569491676286,0.6286075227847421,0,42.3367351,125.548349,0.0135262785,24.456,1.25852e-42,1.292166e-42,1.880625e-25,1.405315,0.9971934,2.174683e-48,4.52269e-47,3.877746e-47
95.4129618132241,0.08953904584394576,0,95.4130276,125.548349,0.0194242623,24.71314,4.842546e-45,4.977398e-45,1.467054e-25,0.003944141,0.0,3.333469e-48,8.814827e-47,6.149425e-47
254.02451454068083,0.011261179468622245,0,254.024518,125.548349,4.11634534,20.22619,1.001554e-47,1.031099e-47,5.323954e-28,0.003944141,0.0,7.718605e-48,2.165673e-46,1.399141e-46
543.8878257473118,0.00018304053022841677,0,543.887826,125.548349,41622.5988,11.45722,5.390183e-52,5.556803e-52,2.789441e-32,0.003944141,0.0,1.623175e-47,4.601476e-46,2.696802e-46
16.383023193097273,0.07786851801683324,0,16.3833562,125.548349,2.00408112,18.45367,1.319118e-43,1.352319e-43,1.067765e-27,0.03205944,0.8769741,5.630797e-48,8.637039e-47,9.009325e-47
479.72963360566604,0.0005356462146029236,0,479.729634,125.548349,4542.07886,13.65702,5.99823e-51,6.182296e-51,3.115643e-31,0.003944141,0.0,1.439104e-47,4.093072e-46,2.371859e-46
86.4493513496188,0.023394789722311647,0,86.4493703,125.548349,0.25683623,21.99579,4.045664e-46,4.157832e-46,9.720465e-27,0.003944141,0.0,3.111461e-48,8.084768e-47,5.603275e-47
21.173399963547197,0.32396101485062173,0,21.1744719,125.548349,0.12385677,21.54659,1.363891e-42,1.398844e-42,2.009487e-26,0.4785076,0.9917574,3.170758e-48,5.245733e-47,5.25446e-47
558.1594349225919,0.03176104333741498,0,558.159439,125.548349,2.86357122,21.33055,1.537561e-47,1.58516e-47,7.929203e-28,0.003944141,0.0,1.66384e-47,4.718585e-46,2.768849e-46
71.07731168431326,0.00018636154568033253,0,71.0773119,125.548349,7739.89019,11.4903,3.83623e-50,3.941565e-50,1.528621e-31,0.003944141,0.0,2.740062e-48,6.835526e-47,4.660519e-47
10.950210916353658,0.0011059768104824269,0,10.950218,125.548349,5283.53481,9.956168,5.919692e-47,6.064041e-47,1.942411e-31,0.003949926,0.001464639,2.756914e-47,3.504405e-46,3.265782e-46
34.4649551103489,0.048245907169569495,0,34.4650532,125.548349,2.85610209,18.76765,1.127291e-44,1.157078e-44,6.844958e-28,0.01328876,0.7031973,2.177081e-48,4.229529e-47,3.927795e-47
58.37122983191001,0.003307972759897018,0,58.3712338,125.548349,0.0293941966,25.11671,1.80851e-47,1.857687e-47,9.391753e-29,0.003963479,0.00487898,2.427469e-48,5.781663e-47,3.980937e-47
11.284664232505223,0.00045061573372289003,0,11.284667,125.548349,24847.4992,8.365929,9.262097e-48,9.488519e-48,3.255028e-32,0.0039451,0.0002431976,2.334106e-47,3.071662e-46,2.960984e-46
19.064396874187306,0.01828592681713717,0,19.0644641,125.548349,28.3549678,15.85347,5.367791e-45,5.504366e-45,6.153683e-29,0.005474379,0.2795272,3.887502e-48,6.174919e-47,6.169259e-47
39.17578770640759,0.2590758256381168,0,39.176251,125.548349,0.0917663357,22.40475,2.504115e-43,2.570771e-43,2.558749e-26,0.2558522,0.9845843,2.160583e-48,4.408941e-47,3.869676e-47
47.333278910067335,0.05268280250487318,0,47.3333569,125.548349,0.748180122,21.34098,7.039801e-45,7.229147e-45,2.099886e-27,0.0127008,0.6894572,2.218939e-48,4.824353e-47,3.914296e-47
75.01686812257705,0.0011376886021003145,0,75.0168692,125.548349,279.642627,15.09318,1.280195e-48,1.315438e-48,4.164576e-30,0.003944141,0.0,2.83829e-48,7.158146e-47,4.902708e-47
39.37636561064699,0.0005897556120369404,0,39.3763667,125.548349,4061.13129,12.75554,1.284207e-48,1.3184e-48,1.342965e-31,0.003945442,0.0003297716,2.161087e-48,4.415447e-47,3.867483e-47
43.786121974654776,0.00027669737370969737,0,43.7861224,125.548349,2472.92443,13.69561,2.276601e-49,2.337576e-49,4.100621e-32,0.003944405,0.0,2.184006e-48,4.590591e-47,3.889245e-47
83.97645739004618,0.0012568056423117853,0,83.9764584,125.548349,67.0768668,16.29062,1.239032e-48,1.27334e-48,2.377627e-29,0.003944141,0.0,3.05215e-48,7.8846e-47,5.452144e-47
50.566802493401816,0.023197981547315123,0,50.5668346,125.548349,0.501572002,22.69276,1.192637e-45,1.224827e-45,6.213207e-28,0.005475797,0.2797138,2.267856e-48,5.098144e-47,3.935173e-47
315.9161990451003,0.4398111631634683,0,315.916297,125.548349,0.00644804954,27.00074,9.679827e-45,9.969414e-45,4.570358e-25,0.003944141,0.0,9.544367e-48,2.703623e-46,1.650652e-46
364.87291796184263,0.001187590689977159,0,364.872918,125.548349,596.117078,15.47869,5.222213e-50,5.379851e-50,2.754612e-30,0.003944141,0.0,1.100425e-47,3.126515e-46,1.844512e-46
10.847556670947151,0.0972999049486386,0,10.8481851,125.548349,1.5053055,18.44244,4.666851e-43,4.78056e-43,1.498807e-27,0.04873392,0.9190678,2.910605e-47,3.655178e-46,3.37084e-46
315.1999869901146,0.0009438629862183299,0,315.199987,125.548349,678.690638,15.19147,4.479348e-50,4.613335e-50,2.38576e-30,0.003944141,0.0,9.52305e-48,2.697447e-46,1.647794e-46
287.7665110581427,0.015530661723328178,0,287.766515,125.548349,2.87495135,20.69507,1.467245e-47,1.510881e-47,7.805737e-28,0.003944141,0.0,8.709127e-48,2.458103e-46,1.537771e-46
581.8746875513018,0.3168544952661556,0,581.874726,125.548349,0.0391535216,25.76124,1.40304e-45,1.446579e-45,7.056787e-26,0.003944141,0.0,1.731238e-47,4.920136e-46,2.889248e-46
232.27156204940331,0.0003569270643830244,0,232.271562,125.548349,2260.53819,13.67195,1.213823e-50,1.249415e-50,6.421793e-31,0.003944141,0.0,7.089795e-48,1.986843e-46,1.291409e-46
21.095237722994025,0.6287700696546875,-2,,,,,,,,,,,,
15.982263543116563,0.002915917213762647,0,15.9822763,125.548349,863.082864,12.17985,1.943723e-46,1.992556e-46,1.4879e-30,0.003983635,0.009914161,6.020266e-48,9.222475e-47,9.586345e-47
50.7852273874927,0.12484010080673202,0,50.7853996,125.548349,0.0797347196,23.88622,3.423649e-44,3.516078e-44,1.859977e-26,0.04794532,0.9177367,2.271623e-48,5.117714e-47,3.936567e-47
51.58472346670938,0.9320511342716042,0,51.5859893,125.548349,0.00211104176,26.70647,1.848338e-42,1.898279e-42,1.174086e-24,2.381625,0.9983439,2.285854e-48,5.189945e-47,3.941903e-47
155.26310983743585,0.00020102645589023364,0,155.26311,125.548349,3321.35395,12.84505,9.004548e-51,9.260445e-51,4.144705e-31,0.003944141,0.0,4.949514e-48,1.390213e-46,8.87853e-47
974.2410011042392,0.035752521255605484,0,974.241004,125.548349,6.80761065,20.98777,6.105024e-48,6.299904e-48,3.184167e-28,0.003944141,0.0,2.830708e-47,8.264595e-46,4.888785e-46
192.27969746676766,0.023766028314865545,0,192.279706,125.548349,0.612449785,21.89373,8.018617e-47,8.250313e-47,3.872486e-27,0.003944141,0.0,5.964544e-48,1.690842e-46,1.082795e-46
60.10955549544302,0.4229735328334753,0,60.1100485,125.548349,4.14977266e-05,31.51993,2.784525e-43,2.860354e-43,4.288037e-24,0.2516342,0.9843259,2.468059e-48,5.926213e-47,4.025375e-47
40.69436631422619,0.04295979271245913,0,40.6944403,125.548349,2.45105568,19.08103,6.371849e-45,6.541821e-45,7.783419e-28,0.01069381,0.6311753,2.165907e-48,4.459695e-47,3.862715e-47
11.78969776250435,0.42450799681658563,-2,,,,,,,,,,,,
773.1731506034483,0.012259983849625683,0,773.173152,125.548349,33.0828968,19.15971,1.161557e-48,1.198179e-48,6.014208e-29,0.003944141,0.0,2.269358e-47,6.65615e-46,3.857657e-46
320.0952332096002,0.031975634878245826,0,320.09524,125.548349,0.907959679,21.99808,4.977805e-47,5.126846e-47,2.625313e-27,0.003944141,0.0,9.668777e-48,2.739539e-46,1.667286e-46
815.7680456651875,0.0001744644430617593,0,815.768046,125.548349,99032.9508,10.92637,2.103639e-52,2.170156e-52,1.091407e-32,0.003944141,0.0,2.388389e-47,7.015452e-46,4.078792e-46
609.2549272995108,0.007047789755588183,0,609.254928,125.548349,59.0325318,18.35625,6.306855e-49,6.503079e-49,3.257494e-29,0.003944141,0.0,1.808804e-47,5.16667e-46,3.027132e-46
77.9996125293145,0.00039553811151577363,0,77.9996129,125.548349,1217.30623,13.65616,1.428674e-49,1.468077e-49,5.620326e-31,0.003944141,0.0,2.911021e-48,7.400676e-47,5.084508e-47
71.45290184250409,0.007289974669332005,0,71.452909,125.548349,9.54103927,18.18591,5.80709e-47,5.966582e-47,2.220621e-28,0.003944141,0.0,2.749496e-48,6.866429e-47,4.683665e-47
56.77392870796894,0.19642098883619094,0,56.7741711,125.548349,0.00139246949,28.46647,6.748527e-44,6.931774e-44,1.768139e-25,0.08300838,0.952485,2.391423e-48,5.649066e-47,3.968987e-47
562.4097197249464,0.004467355421526559,0,562.40972,125.548349,118.937659,17.54528,2.994136e-49,3.086868e-49,1.54792e-29,0.003944141,0.0,1.675935e-47,4.754012e-46,2.790421e-46
335.61940298400356,0.004205235990581795,0,335.619404,125.548349,46.759624,17.99698,7.797802e-49,8.031971e-49,4.133394e-29,0.003944141,0.0,1.013149e-47,2.873142e-46,1.729103e-46
85.18178428750954,0.06262349934393228,0,85.1818358,125.548349,0.0395200564,23.89693,2.98782e-45,3.070605e-45,6.884792e-26,0.003944141,0.0,3.080942e-48,7.982141e-47,5.526068e-47
13.715440193037894,0.06639819493667723,0,13.7157793,125.548349,2.84495656,17.9806,1.36701e-43,1.400958e-43,7.438023e-28,0.0246088,0.8397264,9.779755e-48,1.478597e-46,1.535896e-46
295.77365267624515,0.01726417990074115,0,295.773657,125.548349,2.48788885,20.87281,1.711894e-47,1.762894e-47,9.096028e-28,0.003944141,0.0,8.946101e-48,2.528309e-46,1.569704e-46
836.2791197648612,0.008786770227192124,0,836.279121,125.548349,72.2677445,18.43637,5.067106e-49,5.227543e-49,2.629895e-29,0.003944141,0.0,2.445662e-47,7.184865e-46,4.183257e-46
237.01550762799621,0.27131922841061784,0,237.015588,125.548349,0.00927206462,26.3556,6.722654e-45,6.920049e-45,3.104446e-25,0.003944141,0.0,7.226108e-48,2.02479e-46,1.316348e-46
652.9274932958238,0.00015754973142020304,0,652.927493,125.548349,77800.517,10.96909,2.728105e-52,2.813316e-52,1.409881e-32,0.003944141,0.0,1.932061e-47,5.578358e-46,3.249736e-46
550.4702879778723,0.5537575080156805,0,550.470358,125.548349,0.0122588052,26.91094,4.81115e-45,4.959974e-45,2.361368e-25,0.003944141,0.0,1.641942e-47,4.65516e-46,2.729933e-46
195.93351890315034,0.00021782444423850623,0,195.933519,125.548349,4192.10903,12.85158,6.471126e-51,6.65843e-51,3.230462e-31,0.003944141,0.0,6.06526e-48,1.717572e-46,1.101964e-46
110.97517103923136,0.0001558901301906128,0,110.975171,125.548349,4118.59862,12.31684,1.077274e-50,1.107469e-50,3.260922e-31,0.003944141,0.0,3.738188e-48,1.011079e-46,6.930559e-47
20.109056764588374,0.00011320564319549182,0,20.1090572,125.548349,228431.397,6.593147,1.847973e-49,1.895166e-49,2.403572e-33,0.003944199,0.0,3.48497e-48,5.643007e-47,5.516793e-47
16.02559844697792,0.0001599829085542532,0,16.0255991,125.548349,134707.728,6.889808,5.819441e-49,5.965673e-49,4.481928e-33,0.00394426,0.0,5.975861e-48,9.155129e-47,9.521004e-47
51.81090420445676,0.0139814938478558,0,51.8109231,125.548349,0.409219991,22.92272,4.122381e-46,4.23379e-46,2.753311e-28,0.00447429,0.1184878,2.289969e-48,5.210347e-47,3.943504e-47
26.865358761169784,0.0016655932698238455,0,26.8653631,125.548349,1902.73751,11.8111,2.228234e-47,2.28623e-47,6.110236e-31,0.003956184,0.003044167,2.414475e-48,4.282823e-47,4.371062e-47
97.87099651095014,0.0011871085823760136,0,97.8709974,125.548349,74.2001837,16.26781,8.080059e-49,8.305318e-49,2.485391e-29,0.003944141,0.0,3.395981e-48,9.017156e-47,6.292083e-47
210.04629072187228,0.011213155944302564,0,210.046294,125.548349,2.91743835,20.36125,1.480076e-47,1.523161e-47,7.563615e-28,0.003944141,0.0,6.458573e-48,1.819553e-46,1.175959e-46
148.12564010653938,0.3350271309354885,0,148.125799,125.548349,0.00358561788,26.85869,2.754118e-44,2.83224e-44,8.307825e-25,0.003944141,0.0,4.752231e-48,1.327947e-46,8.532403e-47
298.9823740646653,0.004980386496708041,0,298.982375,125.548349,26.7906366,18.4765,1.39286e-48,1.434385e-48,7.428646e-29,0.003944141,0.0,9.041218e-48,2.556404e-46,1.582595e-46
51.97599176348068,0.703185189078186,0,51.9769396,125.548349,0.00327046389,26.31,1.035956e-42,1.063958e-42,7.166131e-25,1.335719,0.9970472,2.293038e-48,5.225423e-47,3.944734e-47
97.71300087238663,0.0004453382044757246,0,97.7130012,125.548349,462.309183,14.38754,1.140907e-49,1.172711e-49,3.507662e-30,0.003944141,0.0,3.391945e-48,9.004115e-47,6.283046e-47
43.903981127247086,0.007047555275313093,0,43.9039924,125.548349,39.7425824,17.45869,1.46883e-46,1.508176e-46,2.687286e-29,0.004114655,0.04144061,2.184805e-48,4.596757e-47,3.890108e-47
22.086828279314425,0.002869535831171638,0,22.0868374,125.548349,799.418593,12.51032,9.828035e-47,1.008062e-46,1.606744e-30,0.003981163,0.009299377,2.959949e-48,4.983442e-47,5.103049e-47
86.30472424357544,0.0022514713844663027,0,86.3047261,125.548349,21.5403167,17.48719,3.759869e-48,3.864106e-48,9.000814e-29,0.003944141,0.0,3.107966e-48,8.073053e-47,5.594485e-47
10.103975607097134,0.5555798556561218,-2,,,,,,,,,,,,
235.83094737980556,0.0033316890367388907,0,235.830948,125.548349,35.6667395,17.93761,1.024405e-48,1.054474e-48,5.423781e-29,0.003944141,0.0,7.192022e-48,2.015251e-46,1.310129e-46
537.9197998696673,0.00011450881970789253,0,537.9198,125.548349,95268.8409,10.56298,2.158658e-52,2.225343e-52,1.117385e-32,0.003944141,0.0,1.606144e-47,4.553233e-46,2.666923e-46
46.98297646127327,0.03302821904059023,0,46.9830257,125.548349,1.67319629,20.7714,2.809186e-45,2.884713e-45,7.943096e-28,0.007419106,0.4683806,2.214512e-48,4.797343e-47,3.911904e-47
10.00442380945139,0.6630928221514243,-2,,,,,,,,,,,,
26.62680436598762,0.0062924096433120726,0,26.6268209,125.548349,170.137327,14.29433,3.238214e-46,3.32245e-46,8.659795e-30,0.004116368,0.04183946,2.428549e-48,4.300456e-47,4.401936e-47
37.96564211672175,0.0020016724053242983,0,37.9656458,125.548349,834.475145,13.28768,1.593543e-47,1.635886e-47,1.418506e-30,0.003959468,0.003870857,2.159125e-48,4.369235e-47,3.885088e-47
127.70553888244693,0.008589323503199162,0,127.705544,125.548349,2.31723639,20.16617,2.453031e-47,2.522193e-47,9.022334e-28,0.003944141,0.0,4.190016e-48,1.152668e-46,7.666603e-47
60.10395223499787,0.15395606254953675,0,60.1041317,125.548349,4.86664719e-05,31.41038,3.689825e-44,3.790307e-44,5.655291e-25,0.03679503,0.8928078,2.467919e-48,5.925721e-47,4.025181e-47
206.7015629396383,0.056754421142169886,0,206.701582,125.548349,0.133015347,23.50343,3.922276e-46,4.036313e-46,1.922606e-26,0.003944141,0.0,6.364775e-48,1.795377e-46,1.158443e-46
28.04696271529791,0.7110500234008338,0,28.0487388,125.548349,0.0229604968,23.50331,3.721096e-42,3.818209e-42,1.154928e-25,2.176539,0.9981879,2.354713e-48,4.21213e-47,4.223859e-47
521.5731687720095,0.03780774040742656,0,521.573174,125.548349,1.79447188,21.78217,2.509752e-47,2.587145e-47,1.294775e-27,0.003944141,0.0,1.559416e-47,4.42276e-46,2.585134e-46
561.5220283347213,0.5652629233351458,0,561.522099,125.548349,0.0122563309,26.94848,4.809527e-45,4.958471e-45,2.361983e-25,0.003944141,0.0,1.67341e-47,4.746591e-46,2.785913e-46
24.67538740723593,0.0008996671588140583,0,24.67539,125.548349,6067.70338,10.51272,7.722515e-48,7.92243e-48,1.678227e-31,0.003947716,0.0009055429,2.580973e-48,4.496312e-47,4.67938e-47
917.999780292001,0.39473509546705177,0,917.99981,125.548349,0.0624526803,25.72267,8.42216e-46,8.690162e-46,4.326151e-26,0.003944141,0.0,2.673725e-47,7.836847e-46,4.600428e-46
126.68935091683623,0.2309419521807591,0,126.689479,125.548349,0.00544303661,26.28502,1.802589e-44,1.853396e-44,5.382152e-25,0.003944141,0.0,4.162259e-48,1.144046e-46,7.62216e-47
23.504963491395767,0.001888968370351295,0,23.5049691,125.548349,1651.87442,11.83562,3.755918e-47,3.852843e-47,7.188385e-31,0.003960033,0.004013158,2.718433e-48,4.674785e-47,4.858424e-47
15.209261427227556,0.13652413329091634,0,15.2098903,125.548349,0.714930811,19.47823,4.703951e-43,4.821693e-43,3.222423e-27,0.09080399,0.9565642,6.931882e-48,1.062194e-46,1.092056e-46
13.866005058463037,0.002001018520884903,0,13.8660152,125.548349,1752.69577,11.32291,1.214949e-46,1.245146e-46,6.772781e-31,0.003962899,0.00473331,9.392772e-48,1.425357e-46,1.481805e-46
187.90341449781573,0.032099266714511306,0,187.903426,125.548349,0.336361847,22.45261,1.536658e-46,1.580959e-46,7.243855e-27,0.003944141,0.0,5.844573e-48,1.658352e-46,1.059943e-46
180.79061873693598,0.009992724470443358,0,180.790623,125.548349,2.8789825,20.25243,1.618558e-47,1.665023e-47,7.594525e-28,0.003944141,0.0,5.650924e-48,1.603918e-46,1.022903e-46
374.5550273314967,0.0006732777094832075,0,374.555027,125.548349,1808.75543,14.35361,1.589056e-50,1.6371e-50,8.367931e-31,0.003944141,0.0,1.129289e-47,3.210443e-46,1.88068e-46
207.60115044378912,0.005241827328299743,0,207.601152,125.548349,12.0533932,18.90968,3.315296e-48,3.411718e-48,1.694006e-28,0.003944141,0.0,6.389969e-48,1.80187e-46,1.163156e-46
209.22388652185984,0.0019454091883139516,0,209.223887,125.548349,79.1168786,16.98122,4.492038e-49,4.622763e-49,2.308167e-29,0.003944141,0.0,6.435478e-48,1.813599e-46,1.171654e-46
21.410227462588846,0.6531451218204201,-2,,,,,,,,,,,,
20.779017124271984,0.003892165340631117,0,20.7790302,125.548349,471.42619,13.01433,2.044922e-46,2.097261e-46,2.877893e-30,0.004012804,0.01711089,3.277798e-48,5.37971e-47,5.3093e-47
648.9092495638226,0.003824951095021536,0,648.90925,125.548349,211.114875,17.09255,1.628793e-49,1.67965e-49,8.415166e-30,0.003944141,0.0,1.920741e-47,5.540236e-46,3.229157e-46
109.34708570492941,0.0040121486219468604,0,109.347088,125.548349,9.3514144,18.51013,7.355082e-48,7.561112e-48,2.233591e-28,0.003944141,0.0,3.694979e-48,9.973861e-47,6.856377e-47
21.166219306690465,0.0002077515870931737,0,21.16622,125.548349,82615.9874,7.683883,5.613376e-49,5.757228e-49,8.262594e-33,0.003944336,0.0,3.172887e-48,5.248388e-47,5.255462e-47
294.40670325294855,0.32797382418039794,0,294.406781,125.548349,0.00965201124,26.5383,6.238381e-45,6.42418e-45,3.000404e-25,0.003944141,0.0,8.905608e-48,2.516332e-46,1.564226e-46
10.188765301041196,0.0015236184811294336,0,10.1887758,125.548349,3066.69011,10.45237,1.294149e-46,1.325512e-46,3.594118e-31,0.003955144,0.002781831,4.298282e-47,4.922504e-46,4.171887e-46
715.3813229240848,0.23200877105522608,0,715.381346,125.548349,0.106079087,24.9402,4.890528e-46,5.044059e-46,2.495961e-26,0.003944141,0.0,2.107547e-47,6.152445e-46,3.565494e-46
275.7851191500649,0.0024092613091089587,0,275.78512,125.548349,89.3529524,17.13543,3.859589e-49,3.974058e-49,2.064481e-29,0.003944141,0.0,8.35573e-48,2.353208e-46,1.489919e-46
28.656724593450665,0.6490020303783569,0,28.6583112,125.548349,0.0267423129,23.33643,2.967715e-42,3.045269e-42,9.814929e-26,1.803964,0.9978136,2.329102e-48,4.186588e-47,4.149001e-47
86.84658482776582,0.008020927041141384,0,86.8465913,125.548349,1.96000613,19.95988,4.711139e-47,4.841785e-47,1.142149e-27,0.003944141,0.0,3.121074e-48,8.116946e-47,5.627395e-47
200.68374264676748,0.3936329076546272,0,200.68388,125.548349,0.00383601848,27.10076,2.00846e-44,2.066714e-44,7.695278e-25,0.003944141,0.0,6.196912e-48,1.751985e-46,1.126905e-46
133.3701526454254,0.6907310190155437,0,133.370515,125.548349,0.00044907975,28.8091,1.451413e-43,1.492409e-43,7.275922e-24,0.003944141,0.0,4.345279e-48,1.200731e-46,7.910042e-47
339.88468047812864,0.0001944354302675628,0,339.884681,125.548349,14677.6822,12.09218,1.623587e-51,1.672382e-51,8.607906e-32,0.003944141,0.0,1.025872e-47,2.909996e-46,1.74635e-46
10.539838710165807,0.0010206455512505048,0,10.5398455,125.548349,6142.05824,9.769568,5.434259e-47,5.566342e-47,1.633044e-31,0.003949074,0.001249059,3.463655e-47,4.176679e-46,3.726473e-46
49.2488985712723,0.0032621416237856838,0,49.2489032,125.548349,11.7453295,19.44058,2.4891e-47,2.55619e-47,1.013022e-29,0.003975836,0.007971879,2.246294e-48,4.982298e-47,3.926949e-47
17.187356934697807,0.0018821315099936374,0,17.1873646,125.548349,1863.82284,11.43323,7.001702e-47,7.178543e-47,6.318043e-31,0.003960506,0.004132056,4.968628e-48,7.673584e-47,8.03987e-47
29.759956174648508,0.0017420873366431507,0,29.7599603,125.548349,1601.11354,12.09272,1.980717e-47,2.032598e-47,7.345563e-31,0.003956976,0.003243655,2.288996e-48,4.156606e-47,4.042474e-47
13.059836633390933,0.7933507979169347,-2,,,,,,,,,,,,
25.66555750628594,0.20765830653756875,0,25.6661243,125.548349,0.255523656,20.94787,3.799212e-43,3.897812e-43,9.178645e-27,0.1929671,0.9795606,2.494186e-48,4.384052e-47,4.533117e-47
157.5706973254929,0.19618069804746865,0,157.570785,125.548349,0.00980194494,25.87526,8.320361e-45,8.556952e-45,2.909917e-25,0.003944141,0.0,5.013266e-48,1.410264e-46,8.995985e-47
142.27672515874502,0.19797913291787064,0,142.276823,125.548349,0.00838061241,25.91778,1.044487e-44,1.074067e-44,3.415133e-25,0.003944141,0.0,4.590641e-48,1.277033e-46,8.282696e-47
445.53016418339723,0.00048805365634347204,0,445.530164,125.548349,4655.59467,13.56451,5.811123e-51,5.988668e-51,3.028468e-31,0.003944141,0.0,1.339408e-47,3.816457e-46,2.199512e-46
880.2334701604636,0.008920269172669778,0,880.233471,125.548349,77.5503917,18.40846,4.693998e-49,4.843031e-49,2.44047e-29,0.003944141,0.0,2.56834e-47,7.540079e-46,4.407311e-46
29.688644291396518,0.00018565270836154064,0,29.6886447,125.548349,76014.8345,8.51166,2.260479e-49,2.31968e-49,8.321188e-33,0.003944287,0.0,2.291402e-48,4.157968e-47,4.047675e-47
59.46488819418513,0.00020489799780651306,0,59.4648884,125.548349,1.61536758,20.61897,6.680137e-50,6.861954e-50,6.456954e-31,0.003944206,0.0,2.452854e-48,5.872565e-47,4.005924e-47
31.13336598316061,0.13067786782742516,0,31.13366,125.548349,0.507484144,20.42703,1.016915e-43,1.043624e-43,4.350214e-27,0.07516932,0.9475299,2.24608e-48,4.144209e-47,3.973951e-47
14.490845602804317,0.11287969395758427,0,14.4913913,125.548349,1.03674266,19.06391,3.541339e-43,3.629656e-43,2.177753e-27,0.06349357,0.9378812,8.061639e-48,1.233601e-46,1.276501e-46
55.24652755111324,0.0911970845423631,0,55.2466432,125.548349,0.00656401868,27.06916,1.538196e-44,1.579905e-44,2.412954e-26,0.02291226,0.8278589,2.358295e-48,5.519148e-47,3.968484e-47
64.19663715609347,0.4136588518081032,0,64.1970886,125.548349,0.000378767205,27.9144,2.327914e-43,2.391516e-43,1.617308e-23,0.003944141,0.0,2.567395e-48,6.266084e-47,4.227414e-47
106.18271937068248,0.006071373010973274,0,106.182723,125.548349,4.01316704,19.35381,1.788644e-47,1.838684e-47,5.468089e-28,0.003944141,0.0,3.611504e-48,9.708445e-47,6.714776e-47
50.44968262371472,0.03943775140011882,0,50.4497374,125.548349,0.31274542,23.05583,3.463291e-45,3.556758e-45,1.745201e-27,0.008389775,0.5298872,2.265859e-48,5.087693e-47,3.934433e-47
294.67248319166924,0.0006388372908934321,0,294.672483,125.548349,1224.15275,14.5248,2.362405e-50,2.432769e-50,1.262534e-30,0.003944141,0.0,8.913478e-48,2.51866e-46,1.56529e-46
16.166847395805604,0.09495163899845659,0,16.1672589,125.548349,1.38751509,18.84023,2.014177e-43,2.064823e-43,1.582288e-27,0.04578874,0.9138622,5.834775e-48,8.942245e-47,9.312565e-47
13.22065881476356,0.00011666979815466007,0,13.2206594,125.548349,227397.994,6.176265,4.540249e-49,4.652674e-49,2.27635e-33,0.003944205,0.0,1.129488e-47,1.677201e-46,1.733954e-46
14.735988270772928,0.00771961058292489,0,14.736025,125.548349,149.830295,13.89792,1.601929e-45,1.641931e-45,1.022547e-29,0.004222381,0.06589655,7.637909e-48,1.170029e-46,1.206443e-46
83.09823099114723,0.09246515388796417,0,83.0983089,125.548349,0.0204105203,24.58689,6.852432e-45,7.042083e-45,1.186862e-25,0.003944141,0.0,3.031321e-48,7.813556e-47,5.397985e-47
129.01353550282417,0.5140140852487143,0,129.013815,125.548349,0.00100308733,27.9927,8.603362e-44,8.846035e-44,3.119312e-24,0.003944141,0.0,4.225799e-48,1.16377e-46,7.723629e-47
134.61038687091346,0.7167927216546177,0,134.61076,125.548349,0.000410486308,28.93028,1.533649e-43,1.576983e-43,8.011577e-24,0.003944141,0.0,4.37937e-48,1.211247e-46,7.962065e-47
42.36370463185295,0.2687245578052657,0,42.364149,125.548349,0.0678597019,22.78437,2.296901e-43,2.358309e-43,3.444154e-26,0.2599051,0.9848247,2.174848e-48,4.523851e-47,3.878022e-47
15.091649724235747,0.04938955322013169,0,15.091879,125.548349,4.80982122,17.50016,6.252624e-44,6.409039e-44,4.209438e-28,0.01531726,0.7425035,7.095298e-48,1.087305e-46,1.117728e-46
60.92879954593483,0.001802380191043597,0,60.9288016,125.548349,0.010017971,25.52371,4.918125e-48,5.052148e-48,1.648589e-28,0.003947897,0.0009512966,2.487575e-48,5.994311e-47,4.054748e-47
143.5029643964255,0.0006301963905774653,0,143.502965,125.548349,346.911935,15.08453,1.039877e-49,1.069336e-49,4.682288e-30,0.003944141,0.0,4.624497e-48,1.287674e-46,8.333572e-47
11.492259467926322,0.014528016365546972,0,11.492348,125.548349,50.2035277,14.86669,9.287642e-45,9.515032e-45,3.401861e-29,0.004940803,0.2017206,2.121542e-47,2.842754e-46,2.779342e-46
351.9399623537636,0.0015510863924218458,0,351.939963,125.548349,336.033979,16.02786,9.60622e-50,9.895548e-50,5.079218e-30,0.003944141,0.0,1.061842e-47,3.014373e-46,1.794964e-46
277.96417373796146,0.0003148407033031276,0,277.964174,125.548349,4039.43236,13.23171,6.48338e-51,6.675764e-51,3.470559e-31,0.003944141,0.0,8.419883e-48,2.372241e-46,1.498686e-46
39.26651488016797,0.08164089544392203,0,39.2666605,125.548349,0.809159929,20.16616,2.475003e-44,2.540893e-44,2.555564e-27,0.02892243,0.8636304,2.160803e-48,4.411878e-47,3.868655e-47
348.06807609747807,0.15013633385077935,0,348.068106,125.548349,0.0574899631,24.89041,9.210754e-46,9.487982e-46,4.703904e-26,0.003944141,0.0,1.050289e-47,2.980823e-46,1.779491e-46
70.53371182804203,0.00021700793293867292,0,70.533712,125.548349,5768.14567,11.6973,5.284069e-50,5.429105e-50,2.256856e-31,0.003944141,0.0,2.726393e-48,6.79076e-47,4.627011e-47
805.9738960634243,0.000583015820384739,0,805.973896,125.548349,10664.6525,13.23026,2.409027e-51,2.48515e-51,1.249397e-31,0.003944141,0.0,2.361032e-47,6.933731e-46,4.028674e-46
571.1247619328035,0.0005255317806684523,0,571.124762,125.548349,6632.86231,13.40712,4.012722e-51,4.13711e-51,2.074823e-31,0.003944141,0.0,1.700713e-47,4.827559e-46,2.834704e-46
87.63767773672535,0.02415288843127684,0,87.637697,125.548349,0.241668704,22.08409,4.193288e-46,4.309621e-46,1.031314e-26,0.003944141,0.0,3.140287e-48,8.181063e-47,5.675365e-47
300.85952042483626,0.0007533266288709281,0,300.859521,125.548349,939.78827,14.82504,3.145299e-50,3.239105e-50,1.679395e-30,0.003944141,0.0,9.0969e-48,2.572821e-46,1.590151e-46
465.746351640699,0.013838344975705965,0,465.746354,125.548349,9.62530866,19.95591,4.258477e-48,4.388928e-48,2.210672e-28,0.003944141,0.0,1.398496e-47,3.981586e-46,2.301504e-46
31.291965005701908,0.0037374238925817764,0,31.2919734,125.548349,377.72084,13.65124,8.232839e-47,8.449139e-47,3.580435e-30,0.004002305,0.01453251,2.241436e-48,4.144349e-47,3.968567e-47
19.407119604763437,0.0023323793868613055,0,19.407128,125.548349,1223.71076,11.98494,8.425681e-47,8.640325e-47,1.00725e-30,0.003968991,0.006260969,3.743269e-48,5.981162e-47,5.910028e-47
125.25715205722831,0.05495668725226866,0,125.257183,125.548349,0.075799376,23.63091,1.044832e-45,1.074267e-45,3.111055e-26,0.003944141,0.0,4.123187e-48,1.131893e-46,7.559449e-47
197.43380201804354,0.019573922626113984,0,197.433809,125.548349,0.919488143,21.47907,5.14139e-47,5.290305e-47,2.533323e-27,0.003944141,0.0,6.106754e-48,1.728472e-46,1.109842e-46
275.4927338964529,0.00031662703679104676,0,275.492734,125.548349,3926.91739,13.25921,6.680876e-51,6.879006e-51,3.576557e-31,0.003944141,0.0,8.347126e-48,2.350656e-46,1.488747e-46
51.99756975704296,0.008336219439512297,0,51.997581,125.548349,0.733668673,22.31673,1.454748e-46,1.494071e-46,1.010743e-28,0.004131146,0.04526711,2.293421e-48,5.227298e-47,3.944889e-47
52.440283205344805,0.0020679680919422068,0,52.440286,125.548349,3.74383894,20.58787,8.798596e-48,9.036532e-48,6.730575e-30,0.003955432,0.002854539,2.30174e-48,5.267541e-47,3.948325e-47
93.68535845276487,0.023460628531954266,0,93.685376,125.548349,0.247242667,22.09825,3.451233e-46,3.547264e-46,9.956705e-27,0.003944141,0.0,3.289917e-48,8.673277e-47,6.044976e-47
834.237279723501,0.008774706797505524,0,834.23728,125.548349,72.1134118,18.43636,5.078988e-49,5.23978e-49,2.635859e-29,0.003944141,0.0,2.439962e-47,7.168105e-46,4.172866e-46
13.621649508142447,0.0032130488187189334,0,13.621666,125.548349,751.397751,12.19329,3.24515e-46,3.325695e-46,1.738879e-30,0.003992547,0.01212409,1.003842e-47,1.513537e-46,1.57085e-46
157.99037694318088,0.026330181964874806,0,157.990389,125.548349,0.369095636,22.1943,1.490635e-46,1.533026e-46,6.599213e-27,0.003944141,0.0,5.024854e-48,1.413902e-46,9.017405e-47
79.59431855202001,0.030812896289794164,0,79.5943457,125.548349,0.303543415,22.04848,8.31806e-46,8.547689e-46,4.512719e-27,0.003944141,0.0,2.949086e-48,7.529959e-47,5.181849e-47
47.734654670701374,0.006892588909976092,0,47.7346648,125.548349,10.2810979,19.46979,1.184406e-46,1.216276e-46,3.760562e-29,0.004092337,0.03621308,2.224241e-48,4.856097e-47,3.917014e-47
873.1150832029255,0.0005573079911071253,0,873.115083,125.548349,13508.5107,13.06858,1.863452e-51,1.922591e-51,9.688718e-32,0.003944141,0.0,2.548476e-47,7.483273e-46,4.371029e-46
16.295145537902677,0.2082431918203298,0,16.2960408,125.548349,0.316123351,20.35988,9.535503e-43,9.775408e-43,7.626033e-27,0.2050984,0.9807695,5.711663e-48,8.757716e-47,9.129776e-47
261.44694106668544,0.012856068274662263,0,261.446945,125.548349,3.39024718,20.43494,1.228936e-47,1.265258e-47,6.538532e-28,0.003944141,0.0,7.93514e-48,2.228967e-46,1.43179e-46
25.628366417495517,0.03629013755889957,0,25.6284656,125.548349,6.79237117,17.59922,1.163759e-44,1.193959e-44,2.800336e-28,0.009718729,0.5941711,2.497093e-48,4.38779e-47,4.538506e-47
116.83118580070904,0.0002564573866478438,0,116.831186,125.548349,1791.40835,13.26212,2.624104e-50,2.697816e-50,7.868888e-31,0.003944141,0.0,3.894882e-48,1.060497e-46,7.193517e-47
535.374783871675,0.00010500026581088368,0,535.374784,125.548349,110353.01,10.42661,1.83309e-52,1.889703e-52,9.489632e-33,0.003944141,0.0,1.598877e-47,4.532772e-46,2.654205e-46
13.936270343261546,0.8140895754158344,-2,,,,,,,,,,,,
207.23017965770046,0.00015387929772547998,0,207.23018,125.548349,8693.14741,12.16937,2.867854e-51,2.951251e-51,1.470124e-31,0.003944141,0.0,6.379576e-48,1.799192e-46,1.161213e-46
290.6308863577042,0.00028467902434120026,0,290.630886,125.548349,5316.00781,12.97923,4.828736e-51,4.972433e-51,2.582213e-31,0.003944141,0.0,8.793832e-48,2.483225e-46,1.54916e-46
13.052877057993804,0.9705727956953185,-2,,,,,,,,,,,,
104.49284458560774,0.3791322604007255,0,104.493099,125.548349,0.00143102724,27.44412,7.207695e-44,7.409204e-44,2.211131e-24,0.003944141,0.0,3.567228e-48,9.567171e-47,6.63861e-47
176.61027834665282,0.0014731581160697762,0,176.610279,125.548349,102.684004,16.56283,3.701899e-49,3.807859e-49,1.727126e-29,0.003944141,0.0,5.536863e-48,1.570658e-46,1.000756e-46
787.4166231621971,0.28937973688693064,0,787.416649,125.548349,0.0839226742,25.28044,6.22996e-46,6.426573e-46,3.184548e-26,0.003944141,0.0,2.309178e-47,6.777426e-46,3.93259e-46
100.14496478825755,0.00015264392601039442,0,100.144965,125.548349,3507.40721,12.36039,1.274587e-50,1.310156e-50,3.931688e-31,0.003944141,0.0,3.454346e-48,9.205298e-47,6.419304e-47
80.68172642353717,0.00030296605656981177,0,80.6817267,125.548349,1203.70708,13.47397,7.82126e-50,8.037312e-50,6.404279e-31,0.003944141,0.0,2.974656e-48,7.618013e-47,5.248672e-47
31.405329912712883,0.08358603969778379,0,31.4055164,125.548349,1.1649451,19.58452,4.087674e-44,4.195092e-44,1.798871e-27,0.03300115,0.8804847,2.238131e-48,4.144684e-47,3.964869e-47
19.63852084017625,0.27719219797725264,0,19.6395097,125.548349,0.172120607,21.13051,1.161906e-42,1.19153e-42,1.428636e-26,0.3544794,0.9888734,3.652545e-48,5.861002e-47,5.761187e-47
28.19297770987261,0.8356123203755502,0,28.1950541,125.548349,0.0168033045,23.80004,5.085075e-42,5.217827e-42,1.602535e-25,3.000488,0.9986855,2.348295e-48,4.205368e-47,4.205587e-47
510.15834520649935,0.003638115419015206,0,510.158346,125.548349,144.123636,17.24112,2.433751e-49,2.508704e-49,1.261019e-29,0.003944141,0.0,1.526711e-47,4.332646e-46,2.527322e-46
13.949001663335618,0.03043693783516587,0,13.9491545,125.548349,12.1074943,16.47739,2.777769e-44,2.84684e-44,1.569205e-28,0.008282681,0.5238087,9.191268e-48,1.397176e-46,1.452942e-46
19.678730283244075,0.00019835716701133754,0,19.678731,125.548349,91122.9652,7.51545,5.926e-49,6.07711e-49,7.320914e-33,0.003944321,0.0,3.637763e-48,5.84157e-47,5.737973e-47
401.9936446178095,0.12690950024674336,0,401.993667,125.548349,0.105833011,24.41717,4.870639e-46,5.018536e-46,2.495587e-26,0.003944141,0.0,1.210902e-47,3.447313e-46,1.986973e-46
27.67079009897595,0.9955494511220554,-2,,,,,,,,,,,,
89.40565136758737,0.00038937801620140205,0,89.4056517,125.548349,565.579277,14.15898,1.046178e-49,1.075228e-49,2.64001e-30,0.003944141,0.0,3.183542e-48,8.32453e-47,5.782489e-47
10.576782011348548,0.0006358716952847473,0,10.5767862,125.548349,13955.7423,8.909951,2.094824e-47,2.145756e-47,6.346303e-32,0.003946055,0.000485132,3.389666e-47,4.108383e-46,3.680399e-46
630.4856354458566,0.001327039692119143,0,630.485636,125.548349,1445.19178,15.06843,2.081894e-50,2.146793e-50,1.075728e-30,0.003944141,0.0,1.868788e-47,5.365517e-46,3.134771e-46
11.673307488978335,0.004821135425033766,0,11.6733364,125.548349,374.556966,12.77081,9.91768e-46,1.016081e-45,3.763243e-30,0.004053838,0.02706002,1.960726e-47,2.664107e-46,2.631447e-46
42.57678801991356,0.0006767707911264628,0,42.5767891,125.548349,1342.2556,14.22772,1.442034e-48,1.480597e-48,2.221171e-31,0.003945758,0.0004097099,2.176149e-48,4.53301e-47,3.880059e-47
575.310428163556,0.0004075735564861958,0,575.310428,125.548349,10742.0002,12.90319,2.377052e-51,2.450768e-51,1.22898e-31,0.003944141,0.0,1.712603e-47,4.863348e-46,2.855964e-46
20.79497643637285,0.3866059457453972,0,20.7962789,125.548349,0.0893959693,21.87721,2.014212e-42,2.065768e-42,2.840376e-26,0.6813213,0.994211,3.272908e-48,5.373564e-47,5.306334e-47
10.884810244551268,0.0009315933152141506,0,10.8848162,125.548349,7146.17434,9.620153,4.249858e-47,4.353436e-47,1.375482e-31,0.003948247,0.001039818,2.853901e-47,3.599923e-46,3.33247e-46
15.827051201411056,0.0006699782901363684,0,15.8270542,125.548349,11836.433,9.434713,1.046347e-47,1.072616e-47,7.835926e-32,0.003946227,0.0005287073,6.184529e-48,9.472757e-47,9.821641e-47
196.79511979251947,0.0019208222041928213,0,196.79512,125.548349,73.2759522,16.99845,4.985277e-49,5.129629e-49,2.490786e-29,0.003944141,0.0,6.089079e-48,1.723836e-46,1.106488e-46
46.14997473746582,0.019669296394271864,0,46.1500046,125.548349,4.48906575,19.80383,1.033355e-45,1.061111e-45,2.582158e-28,0.005203839,0.242071,2.204778e-48,4.736072e-47,3.906143e-47
156.46319695586973,0.024431023298958562,0,156.463208,125.548349,0.417133464,22.04681,1.309148e-46,1.346363e-46,5.802625e-27,0.003944141,0.0,4.982672e-48,1.400649e-46,8.939499e-47
53.595675160814984,0.9937061655332154,0,53.5969741,125.548349,0.00119866477,27.43987,1.943019e-42,1.995623e-42,1.93821e-24,2.473112,0.9984052,2.324294e-48,5.372429e-47,3.95766e-47
30.23865169447206,0.3769020003627719,0,30.2395249,125.548349,0.0708246044,22.41338,8.975171e-43,9.210487e-43,3.498525e-26,0.6018877,0.993447,2.273349e-48,4.149366e-47,4.012538e-47
336.64474908497226,0.2803034876798133,0,336.644807,125.548349,0.0166970111,26.08315,3.442536e-45,3.545935e-45,1.702751e-25,0.003944141,0.0,1.016208e-47,2.881998e-46,1.733236e-46
31.78942258664069,0.0006991684083179948,0,31.7894241,125.548349,7617.02181,10.55266,2.790289e-48,2.863667e-48,1.278091e-31,0.003946166,0.0005130752,2.227206e-48,4.147882e-47,3.955607e-47
33.44761819191882,0.000540493183795203,0,33.4476193,125.548349,10978.2211,10.4109,1.503729e-48,1.543393e-48,8.196619e-32,0.003945328,0.0003009687,2.1913e-48,4.18982e-47,3.941151e-47
111.68222922012882,0.34998373731644955,0,111.682449,125.548349,0.001912111,27.22072,5.359621e-44,5.509889e-44,1.620208e-24,0.003944141,0.0,3.75701e-48,1.017035e-46,6.962727e-47
152.94574498713806,0.019409745864121575,0,152.945754,125.548349,0.616151994,21.63882,8.65713e-47,8.903006e-47,3.850072e-27,0.003944141,0.0,4.885469e-48,1.370021e-46,8.76226e-47
465.37777270808095,0.06134044885527418,0,465.377782,125.548349,0.567619238,22.81109,8.381036e-47,8.637762e-47,4.322922e-27,0.003944141,0.0,1.397423e-47,3.978623e-46,2.299653e-46
811.5139014329307,0.3891310718801681,0,811.513935,125.548349,0.0506161822,25.79534,1.05798e-45,1.091424e-45,5.392596e-26,0.003944141,0.0,2.376507e-47,6.980022e-46,4.057054e-46
63.47589743762517,0.11479417820478376,0,63.4760241,125.548349,0.00169872621,26.12361,1.834674e-44,1.884772e-44,4.976652e-24,0.003944141,0.0,2.549569e-48,6.206153e-47,4.181065e-47
444.0075437653658,0.104180226155128,0,444.00756,125.548349,0.188393049,23.89499,2.666859e-46,2.748322e-46,1.368802e-26,0.003944141,0.0,1.33494e-47,3.803763e-46,2.19178e-46
64.61591427458983,0.0022368892778615447,0,64.6159167,125.548349,13.7608429,17.1229,6.717267e-48,6.900854e-48,2.874213e-28,0.003944141,0.0,2.577792e-48,6.300881e-47,4.255309e-47
55.120614161263724,0.0018687826511296851,0,55.1206165,125.548349,0.777228181,22.08717,6.489255e-48,6.665195e-48,9.806984e-30,0.003952168,0.002031038,2.355629e-48,5.508133e-47,3.968043e-47
18.42419731651136,0.010108683284103408,0,18.4242358,125.548349,85.7908502,14.6862,1.756933e-45,1.801528e-45,1.859947e-29,0.00441335,0.1063158,4.194937e-48,6.594049e-47,6.713671e-47
546.1434972584746,0.003562388776565963,0,546.143498,125.548349,171.749383,17.13537,2.024146e-49,2.086731e-49,1.047063e-29,0.003944141,0.0,1.629608e-47,4.619813e-46,2.708129e-46
47.01262786541294,0.0005826448982912037,0,47.0126287,125.548349,294.683677,16.01311,8.730911e-49,8.965657e-49,2.479796e-31,0.003945222,0.0002738847,2.214878e-48,4.799598e-47,3.912107e-47
196.50888987566907,0.08367048631756561,0,196.50892,125.548349,0.0598722885,24.29202,9.48862e-46,9.763336e-46,4.408946e-26,0.003944141,0.0,6.081164e-48,1.721757e-46,1.104985e-46
108.2258381327047,0.1249416923040416,0,108.225919,125.548349,0.0130028167,25.22695,7.284744e-45,7.488714e-45,2.21739e-25,0.003944141,0.0,3.665324e-48,9.879705e-47,6.805538e-47
985.5418023377898,0.45262994791601274,0,985.541835,125.548349,0.0551339769,25.91526,9.552993e-46,9.858124e-46,4.921578e-26,0.003944141,0.0,2.862266e-47,8.348528e-46,4.946633e-46
32.45398001943488,0.040632290303058136,0,32.4540677,125.548349,4.32184259,18.28827,9.035699e-45,9.27361e-45,4.43668e-28,0.01073223,0.6324957,2.210669e-48,4.159988e-47,3.948455e-47
126.76439592265605,0.011312483281579813,0,126.764402,125.548349,1.39531313,20.64211,4.319973e-47,4.441737e-47,1.51401e-27,0.003944141,0.0,4.164305e-48,1.144682e-46,7.62544e-47
379.54608341399774,0.002726712543320322,0,379.546084,125.548349,136.158219,17.02125,2.535222e-49,2.611935e-49,1.333292e-29,0.003944141,0.0,1.144158e-47,3.253664e-46,1.899644e-46
24.108045324545337,0.004075132883039837,0,24.1080572,125.548349,403.475493,13.30275,1.66077e-46,1.703698e-46,3.394561e-30,0.004017791,0.0183309,2.642059e-48,4.575666e-47,4.765368e-47
442.94275476016594,0.1954394432772268,0,442.942786,125.548349,0.056850227,25.11278,9.432596e-46,9.720688e-46,4.777114e-26,0.003944141,0.0,1.331815e-47,3.794864e-46,2.186376e-46
130.71922508022814,0.08576410684352295,0,130.719271,125.548349,0.0325698402,24.52186,2.331561e-45,2.397362e-45,8.172711e-26,0.003944141,0.0,4.272515e-48,1.178241e-46,7.797378e-47
308.6468085068882,0.32161635963397994,0,308.646882,125.548349,0.0109413994,26.45199,5.434465e-45,5.596807e-45,2.637091e-25,0.003944141,0.0,9.328159e-48,2.640703e-46,1.621523e-46
225.98260767936594,0.000383404022435059,0,225.982608,125.548349,1882.2003,13.83203,1.483645e-50,1.527065e-50,7.807449e-31,0.003944141,0.0,6.909888e-48,1.937783e-46,1.258773e-46
78.17017539270242,0.5600536412923895,0,78.1706773,125.548349,0.00183819261,27.29883,2.851462e-43,2.930113e-43,1.148791e-24,0.003944141,0.0,2.915134e-48,7.414554e-47,5.094926e-47
197.3393978008874,0.24553700594291147,0,197.339485,125.548349,0.00858428324,26.25227,8.098407e-45,8.33296e-45,3.329263e-25,0.003944141,0.0,6.104143e-48,1.727788e-46,1.109347e-46
370.6163429253057,0.0032793105668519934,0,370.616344,125.548349,91.6402416,17.41049,3.853987e-49,3.970435e-49,2.029824e-29,0.003944141,0.0,1.11755e-47,3.176311e-46,1.865917e-46
849.7175425733304,0.19780240292423065,0,849.717559,125.548349,0.200853602,24.48507,2.483991e-46,2.562707e-46,1.279829e-26,0.003944141,0.0,2.483176e-47,7.294596e-46,4.251745e-46
30.979688919987975,0.23767637458802585,0,30.9802264,125.548349,0.164796041,21.56936,3.397907e-43,3.487125e-43,1.430546e-26,0.2399359,0.9835617,2.250624e-48,4.144365e-47,3.979462e-47
18.72108334140488,0.030124412219348768,0,18.7211961,125.548349,11.2956583,16.77582,1.51097e-44,1.549366e-44,1.660156e-28,0.008104665,0.5133493,4.045733e-48,6.389728e-47,6.457443e-47
16.107870846940596,0.00025750738323370614,0,16.107872,125.548349,60989.8437,7.74556,1.49234e-48,1.529854e-48,1.162669e-32,0.003944449,0.0,5.893173e-48,9.030145e-47,9.398987e-47
863.2041802358444,0.023505953962402026,0,863.204182,125.548349,11.9438752,20.29056,3.394726e-48,3.502395e-48,1.762712e-28,0.003944141,0.0,2.520817e-47,7.403719e-46,4.320521e-46
66.6351120466803,0.3756147373100025,0,66.635507,125.548349,0.00198336498,26.51266,1.778434e-43,1.827113e-43,2.045695e-24,0.003944141,0.0,2.628267e-48,6.468494e-47,4.386238e-47
89.29196195388643,0.2387771796123051,0,89.2921493,125.548349,0.00301355642,26.60221,3.944371e-44,4.053889e-44,9.935788e-25,0.003944141,0.0,3.180752e-48,8.315311e-47,5.775606e-47
773.214449388984,0.00413341958329028,0,773.21445,125.548349,256.729972,17.03322,1.320175e-49,1.361797e-49,6.83828e-30,0.003944141,0.0,2.269473e-47,6.656503e-46,3.857875e-46
482.8608080029508,0.15751472615741435,0,482.860831,125.548349,0.101752743,24.60941,5.116955e-46,5.274037e-46,2.605283e-26,0.003944141,0.0,1.448165e-47,4.117841e-46,2.387693e-46
136.91134176264706,0.010287107774028121,0,136.911347,125.548349,1.7036687,20.48482,3.051052e-47,3.137321e-47,1.30429e-27,0.003944141,0.0,4.442682e-48,1.230822e-46,8.058152e-47
656.5284305898282,0.14597041472476416,0,656.528446,125.548349,0.216678876,24.16532,2.315136e-46,2.38747e-46,1.184521e-26,0.003944141,0.0,1.942201e-47,5.612481e-46,3.26815e-46
669.6115616138162,0.0020039684896143817,0,669.611562,125.548349,753.340081,15.80641,4.187621e-50,4.318603e-50,2.16424e-30,0.003944141,0.0,1.979019e-47,5.735869e-46,3.334826e-46
348.5870474646527,0.042096374733741906,0,348.587056,125.548349,0.642121903,22.40978,7.218724e-47,7.436014e-47,3.782134e-27,0.003944141,0.0,1.051837e-47,2.985319e-46,1.781577e-46
17.263224212821015,0.00019028107310160682,0,17.263225,125.548349,100197.217,7.270513,7.093528e-49,7.272745e-49,6.465503e-33,0.003944308,0.0,4.912832e-48,7.594838e-47,7.955651e-47
132.867217881439,0.838985922955064,0,132.86766,125.548349,0.000223933017,29.57557,2.157958e-43,2.218901e-43,1.48827e-23,0.003944141,0.0,4.331466e-48,1.196466e-46,7.888853e-47
64.3032778739563,0.40095122318100845,0,64.3037147,125.548349,0.000447458816,27.76614,2.179669e-43,2.239227e-43,1.320898e-23,0.003944141,0.0,2.570039e-48,6.274943e-47,4.234473e-47
51.677425873636814,0.9645561097473805,0,51.6787335,125.548349,0.00194383903,26.76703,1.972255e-42,2.025549e-42,1.27638e-24,2.54081,0.9984477,2.287545e-48,5.198353e-47,3.942553e-47
51.12685887446726,0.0030763118554757115,0,51.1268631,125.548349,4.55042113,20.41978,2.05067e-47,2.106052e-47,1.191172e-29,0.003970516,0.00664274,2.277612e-48,5.148431e-47,3.938792e-47
50.60795652850977,0.0015296412741741027,0,50.6079586,125.548349,15.6973505,19.09068,5.176851e-48,5.316586e-48,2.718174e-30,0.003950791,0.00168307,2.26856e-48,5.10182e-47,3.935434e-47
62.14533777213523,0.07191981318128697,0,62.1454188,125.548349,4.23298753e-06,32.79042,7.52037e-45,7.725509e-45,2.33084e-24,0.007451741,0.4707088,2.51697e-48,6.095507e-47,4.107358e-47
67.58669574536981,0.4206335139066951,0,67.5871318,125.548349,0.00216640508,26.47942,2.166493e-43,2.225835e-43,1.752105e-24,0.003944141,0.0,2.652185e-48,6.547341e-47,4.445142e-47
60.32459798864515,0.04285712232334774,0,60.3246478,125.548349,8.2335355e-05,30.79831,2.837953e-45,2.91525e-45,5.227173e-26,0.006384596,0.3822411,2.473152e-48,5.944061e-47,4.032578e-47
62.251795515652404,0.052602401792763036,0,62.2518547,125.548349,5.12416229e-06,32.44831,4.008971e-45,4.118336e-45,1.812398e-24,0.005655087,0.3025499,2.519562e-48,6.104359e-47,4.112458e-47
52.13670926856296,0.10161868739212568,0,52.1368458,125.548349,0.0544193832,24.74509,2.149924e-44,2.208046e-44,1.53903e-26,0.03156906,0.8750631,2.296018e-48,5.239954e-47,3.945949e-47
55.109682925374706,0.008451199337271835,0,55.1096937,125.548349,0.0815298206,24.47974,1.327669e-46,1.363665e-46,2.00004e-28,0.004108412,0.03998416,2.355398e-48,5.507176e-47,3.967999e-47
50.96773582043087,0.9954365718670954,0,50.9691041,125.548349,0.00208537096,26.6719,2.160749e-42,2.219095e-42,1.211516e-24,2.782257,0.9985824,2.27483e-48,5.13422e-47,3.937756e-47
61.92892686596322,0.017746931060984992,0,61.9289469,125.548349,4.85253318e-05,30.47478,4.611994e-46,4.737777e-46,7.80647e-26,0.004191558,0.05902735,2.511709e-48,6.077502e-47,4.097256e-47
61.44578368566059,0.0002714210022395147,0,61.445784,125.548349,0.220137539,22.00511,1.096194e-49,1.126079e-49,7.300841e-30,0.003944213,0.0,2.500012e-48,6.037313e-47,4.075848e-47
59.10582918820883,0.0001499145404417511,0,59.1058294,125.548349,3.5715969,19.87742,3.62057e-50,3.719082e-50,2.799969e-31,0.003944177,0.0,2.444463e-48,5.842714e-47,3.996581e-47
50.17898707284421,0.1001087295803899,0,50.1791268,125.548349,0.131656383,23.38526,2.256215e-44,2.317088e-44,1.081909e-26,0.03286759,0.8799991,2.261302e-48,5.063643e-47,3.932738e-47
60.3836552231431,0.002419463312605454,0,60.383658,125.548349,0.00952041228,25.79769,9.026694e-48,9.272567e-48,1.751097e-28,0.003951827,0.001944795,2.474555e-48,5.948969e-47,4.034622e-47
52.52737246372493,0.0012814994794547365,0,52.5273742,125.548349,6.75312798,19.95332,3.367363e-48,3.458433e-48,2.626293e-30,0.00394846,0.0010939,2.303397e-48,5.275458e-47,3.94902e-47
50.10211359096308,0.050460133786224416,0,50.1021842,125.548349,0.297713811,22.99042,5.750357e-45,5.90549e-45,2.719256e-27,0.01131261,0.6513502,2.260022e-48,5.056832e-47,3.932259e-47
65.92454780768853,0.0009231519047236369,0,65.9245488,125.548349,154.990849,14.82651,1.098075e-48,1.128116e-48,1.783626e-29,0.003944141,0.0,2.610444e-48,6.409528e-47,4.341924e-47
68.21306022905803,0.0031349873680046416,0,68.2130634,125.548349,30.2855349,16.72746,1.180939e-47,1.2133e-47,7.954705e-29,0.003944141,0.0,2.667943e-48,6.599146e-47,4.483828e-47
51.44640194820705,0.003282966619973431,0,51.4464064,125.548349,3.41470174,20.70867,2.305894e-47,2.368189e-47,1.42831e-29,0.003973805,0.00746496,2.283326e-48,5.177303e-47,3.94094e-47
63.17996299162048,0.13156356489907844,0,63.1801089,125.548349,0.000619958909,26.99759,2.433001e-44,2.499423e-44,1.933449e-23,0.003944141,0.0,2.542284e-48,6.181551e-47,4.163058e-47
51.065737880278235,0.07568338886682777,0,51.0658417,125.548349,0.123878006,23.84294,1.244216e-44,1.277816e-44,7.140442e-27,0.01994536,0.8022527,2.276532e-48,5.14293e-47,3.93839e-47
61.64377511925328,0.48162969071718603,0,61.6443225,125.548349,5.24854394e-06,33.02993,3.428951e-43,3.522447e-43,3.186259e-23,0.2143881,0.9816028,2.50481e-48,6.053828e-47,4.084452e-47
62.478232614433935,0.0013090342020538204,0,62.4782341,125.548349,0.00362411679,25.15073,2.464329e-48,2.531568e-48,3.520083e-27,0.003944939,0.0002023548,2.525084e-48,6.123186e-47,4.123828e-47
61.735040393307074,0.9647824371879802,0,61.7361352,125.548349,4.44341923e-06,33.03452,1.371739e-42,1.409144e-42,1.464601e-22,0.8136459,0.9951525,2.507033e-48,6.061464e-47,4.088522e-47
69.8060021437607,0.014722828297494578,0,69.8060169,125.548349,2.12936101,19.5532,2.484384e-46,2.552541e-46,1.187184e-27,0.003944141,0.0,2.708073e-48,6.730759e-47,4.582141e-47
62.27302706902657,0.002818453705482995,0,62.2730302,125.548349,0.0010567571,26.85156,1.150115e-47,1.181491e-47,5.655631e-27,0.003948953,0.00121847,2.520078e-48,6.10612e-47,4.113491e-47
53.322669266794605,0.5813976163705321,0,53.3234331,125.548349,0.00334197662,26.57876,6.72124e-43,6.903157e-43,6.304609e-25,0.8606818,0.9954174,2.318858e-48,5.347706e-47,3.95547e-47
68.6562182151401,0.0005112544097920712,0,68.6562187,125.548349,988.118303,13.23917,3.099374e-49,3.184333e-49,1.867966e-30,0.003944141,0.0,2.679106e-48,6.635795e-47,4.511196e-47
55.9802266342654,0.6976381129748161,0,55.9810997,125.548349,0.000917728402,28.24942,8.761623e-43,8.999361e-43,1.736227e-24,1.061679,0.996285,2.374043e-48,5.582505e-47,3.969193e-47
60.78852053166887,0.00012237838684281405,0,60.7885207,125.548349,1.63125927,20.17439,2.278053e-50,2.340125e-50,6.544933e-31,0.003944159,0.0,2.484215e-48,5.982643e-47,4.049357e-47
58.65024363738236,0.000434971645613497,0,58.6502442,125.548349,0.761097349,21.60778,3.096591e-49,3.180813e-49,1.855808e-30,0.003944465,0.0,2.433895e-48,5.804847e-47,3.986312e-47
66.13477722860445,0.014591316831899525,0,66.1347927,125.548349,0.859554045,20.22811,2.725492e-46,2.800066e-46,3.960917e-27,0.003944141,0.0,2.615709e-48,6.42697e-47,4.355188e-47
51.68006097245073,0.0012085268494468687,0,51.6800626,125.548349,11.456785,19.41258,3.095977e-48,3.179637e-48,2.012074e-30,0.003948123,0.001008651,2.287569e-48,5.198474e-47,3.942563e-47
57.352259533911415,0.08256422830594694,0,57.3523604,125.548349,0.00106166408,28.77357,1.167937e-44,1.199667e-44,3.833042e-26,0.01725581,0.7714311,2.40432e-48,5.697045e-47,3.970359e-47
58.854310865655194,0.023382420755595226,0,58.8543387,125.548349,0.000804839054,28.81843,8.884962e-46,9.126661e-46,5.948369e-27,0.004857596,0.1880468,2.438618e-48,5.82181e-47,3.99069e-47
61.94827656207283,0.0010027967379037926,0,61.9482777,125.548349,0.0113503211,24.76067,1.471603e-48,1.511739e-48,2.611915e-28,0.003944922,0.0001979609,2.512178e-48,6.07911e-47,4.098146e-47
68.15815831678208,0.00635008658931784,0,68.1581648,125.548349,7.83793551,18.11439,4.853228e-47,4.986217e-47,3.317716e-28,0.003944141,0.0,2.66656e-48,6.594604e-47,4.480437e-47
56.029962737334316,0.00011506832637712338,0,56.0299629,125.548349,32.9893199,17.95344,2.379365e-50,2.44393e-50,4.800146e-32,0.00394417,0.0,2.375103e-48,5.586664e-47,3.969173e-47
56.91073374925185,0.420200698511444,0,56.911251,125.548349,0.000874833609,28.72899,3.073303e-43,3.156764e-43,8.477523e-25,0.3618329,0.9890996,2.394464e-48,5.660438e-47,3.969123e-47
63.44012254962358,0.0001600695052464067,0,63.4401227,125.548349,586.870855,12.76823,3.571405e-50,3.668924e-50,1.073368e-29,0.003944141,0.0,2.548684e-48,6.203168e-47,4.178842e-47
54.17914835287196,0.0018840771719627917,0,54.1791508,125.548349,1.40863209,21.48959,6.832326e-48,7.017403e-48,7.948885e-30,0.003952753,0.002178634,2.336062e-48,5.424749e-47,3.962114e-47
60.19765053255046,0.4226431014504098,0,60.1981424,125.548349,3.74338892e-05,31.60858,2.771861e-43,2.847351e-43,4.586154e-24,0.2472114,0.9840455,2.470148e-48,5.93354e-47,4.028288e-47
56.394421378149445,0.01180494971700748,0,56.394436,125.548349,0.0184482489,25.89319,2.471272e-46,2.538353e-46,5.645942e-28,0.004238155,0.06937303,2.383055e-48,5.617448e-47,3.968979e-47
62.47500198660279,0.015140489345923807,0,62.475019,125.548349,3.04296961e-05,30.18458,3.297025e-46,3.386984e-46,4.607892e-25,0.004051508,0.0265006,2.525005e-48,6.122919e-47,4.123662e-47
61.61138779843707,0.039637982362444146,0,61.6114329,125.548349,1.94809259e-05,31.68465,2.325049e-45,2.388443e-45,2.040726e-25,0.005389935,0.2682396,2.504015e-48,6.051092e-47,4.083007e-47
63.71821389994959,0.06277458611569713,0,63.7182829,125.548349,0.00835505851,24.58577,5.4438e-45,5.592479e-45,8.29986e-25,0.003944141,0.0,2.555547e-48,6.226291e-47,4.196304e-47
58.59392555496139,0.0019519281283927555,0,58.5939279,125.548349,0.0609405177,24.32787,6.248026e-48,6.417954e-48,3.635115e-29,0.003950708,0.001662122,2.432595e-48,5.800167e-47,3.985168e-47
54.67292773109671,0.00029749245270053976,0,54.6729281,125.548349,16.3642155,18.84022,1.672127e-49,1.717443e-49,2.223509e-31,0.00394435,0.0,2.346245e-48,5.468704e-47,3.965526e-47
50.292350530578894,0.03014685186564354,0,50.2923925,125.548349,0.447768786,22.7688,2.036667e-45,2.091624e-45,9.970133e-28,0.00655658,0.3984454,2.263199e-48,5.073691e-47,3.933445e-47
62.03196867818369,0.007592340927051505,0,62.0319773,125.548349,0.000210214938,28.82181,8.41234e-47,8.641788e-47,1.858239e-26,0.003986592,0.01064839,2.514211e-48,6.086071e-47,4.102026e-47
54.49629400131265,0.027836918352274295,0,54.4963298,125.548349,0.0268607907,25.66356,1.473777e-45,1.513711e-45,1.866694e-27,0.005791504,0.3189781,2.342583e-48,5.453035e-47,3.964354e-47
50.09652551763928,0.6701867258999981,0,50.0974628,125.548349,0.00502940705,25.70848,1.01455e-42,1.04192e-42,4.793558e-25,1.303947,0.9969752,2.259944e-48,5.056415e-47,3.93223e-47
57.50057486792662,0.01899293909147794,0,57.500598,125.548349,0.00367373542,27.47896,6.14791e-46,6.314956e-46,2.145466e-27,0.004639295,0.1498404,2.407655e-48,5.709351e-47,3.97113e-47
55.48263554335394,0.0006111714052486856,0,55.4826363,125.548349,3.39000211,20.46301,6.848435e-49,7.034176e-49,1.153876e-30,0.00394498,0.0002127456,2.363317e-48,5.539668e-47,3.969003e-47
63.65472115575291,0.0022283080916170495,0,63.6547236,125.548349,5.07907209,17.91027,6.873401e-48,7.061116e-48,1.19932e-27,0.003944141,0.0,2.553977e-48,6.221008e-47,4.192267e-47
55.955896799225755,0.32740198456804737,0,55.9563067,125.548349,0.00208806392,27.89722,1.931435e-43,1.983841e-43,3.802711e-25,0.2373033,0.9833793,2.373506e-48,5.580391e-47,3.969202e-47
57.35319731552401,0.0011064062308295966,0,57.3531987,125.548349,0.38976824,22.54978,2.097257e-48,2.154235e-48,6.885332e-30,0.003946531,0.0006056618,2.404339e-48,5.697115e-47,3.970363e-47
64.47825423845805,0.0016595267325072213,0,64.478256,125.548349,21.9811761,16.61682,3.713362e-48,3.81484e-48,1.836739e-28,0.003944141,0.0,2.574371e-48,6.289445e-47,4.246097e-47
63.48308805632095,0.592527071885581,0,63.483742,125.548349,6.91429936e-05,29.43521,4.886833e-43,5.020276e-43,1.297592e-22,0.003944141,0.0,2.549759e-48,6.206794e-47,4.181544e-47
53.2146251280127,0.008247331187867092,0,53.214636,125.548349,0.322911999,23.11309,1.358134e-46,1.394889e-46,1.241176e-28,0.004117446,0.04209033,2.316713e-48,5.337854e-47,3.95459e-47
61.73623091050674,0.05478203898071443,0,61.7362931,125.548349,1.08328884e-05,32.23774,4.422692e-45,4.543293e-45,4.908e-25,0.006554558,0.3982598,2.507037e-48,6.061477e-47,4.088529e-47
68.65668366295577,0.5418354424568259,0,68.6572366,125.548349,0.00172783196,26.7525,3.481139e-43,3.576564e-43,2.097549e-24,0.003944141,0.0,2.679132e-48,6.635879e-47,4.511259e-47
68.18703859315917,0.26891490365198994,0,68.1873149,125.548349,0.0060039131,25.44714,8.696031e-44,8.934326e-44,5.898108e-25,0.003944141,0.0,2.667294e-48,6.597016e-47,4.482238e-47
66.98765208676764,0.00012254642998822945,0,66.9876522,125.548349,9749.46968,10.74177,1.872705e-50,1.923978e-50,1.867854e-31,0.003944141,0.0,2.63711e-48,6.497682e-47,4.408049e-47
55.64027136953696,0.01010256873413293,0,55.6402841,125.548349,0.0414287745,25.13525,1.860415e-46,1.910879e-46,3.308459e-28,0.00417112,0.05441684,2.366692e-48,5.553293e-47,3.969169e-47
69.19178283453269,0.05444326781404597,0,69.191838,125.548349,0.159243485,22.15952,3.459238e-45,3.554098e-45,1.85397e-26,0.003944141,0.0,2.692601e-48,6.680056e-47,4.544255e-47
64.45304478934854,0.8521217907697402,0,64.453971,125.548349,0.000118116389,29.17787,9.797988e-43,1.006574e-42,4.978424e-23,0.003944141,0.0,2.573768e-48,6.287428e-47,4.244476e-47
63.75268153511131,0.00016861614433905553,0,63.7526817,125.548349,864.264848,12.51316,3.923315e-50,4.03047e-50,5.582038e-30,0.003944141,0.0,2.556396e-48,6.22915e-47,4.198499e-47
50.1437515787225,0.00015920860219877084,0,50.1437518,125.548349,358.653023,15.75144,5.714725e-50,5.868903e-50,2.722814e-32,0.003944214,0.0,2.260713e-48,5.06051e-47,3.932518e-47
69.6493739118432,0.9044465578047719,0,69.6502837,125.548349,0.000774431425,27.61161,9.418625e-43,9.676988e-43,4.625069e-24,0.003944141,0.0,2.704151e-48,6.717907e-47,4.572536e-47
53.99298996003155,0.0003561827864024539,0,53.9929904,125.548349,18.2970152,18.77265,2.459079e-49,2.525679e-49,2.725474e-31,0.003944452,0.0,2.332271e-48,5.40807e-47,3.96073e-47
58.03760266172458,0.0005178566386577636,0,58.0376033,125.548349,0.859399801,21.60222,4.484426e-49,4.606331e-49,1.983588e-30,0.003944632,0.0001244389,2.419832e-48,5.753946e-47,3.975953e-47
52.28268316750986,0.12619952559800926,0,52.2828523,125.548349,0.0415608601,24.90055,3.296928e-44,3.386072e-44,2.43614e-26,0.04628347,0.9147829,2.29876e-48,5.253227e-47,3.947083e-47
61.31222667577306,0.0896434393758265,0,61.3123291,125.548349,1.27490317e-05,32.35881,1.201073e-44,1.233813e-44,6.555098e-25,0.0122256,0.6773867,2.496794e-48,6.026213e-47,4.070218e-47
56.20019605840868,0.06600535019611051,0,56.2002783,125.548349,0.00336349267,27.70532,7.780596e-45,7.991757e-45,1.662251e-26,0.01326709,0.7027124,2.378809e-48,5.601103e-47,3.969082e-47
64.82770516573227,0.0002457829005049478,0,64.8277054,125.548349,1096.70582,12.59817,8.055623e-50,8.275823e-50,2.818002e-30,0.003944141,0.0,2.58306e-48,6.318473e-47,4.269518e-47
68.5320527065416,0.04456847996339393,0,68.5320983,125.548349,0.205706541,21.87511,2.364089e-45,2.428888e-45,1.467882e-26,0.003944141,0.0,2.675979e-48,6.625533e-47,4.503533e-47
65.60333834326832,0.03860290399969258,0,65.6033796,125.548349,0.103278147,22.32809,1.939393e-45,1.992437e-45,3.802573e-26,0.003944141,0.0,2.60241e-48,6.382876e-47,4.321157e-47
66.45003951500775,0.0031909803321128515,0,66.4500429,125.548349,17.8862016,17.11636,1.290856e-47,1.326185e-47,1.611676e-28,0.003944141,0.0,2.623613e-48,6.453116e-47,4.374745e-47
63.62366996842156,0.0006204637334376219,0,63.6236707,125.548349,57.9710944,15.30742,5.334425e-49,5.480106e-49,9.979072e-29,0.003944141,0.0,2.553211e-48,6.218426e-47,4.190305e-47
63.27046676201719,0.8646188042210463,0,63.2714241,125.548349,2.01399042e-05,30.57761,1.0477e-42,1.076305e-42,5.583094e-22,0.003944141,0.0,2.54453e-48,6.189143e-47,4.168535e-47
63.628608588634165,0.006150753043138391,0,63.6286154,125.548349,0.676189654,20.01122,5.24134e-47,5.384479e-47,9.695138e-27,0.003944141,0.0,2.553333e-48,6.218837e-47,4.190617e-47
60.46480886082083,0.055527508449850146,0,60.4648732,125.548349,5.37426911e-05,31.19356,4.74147e-45,4.870629e-45,9.89855e-26,0.007924183,0.5022653,2.476488e-48,5.955724e-47,4.037478e-47
60.773173432775096,0.208138627892723,0,60.7734134,125.548349,1.99584608e-05,32.12968,6.592963e-44,6.772603e-44,1.864156e-24,0.05606084,0.9296453,2.483854e-48,5.981386e-47,4.048785e-47
52.87546437229867,0.08359854300709661,0,52.8755751,125.548349,0.0400096258,25.19498,1.413795e-44,1.452044e-44,1.19333e-26,0.02203726,0.821024,2.310092e-48,5.307098e-47,3.951833e-47
57.641459127992285,0.016155414014024014,0,57.6414788,125.548349,0.00421805112,27.30083,4.425947e-46,4.54622e-46,1.639884e-27,0.004440627,0.1118054,2.410836e-48,5.721048e-47,3.972066e-47
56.9908357005164,0.0012163758136697525,0,56.9908372,125.548349,0.434507577,22.50311,2.567949e-48,2.637692e-48,7.302273e-30,0.003947121,0.0007548596,2.396234e-48,5.667041e-47,3.969248e-47
69.6040608076999,0.040131101279585885,0,69.6041012,125.548349,0.305652933,21.52096,1.856836e-45,1.907769e-45,9.194203e-27,0.003944141,0.0,2.702988e-48,6.714096e-47,4.569688e-47
56.72596553708824,0.05010935202165819,0,56.7260274,125.548349,0.00249944248,27.95012,4.399711e-45,4.519173e-45,1.132386e-26,0.009109373,0.5670239,2.390357e-48,5.645072e-47,3.968959e-47
53.74260738216683,0.023931432116399597,0,53.7426386,125.548349,0.0581942117,24.94124,1.1207e-45,1.151045e-45,1.165408e-27,0.005365714,0.2649365,2.327214e-48,5.385562e-47,3.958807e-47
63.374362822087576,0.32435794503179677,0,63.3747214,125.548349,0.000178873412,28.39131,1.46956e-43,1.509686e-43,5.40681e-23,0.003944141,0.0,2.547073e-48,6.197731e-47,4.174819e-47
53.38384023949323,0.02684088309146302,0,53.3838755,125.548349,0.0651681307,24.83726,1.429193e-45,1.467878e-45,1.360317e-27,0.005764742,0.3158166,2.320054e-48,5.353175e-47,3.955957e-47
69.50546257153886,0.003369465136535999,0,69.505466,125.548349,33.2187519,16.75491,1.312786e-47,1.348793e-47,6.619164e-29,0.003944141,0.0,2.700503e-48,6.705954e-47,4.563604e-47
61.510434601954316,0.00023574684008585982,0,61.5104349,125.548349,0.271428001,21.72701,8.251981e-50,8.476961e-50,6.095434e-30,0.003944194,0.0,2.501573e-48,6.042691e-47,4.078619e-47
52.40283476682475,0.0003039124901884234,0,52.4028352,125.548349,53.313787,17.72398,1.903079e-49,1.954541e-49,1.443768e-31,0.003944385,0.0,2.301029e-48,5.264136e-47,3.948028e-47
50.472370244462994,0.009443673865392398,0,50.4723834,125.548349,1.53609167,21.53569,1.984031e-46,2.037577e-46,1.01526e-28,0.004198845,0.06066045,2.266244e-48,5.089713e-47,3.934576e-47
62.02412419547089,0.001107562465474226,0,62.0241254,125.548349,0.00862308464,24.93745,1.790665e-48,1.839505e-48,3.871247e-28,0.003945049,0.0002301919,2.51402e-48,6.085418e-47,4.10166e-47
50.8429902948157,0.00037557837042736635,0,50.8429908,125.548349,90.0545419,17.22076,3.091552e-49,3.17502e-49,1.698413e-31,0.003944538,0.0001007455,2.272624e-48,5.122883e-47,3.936938e-47
51.04885855606185,0.21069378568235086,0,51.0491477,125.548349,0.0340032922,24.38942,9.649132e-44,9.909703e-44,5.519322e-26,0.128033,0.9691943,2.276238e-48,5.141426e-47,3.93828e-47
58.24885660378601,0.006562467269082436,0,58.2488645,125.548349,0.0105187668,26.22934,7.148175e-47,7.342527e-47,3.495429e-28,0.004021258,0.0191773,2.424662e-48,5.771496e-47,3.978907e-47
58.96578043040307,0.08203265651472098,0,58.9658779,125.548349,0.000214331322,30.19043,1.089353e-44,1.118989e-44,7.766149e-26,0.0150311,0.7376013,2.441207e-48,5.831081e-47,3.993235e-47
66.57925223112007,0.2544150454038005,0,66.5795199,125.548349,0.00412803423,25.72787,8.173069e-44,8.396772e-44,9.631699e-25,0.003944141,0.0,2.626861e-48,6.463852e-47,4.382769e-47
52.587903225511035,0.0001645258032340971,0,52.5879034,125.548349,112.816438,16.90209,5.537311e-50,5.687076e-50,4.377638e-32,0.003944212,0.0,2.304553e-48,5.28096e-47,3.949505e-47
67.36664801365825,0.6684427316713495,0,67.3673432,125.548349,0.000829699264,27.43024,5.507734e-43,5.658572e-43,4.789526e-24,0.003944141,0.0,2.646656e-48,6.529139e-47,4.431547e-47
58.100042450832966,0.01645585696443131,0,58.1000623,125.548349,0.00267601932,27.69173,4.518284e-46,4.641116e-46,2.057795e-27,0.00443665,0.1110092,2.421258e-48,5.759134e-47,3.976757e-47
67.05960551608634,0.00208646766676293,0,67.0596077,125.548349,49.0542489,16.12806,5.41673e-48,5.565042e-48,5.257568e-29,0.003944141,0.0,2.638919e-48,6.503645e-47,4.412503e-47
53.0269185747803,0.008790926481525407,0,53.0269302,125.548349,0.332817745,23.11039,1.554252e-46,1.596307e-46,1.35883e-28,0.004142807,0.04795442,2.313036e-48,5.320836e-47,3.953064e-47
50.961393335537245,0.0007824026215666926,0,50.9613944,125.548349,30.0481149,18.42808,1.335279e-48,1.371334e-48,7.507121e-31,0.003945858,0.0004351111,2.274694e-48,5.133526e-47,3.937706e-47
58.71651975068955,0.0021331435156269926,0,58.7165223,125.548349,0.0474348419,24.54629,7.430174e-48,7.632275e-48,4.613326e-29,0.003951872,0.001956154,2.435427e-48,5.810356e-47,3.987693e-47
54.313059853268996,0.027439355348516825,0,54.3130952,125.548349,0.0314765185,25.51502,1.441873e-45,1.480936e-45,1.738162e-27,0.005757452,0.3149503,2.338807e-48,5.436716e-47,3.963079e-47
59.56505480100978,0.0005939736101467062,0,59.5650555,125.548349,0.230539471,22.67123,5.594346e-49,5.746623e-49,5.778227e-30,0.003944676,0.0001355987,2.455204e-48,5.880893e-47,4.008722e-47
66.40392958481499,0.00633052779772343,0,66.4039363,125.548349,4.74449507,18.45399,5.087756e-47,5.226994e-47,6.488233e-28,0.003944141,0.0,2.622456e-48,6.449293e-47,4.371886e-47
67.70857560714185,0.0013610927054261703,0,67.708577,125.548349,130.804077,15.18062,2.260108e-48,2.32202e-48,1.759492e-29,0.003944141,0.0,2.655241e-48,6.557396e-47,4.452651e-47
51.73629652468431,0.13121659234680796,0,51.7364742,125.548349,0.0516903109,24.54368,3.641619e-44,3.740029e-44,2.394628e-26,0.05078195,0.9223318,2.288601e-48,5.203591e-47,3.942966e-47
55.141797279747784,0.0009122786249520292,0,55.1417984,125.548349,2.26034481,20.91046,1.545223e-48,1.587119e-48,2.34983e-30,0.003946051,0.0004841336,2.356076e-48,5.509987e-47,3.968127e-47
56.097217373252356,0.08275385625295699,0,56.0973207,125.548349,0.00331363011,27.73169,1.227607e-44,1.26092e-44,2.532937e-26,0.01870658,0.7891575,2.376566e-48,5.592386e-47,3.96914e-47
53.48735137439111,0.00011296854512625668,0,53.4873515,125.548349,123.960831,16.75382,2.521701e-50,2.589964e-50,2.461425e-32,0.003944173,0.0,2.322108e-48,5.36253e-47,3.956788e-47
59.340568560798964,0.005676277632211817,0,59.3405753,125.548349,0.0052084125,26.73807,5.148681e-47,5.2888e-47,4.59537e-28,0.003994624,0.01263767,2.449943e-48,5.862229e-47,4.002567e-47
51.0717222540314,0.007834208104341682,0,51.071733,125.548349,1.40015128,21.66453,1.332854e-46,1.368848e-46,7.658038e-29,0.004115554,0.04165006,2.276636e-48,5.143461e-47,3.938428e-47
53.945577192318964,0.0042138180990688315,0,53.9455827,125.548349,0.529694635,22.56826,3.447926e-47,3.541304e-47,3.775108e-29,0.003987755,0.01093699,2.331309e-48,5.403814e-47,3.960371e-47
51.30256785974204,0.011901750494957057,0,51.3025841,125.548349,0.699982352,22.38753,3.04798e-46,3.130311e-46,1.833784e-28,0.004336234,0.09042243,2.280741e-48,5.164295e-47,3.939964e-47
59.138649523962485,0.2403921955660711,0,59.1389343,125.548349,0.000134207843,30.59425,9.298926e-44,9.551949e-44,7.334237e-25,0.09703119,0.9593518,2.445234e-48,5.845466e-47,3.997397e-47
68.79975813678219,0.012353301893519512,0,68.7997707,125.548349,2.5198764,19.31356,1.801811e-46,1.851207e-46,1.050492e-27,0.003944141,0.0,2.682723e-48,6.647661e-47,4.520058e-47
53.062662991325965,0.18560232640951768,0,53.062908,125.548349,0.0191919945,25.54853,6.918579e-44,7.10579e-44,6.099901e-26,0.09235088,0.9572918,2.313738e-48,5.3241e-47,3.953357e-47
67.74283628695727,0.08292153564022015,0,67.742922,125.548349,0.051795822,23.2201,8.379879e-45,8.609437e-45,6.45538e-26,0.003944141,0.0,2.656105e-48,6.560239e-47,4.454774e-47
56.315288892742444,0.0006086843917856389,0,56.3152896,125.548349,2.02931847,20.91161,6.589063e-49,6.767906e-49,1.464414e-30,0.003944927,0.0001993047,2.381321e-48,5.610801e-47,3.969017e-47
64.9426124181442,0.0015607937178696058,0,64.9426141,125.548349,34.3721909,16.24903,3.236779e-48,3.325264e-48,1.024581e-28,0.003944141,0.0,2.585921e-48,6.328017e-47,4.277231e-47
66.85253534109982,0.0004273876588109705,0,66.8525358,125.548349,921.195263,13.08557,2.287212e-49,2.349828e-49,2.405031e-30,0.003944141,0.0,2.633716e-48,6.486484e-47,4.399682e-47
62.100843755422865,0.1303851287827372,0,62.1009908,125.548349,2.9452972e-06,33.21979,2.475333e-44,2.542852e-44,6.674513e-24,0.01587077,0.7514839,2.515889e-48,6.091811e-47,4.105259e-47
64.38511371486524,0.00024278726042900454,0,64.385114,125.548349,818.161128,12.78098,7.971411e-50,8.189235e-50,4.381337e-30,0.003944141,0.0,2.572058e-48,6.281707e-47,4.239885e-47
62.64242191457509,0.26652961704695316,0,62.64272,125.548349,5.11956976e-07,33.86103,1.016136e-43,1.043864e-43,7.416434e-22,0.02601469,0.8483879,2.529104e-48,6.136866e-47,4.132514e-47
68.61168874365043,0.016586830306284304,0,68.6117057,125.548349,1.38502995,19.92914,3.266654e-46,3.356196e-46,1.989687e-27,0.003944141,0.0,2.677984e-48,6.632115e-47,4.508448e-47
65.57474791549319,0.005288686572239861,0,65.5747536,125.548349,4.69218143,18.40156,3.643421e-47,3.74307e-47,7.273274e-28,0.003944141,0.0,2.601694e-48,6.3805e-47,4.319282e-47
58.40524286380226,0.01784290528834606,0,58.4052643,125.548349,0.00184833164,28.01682,5.255458e-46,5.398368e-46,2.776019e-27,0.004504658,0.1244306,2.428251e-48,5.78449e-47,3.981545e-47
54.69714418439401,0.39306244348349845,0,54.6976476,125.548349,0.00366121273,27.03947,2.916346e-43,2.995384e-43,3.904818e-25,0.3680763,0.9892844,2.346759e-48,5.470893e-47,3.965685e-47
67.64096828263214,0.029326526187627624,0,67.6409987,125.548349,0.371393994,21.16488,1.051387e-45,1.080187e-45,8.359006e-27,0.003944141,0.0,2.65354e-48,6.551801e-47,4.448472e-47
63.99492006740793,0.9588787770516426,0,63.9959698,125.548349,5.86809053e-05,29.79236,1.258919e-42,1.29331e-42,1.169019e-22,0.003944141,0.0,2.562413e-48,6.24937e-47,4.214213e-47
60.789292522246555,0.000332863268742392,0,60.7892929,125.548349,0.258316601,22.14925,1.685291e-49,1.731211e-49,4.845876e-30,0.003944274,0.0,2.484234e-48,5.982707e-47,4.049386e-47
55.818990371000694,0.014159456046902144,0,55.8190081,125.548349,0.0222337392,25.7516,3.630713e-46,3.729214e-46,6.835487e-28,0.00438473,0.1004826,2.370538e-48,5.568654e-47,3.969226e-47
53.13669321319351,0.030082821073160956,0,53.1367329,125.548349,0.0697292207,24.74743,1.812396e-45,1.861442e-45,1.625973e-27,0.006258533,0.3697979,2.315183e-48,5.330794e-47,3.953957e-47
60.242675954062335,0.014795899285461545,0,60.2426932,125.548349,0.000429768406,29.1235,3.39195e-46,3.484331e-46,5.824765e-27,0.004239744,0.06972195,2.471205e-48,5.937245e-47,4.029785e-47
54.58273737848002,0.0016753170162361714,0,54.5827395,125.548349,1.30656292,21.55699,5.3208e-48,5.464987e-48,6.900854e-30,0.0039508,0.001685389,2.344372e-48,5.46071e-47,3.964935e-47
66.86265344476291,0.5828525748080589,0,66.8632642,125.548349,0.000919159162,27.29763,4.252432e-43,4.368849e-43,4.452398e-24,0.003944141,0.0,2.633985e-48,6.487373e-47,4.400347e-47
60.507610208295986,0.03185277186639997,0,60.5076471,125.548349,9.79221737e-05,30.5679,1.557984e-45,1.600425e-45,3.384099e-26,0.005241862,0.2475687,2.477508e-48,5.959281e-47,4.039003e-47
57.888587018077295,0.05195982451371347,0,57.8886499,125.548349,0.000830318667,28.93164,4.538427e-45,4.661784e-45,1.875119e-26,0.008959875,0.5597995,2.41644e-48,5.741574e-47,3.974256e-47
63.71014221825028,0.5819099062715485,0,63.7107821,125.548349,0.000106135596,29.10949,4.678973e-43,4.806762e-43,7.244656e-23,0.003944141,0.0,2.555361e-48,6.225667e-47,4.195826e-47
62.17576070216253,0.00017776864682872757,0,62.1757609,125.548349,0.253934185,21.1754,4.590064e-50,4.715274e-50,1.573492e-29,0.003944162,0.0,2.517709e-48,6.09803e-47,4.108798e-47
54.170156959327905,0.0005703188323451907,0,54.1701577,125.548349,8.37910787,19.57436,6.26259e-49,6.432232e-49,7.268822e-31,0.003944931,0.0002001212,2.335878e-48,5.423944e-47,3.962048e-47
56.37162262918443,0.019173072965641677,0,56.3716465,125.548349,0.0097062243,26.6053,6.524311e-46,6.701405e-46,1.478726e-27,0.004721024,0.1645581,2.382555e-48,5.615536e-47,3.968989e-47
61.21975860226321,0.0015540497045264448,0,61.2197604,125.548349,0.0100867946,25.34646,3.620799e-48,3.719492e-48,1.738607e-28,0.003946707,0.0006500329,2.494565e-48,6.018513e-47,4.066388e-47
54.372827589016566,0.00011634816926877848,0,54.3728277,125.548349,75.2207863,17.19928,2.58656e-50,2.656639e-50,3.168393e-32,0.003944174,0.0,2.340035e-48,5.442042e-47,3.963501e-47
68.33765845120489,0.0014621611693967156,0,68.33766,125.548349,131.065808,15.24559,2.559317e-48,2.629457e-48,1.668518e-29,0.003944141,0.0,2.671081e-48,6.609453e-47,4.491525e-47
50.88605841236523,0.05787486196051553,0,50.8861381,125.548349,0.173469418,23.58548,7.32829e-45,7.526154e-45,4.059903e-27,0.01336512,0.704893,2.273377e-48,5.126759e-47,3.937217e-47
67.52723692605929,0.05369069411902521,0,67.5272926,125.548349,0.112699478,22.39562,3.536183e-45,3.633039e-45,2.91547e-26,0.003944141,0.0,2.650679e-48,6.542386e-47,4.441441e-47
69.59827789112715,0.00012513801796331365,0,69.598278,125.548349,14348.01,10.7062,1.805777e-50,1.85531e-50,8.950831e-32,0.003944141,0.0,2.702841e-48,6.713615e-47,4.569328e-47
62.30480499788694,0.001965662095375454,0,62.3048072,125.548349,0.00204914405,26.09743,5.588356e-48,5.740813e-48,3.138945e-27,0.003946406,0.0005740123,2.520852e-48,6.108763e-47,4.115054e-47
54.237892345560326,0.26813808306340325,0,54.2382387,125.548349,0.00716136243,26.5606,1.380768e-43,1.418173e-43,1.63168e-25,0.1778104,0.9778183,2.337271e-48,5.430032e-47,3.962543e-47
66.19508935443608,0.040830964783496106,0,66.1951326,125.548349,0.12155494,22.23483,2.130221e-45,2.188511e-45,3.003164e-26,0.003944141,0.0,2.617221e-48,6.431975e-47,4.358939e-47
58.82668388610405,0.029972424058269474,0,58.8267196,125.548349,0.000603907729,29.13739,1.461293e-45,1.501044e-45,9.63462e-27,0.00545015,0.2763243,2.437978e-48,5.819514e-47,3.990076e-47
64.24897260767395,0.7854037416019386,0,64.249829,125.548349,0.000114336323,29.17355,8.377963e-43,8.606873e-43,5.432987e-23,0.003944141,0.0,2.568702e-48,6.270466e-47,4.230901e-47
56.45330477905026,0.0020639873533416586,0,56.4533073,125.548349,0.268339883,23.03553,7.538413e-48,7.743048e-48,1.758309e-29,0.003953089,0.002263658,2.384347e-48,5.622379e-47,3.968955e-47
54.429029397963404,0.00021525517991129596,0,54.4290297,125.548349,29.257796,18.24745,8.834737e-50,9.074112e-50,1.09874e-31,0.003944252,0.0,2.341193e-48,5.447048e-47,3.963893e-47
69.08476352407718,0.03020719119319093,0,69.0847942,125.548349,0.4822103,21.01538,1.068289e-45,1.097582e-45,5.85332e-27,0.003944141,0.0,2.689904e-48,6.671213e-47,4.53765e-47
51.514943213058245,0.03635248848075001,0,51.5149927,125.548349,0.178030247,23.73807,2.819632e-45,2.895811e-45,1.771163e-27,0.007571421,0.4790752,2.284565e-48,5.183513e-47,3.941411e-47
51.16178028479786,0.015572692856341342,0,51.1618016,125.548349,0.547520088,22.6559,5.247546e-46,5.38927e-46,3.069388e-28,0.004619097,0.1461228,2.278231e-48,5.151583e-47,3.939024e-47
65.65561811168634,0.6570620370961101,0,65.6563192,125.548349,0.000437079574,27.96204,5.609469e-43,5.762899e-43,1.064465e-23,0.003944141,0.0,2.603733e-48,6.38727e-47,4.324616e-47
61.995902708480294,0.019130604264014632,0,61.9959243,125.548349,3.8866376e-05,30.62887,5.347358e-46,5.493204e-46,1.071946e-25,0.00422009,0.06538939,2.513335e-48,6.083073e-47,4.100349e-47
62.96956775427993,0.010248580244629617,0,62.9695792,125.548349,0.0375270058,22.44017,1.486497e-46,1.527072e-46,5.02657e-25,0.003944141,0.0,2.537113e-48,6.164046e-47,4.150728e-47
58.70665006879631,0.00010269497577661934,0,58.7066502,125.548349,9.06188231,18.95767,1.722688e-50,1.769545e-50,1.063942e-31,0.003944159,0.0,2.435199e-48,5.809535e-47,3.987485e-47
69.60486566846183,0.0006110408783806369,0,69.6048663,125.548349,812.650375,13.55728,4.304692e-49,4.42277e-49,2.131192e-30,0.003944141,0.0,2.703007e-48,6.714159e-47,4.569735e-47
65.51007026400923,0.05271645630444556,0,65.5101266,125.548349,0.053905281,22.9988,3.627291e-45,3.726494e-45,7.54706e-26,0.003944141,0.0,2.600079e-48,6.375136e-47,4.315035e-47
56.22952141242336,0.00018672733346247815,0,56.2295216,125.548349,13.8565704,18.86575,6.220259e-50,6.389078e-50,1.342231e-31,0.003944216,0.0,2.379447e-48,5.603573e-47,3.969065e-47
57.481183996504214,0.038954591006191815,0,57.4812315,125.548349,0.00156758766,28.32513,2.587972e-45,2.658289e-45,8.958379e-27,0.006873516,0.4261829,2.407219e-48,5.707743e-47,3.971017e-47
63.75853696545748,0.0001844798336882204,0,63.7585372,125.548349,732.352107,12.69224,4.695383e-50,4.823626e-50,6.60402e-30,0.003944141,0.0,2.556541e-48,6.229637e-47,4.198873e-47
52.959759050093226,0.004722541695935107,0,52.9597653,125.548349,0.835285169,22.16871,4.497059e-47,4.618733e-47,3.870519e-29,0.004001655,0.01437246,2.311727e-48,5.314741e-47,3.952517e-47
62.634770244444056,0.0018944110774870284,0,62.6347724,125.548349,0.00140883525,25.63752,5.134781e-48,5.274901e-48,3.338996e-26,0.003945289,0.0002910215,2.52891e-48,6.136205e-47,4.132086e-47
54.122247580172036,0.00034016285159244427,0,54.122248,125.548349,17.6150832,18.82022,2.231916e-49,2.292371e-49,2.558177e-31,0.003944423,0.0,2.3349e-48,5.419656e-47,3.961696e-47
56.69717620797851,0.029331571119810874,0,56.6972125,125.548349,0.0042215914,27.4314,1.509066e-45,1.55004e-45,3.84305e-27,0.005717933,0.3102156,2.38972e-48,5.642682e-47,3.968948e-47
55.95048075565702,0.5928637147987706,0,55.9512231,125.548349,0.00115670468,28.13376,6.334435e-43,6.506309e-43,1.245073e-24,0.7694076,0.9948738,2.373396e-48,5.579958e-47,3.969204e-47
66.50266589294985,0.00014335641677852508,0,66.502666,125.548349,6365.956,11.08768,2.60112e-50,2.67231e-50,3.171277e-31,0.003944141,0.0,2.624933e-48,6.45748e-47,4.378006e-47
61.5988114688019,0.12093955699303566,0,61.598949,125.548349,7.16364543e-06,32.76083,2.165338e-44,2.224377e-44,1.859024e-24,0.01747475,0.7742949,2.503713e-48,6.050053e-47,4.082461e-47
56.61586227134763,0.0025823955000878356,0,56.6158655,125.548349,0.167385156,23.51503,1.173162e-47,1.205013e-47,2.900297e-29,0.003957977,0.003495778,2.387924e-48,5.635932e-47,3.968931e-47
60.711665915581946,0.0012200785080291982,0,60.7116673,125.548349,0.0250981341,24.66646,2.270146e-48,2.331998e-48,6.020095e-29,0.003945959,0.0004606659,2.482377e-48,5.976251e-47,4.046465e-47
59.224781667809665,0.14971017892141442,0,59.2249588,125.548349,0.000133164333,30.61419,3.595867e-44,3.693718e-44,2.987324e-25,0.03963065,0.9004775,2.447241e-48,5.852618e-47,3.99956e-47
60.882755751046055,0.5330477761673991,0,60.8833691,125.548349,1.55441913e-05,32.29483,4.308258e-43,4.425657e-43,1.369369e-23,0.3363914,0.9882751,2.486486e-48,5.990532e-47,4.052986e-47
54.75082813760355,0.8441308017266276,0,54.7519083,125.548349,0.0011401274,27.69343,1.342317e-42,1.378698e-42,1.819121e-24,1.678085,0.9976496,2.34789e-48,5.475692e-47,3.96603e-47
57.481250172663366,0.5402488052202682,0,57.4819086,125.548349,0.000472930445,29.28632,4.977594e-43,5.112839e-43,1.723504e-24,0.5673466,0.9930481,2.407234e-48,5.7078e-47,3.971021e-47
59.168355599647256,0.0003149912410852624,0,59.168356,125.548349,0.933095134,21.27331,1.594951e-49,1.63835e-49,1.280344e-30,0.0039443,0.0,2.44592e-48,5.847912e-47,3.99813e-47
51.663890704377174,0.00011096234656296943,0,51.6638909,125.548349,300.509004,15.87131,2.611645e-50,2.682216e-50,1.691623e-32,0.003944175,0.0,2.287273e-48,5.197007e-47,3.942448e-47
50.28687905031653,0.09777798484777248,0,50.2870153,125.548349,0.130714668,23.4178,2.142956e-44,2.20078e-44,1.048013e-26,0.03143115,0.8745149,2.263109e-48,5.073214e-47,3.933412e-47
61.8727147065102,0.11382236273442908,0,61.8728436,125.548349,4.75024803e-06,32.97608,1.900652e-44,1.952486e-44,2.819566e-24,0.01445154,0.7270781,2.510347e-48,6.072835e-47,4.094689e-47
54.14139964912563,0.00039446136710518146,0,54.1414002,125.548349,14.5340286,19.02243,2.999155e-49,3.080394e-49,3.454855e-31,0.003944519,0.0,2.335291e-48,5.421371e-47,3.961837e-47
66.04363119658996,0.019534663292763352,0,66.0436519,125.548349,0.471947516,20.80165,4.898842e-46,5.032874e-46,7.463311e-27,0.003944141,0.0,2.613426e-48,6.41941e-47,4.349475e-47
50.501181158356566,0.037702707242488254,0,50.5012335,125.548349,0.316401791,23.06302,3.158673e-45,3.243923e-45,1.625188e-27,0.007999637,0.50696,2.266735e-48,5.092286e-47,3.934758e-47
54.46407048426764,0.0033868006776941293,0,54.4640748,125.548349,0.495871082,22.62261,2.184209e-47,2.243392e-47,2.742349e-29,0.003971536,0.006897875,2.341916e-48,5.450167e-47,3.964134e-47
62.59735740271366,0.00047458003637095144,0,62.5973579,125.548349,0.022801057,22.86033,3.226438e-49,3.314479e-49,1.300929e-27,0.003944222,0.0,2.527995e-48,6.133093e-47,4.130084e-47
52.63995024958206,0.002288757930926374,0,52.6399533,125.548349,2.70244171,20.90882,1.069431e-47,1.098357e-47,8.554257e-30,0.003957849,0.003463554,2.30555e-48,5.285692e-47,3.949924e-47
58.41417569195166,0.0013380295836127698,0,58.4141773,125.548349,0.133258136,23.49026,2.954441e-48,3.034781e-48,1.567584e-29,0.00394729,0.0007977425,2.428456e-48,5.785231e-47,3.981708e-47
55.96549727685959,0.00010732885199056253,0,55.9654974,125.548349,38.7292318,17.76223,2.074936e-50,2.131236e-50,4.097623e-32,0.003944166,0.0,2.373705e-48,5.581175e-47,3.969199e-47
55.37061551250544,0.0012672109117209459,0,55.3706171,125.548349,1.22676578,21.55946,2.956361e-48,3.036534e-48,4.813706e-30,0.003947775,0.0009205126,2.360929e-48,5.529946e-47,3.968802e-47
54.69819756327296,0.0009875149540210333,0,54.6981988,125.548349,2.68338767,20.78336,1.840748e-48,1.890636e-48,2.465034e-30,0.003946439,0.0005823768,2.346771e-48,5.470941e-47,3.965689e-47
69.51884612021448,0.050414168357784075,0,69.5188969,125.548349,0.194949149,21.99203,2.937686e-45,3.018262e-45,1.47751e-26,0.003944141,0.0,2.700841e-48,6.707062e-47,4.564432e-47
56.39330643145345,0.03543969600751348,0,56.3933505,125.548349,0.00447966494,27.40719,2.227355e-45,2.287814e-45,5.086746e-27,0.006594191,0.4018765,2.383031e-48,5.617357e-47,3.968979e-47
52.35750627063178,0.050407969057438454,0,52.3575737,125.548349,0.0787386198,24.57722,5.244753e-45,5.386573e-45,3.939423e-27,0.01067725,0.6306033,2.300172e-48,5.26002e-47,3.94767e-47
68.30473592447188,0.0014856793645547557,0,68.3047374,125.548349,126.360559,15.25832,2.644918e-48,2.717402e-48,1.739083e-29,0.003944141,0.0,2.670252e-48,6.60673e-47,4.489491e-47
53.167009938226414,0.02389434496897436,0,53.1670414,125.548349,0.0852874387,24.56608,1.14209e-45,1.172997e-45,1.031995e-27,0.005402159,0.2698954,2.315778e-48,5.333541e-47,3.954203e-47
64.73396945443056,0.00030321869411083246,0,64.7339698,125.548349,691.291337,13.07629,1.229684e-49,1.263295e-49,4.68896e-30,0.003944141,0.0,2.580727e-48,6.310687e-47,4.263226e-47
63.17647362292293,0.11432230892369954,0,63.1766004,125.548349,0.000807869742,26.69552,1.83731e-44,1.887468e-44,1.485285e-23,0.003944141,0.0,2.542198e-48,6.181259e-47,4.162849e-47
64.35310605433972,0.575136981297401,0,64.3537322,125.548349,0.00023214833,28.42749,4.477744e-43,4.600098e-43,2.553891e-23,0.003944141,0.0,2.57128e-48,6.279099e-47,4.237797e-47
65.46709386744874,0.11490628034179085,0,65.4672168,125.548349,0.011663487,24.56574,1.725678e-44,1.772872e-44,3.692859e-25,0.003944141,0.0,2.599007e-48,6.371574e-47,4.312207e-47
53.60606028398517,0.08423377737250913,0,53.6061704,125.548349,0.0240961219,25.7147,1.395666e-44,1.433451e-44,1.402758e-26,0.02167814,0.818059,2.324478e-48,5.373259e-47,3.957733e-47
50.746067649919496,0.019367957418106593,0,50.7460944,125.548349,0.553577313,22.6078,8.253452e-46,8.476263e-46,4.449971e-28,0.00500476,0.211922,2.270942e-48,5.114189e-47,3.936315e-47
58.61466033125048,0.11224117476198477,0,58.6147945,125.548349,0.000273993963,29.99908,2.064445e-44,2.120593e-44,1.21431e-25,0.02560447,0.8459589,2.433077e-48,5.801901e-47,3.985589e-47
58.89760133847223,0.007187162039685897,0,58.8976099,125.548349,0.00513467834,26.86774,8.381827e-47,8.609849e-47,5.748859e-28,0.004029981,0.02130037,2.439622e-48,5.825406e-47,3.991664e-47
54.73234876422148,0.0010722607529957816,0,54.7323501,125.548349,2.31755406,20.92062,2.167473e-48,2.226217e-48,2.930423e-30,0.003946845,0.0006851975,2.347482e-48,5.473963e-47,3.965907e-47
66.20026903296213,0.13020374193855855,0,66.2004068,125.548349,0.0129747401,24.54438,2.165816e-44,2.22508e-44,3.045341e-25,0.003944141,0.0,2.617354e-48,6.432413e-47,4.359266e-47
52.180444250482495,0.011695637022557786,0,52.18046,125.548349,0.402878626,22.94035,2.843031e-46,2.919894e-46,2.054472e-28,0.004309392,0.08475706,2.296835e-48,5.243918e-47,3.946286e-47
59.95019832865646,0.5019360579412037,0,59.9507849,125.548349,4.82095551e-05,31.36208,3.942559e-43,4.04991e-43,5.362218e-24,0.3627879,0.9891282,2.464291e-48,5.912969e-47,4.020262e-47
60.569303011880464,0.022224312326982583,0,60.5693287,125.548349,0.000156499196,30.06045,7.568678e-46,7.774869e-46,1.742966e-26,0.004567389,0.136456,2.478978e-48,5.964412e-47,4.041226e-47
50.18721867769082,0.01367659958182044,0,50.1872378,125.548349,1.16952633,21.8357,4.209683e-46,4.323262e-46,2.021622e-28,0.004483823,0.1203621,2.261438e-48,5.064361e-47,3.932789e-47
66.21811086638674,0.00014296048500702066,0,66.218111,125.548349,5827.38745,11.14163,2.60957e-50,2.680977e-50,3.637243e-31,0.003944141,0.0,2.617797e-48,6.433881e-47,4.360364e-47
57.163589580689894,0.0007665882128032198,0,57.1635905,125.548349,0.847758531,21.75444,1.013649e-48,1.041182e-48,3.083415e-30,0.003945308,0.0002956529,2.400089e-48,5.681377e-47,3.969657e-47
59.16087907995717,0.07492825102449722,0,59.1609678,125.548349,0.000182921499,30.31644,9.027186e-45,9.272819e-45,7.214453e-26,0.01296107,0.6956933,2.445748e-48,5.847298e-47,3.997945e-47
53.21652798026142,0.005695395962882108,0,53.2165355,125.548349,0.53723796,22.6139,6.476374e-47,6.651645e-47,5.92133e-29,0.004026781,0.02052265,2.31675e-48,5.338026e-47,3.954605e-47
57.98212675172839,0.5044551852345578,0,57.9827363,125.548349,0.000330533202,29.69647,4.263566e-43,4.379461e-43,1.838677e-24,0.4723161,0.9916494,2.418582e-48,5.749389e-47,3.975293e-47
59.050573892786495,0.02888999299750162,0,59.0506082,125.548349,0.000498633555,29.30388,1.347145e-45,1.383798e-45,1.008549e-26,0.005304329,0.2564298,2.443177e-48,5.838124e-47,3.995241e-47
69.0504571011661,0.013379802376825494,0,69.0504707,125.548349,2.2659958,19.43892,2.098019e-46,2.155546e-46,1.157868e-27,0.003944141,0.0,2.689039e-48,6.668378e-47,4.535531e-47
61.91431406120691,0.00021798531930138207,0,61.9143143,125.548349,0.220827397,21.63178,6.961562e-50,7.151422e-50,1.137579e-29,0.003944179,0.0,2.511353e-48,6.076285e-47,4.096585e-47
63.714218769119654,0.02058906797505172,0,63.7142414,125.548349,0.0731395618,22.32786,5.856851e-46,6.01681e-46,9.003994e-26,0.003944141,0.0,2.555447e-48,6.225955e-47,4.196046e-47
58.803745629264924,0.00519843487060991,0,58.8037518,125.548349,0.00958809211,26.22284,4.39932e-47,4.518991e-47,2.864114e-28,0.003989572,0.01138732,2.437446e-48,5.817605e-47,3.989571e-47
59.875680146873975,0.3275949969375743,0,59.8760635,125.548349,5.65425758e-05,31.26348,1.683696e-43,1.729538e-43,2.165274e-24,0.1587627,0.975157,2.462526e-48,5.906755e-47,4.017933e-47
69.65093049172502,0.3655842850219512,0,69.6512982,125.548349,0.00444105298,25.81062,1.538806e-43,1.581017e-43,7.555022e-25,0.003944141,0.0,2.704176e-48,6.717991e-47,4.572599e-47
58.30165720302814,0.0015438659125909511,0,58.3016591,125.548349,0.113263077,23.70499,3.948894e-48,4.056265e-48,1.981377e-29,0.003948385,0.001074883,2.425872e-48,5.775882e-47,3.979753e-47
69.8748737388473,0.0005796991599177589,0,69.8748743,125.548349,922.60917,13.44945,3.843839e-49,3.949296e-49,1.815505e-30,0.003944141,0.0,2.709808e-48,6.73644e-47,4.586387e-47
62.046138238189435,0.001136745039796467,0,62.0461395,125.548349,0.00803846702,25.00973,1.884902e-48,1.936313e-48,4.33094e-28,0.003945084,0.0002389161,2.514555e-48,6.087249e-47,4.102687e-47
50.70948053107124,0.0009558152429776325,0,50.7094819,125.548349,27.4083027,18.50454,2.013058e-48,2.067401e-48,1.077744e-30,0.003946728,0.0006553787,2.270309e-48,5.110908e-47,3.936081e-47
58.54874342502857,0.0014659680432359105,0,58.5487452,125.548349,0.103609822,23.75123,3.529793e-48,3.62579e-48,2.005922e-29,0.003947864,0.0009430841,2.431553e-48,5.796413e-47,3.984271e-47
59.78020081579569,0.0007385973534995451,0,59.7802017,125.548349,0.13365406,23.19206,8.586733e-49,8.820505e-49,1.029764e-29,0.003944941,0.0002026843,2.460265e-48,5.898783e-47,4.01501e-47
62.18919232195873,0.0048745339803123525,0,62.1891978,125.548349,0.000405448867,27.95362,3.449711e-47,3.543814e-47,1.238552e-26,0.003959686,0.003925752,2.518036e-48,6.099148e-47,4.109438e-47
68.32734910033203,0.010600166792536031,0,68.32736,125.548349,3.06630745,19.07056,1.345529e-46,1.382404e-46,8.795368e-28,0.003944141,0.0,2.670821e-48,6.608601e-47,4.490889e-47
61.53688563461038,0.06980930285418234,0,61.5369651,125.548349,1.12213186e-05,32.35234,7.229528e-45,7.426637e-45,5.580263e-25,0.00856859,0.5396978,2.502214e-48,6.044898e-47,4.079765e-47
66.43406523691623,0.7636604918700934,0,66.4348706,125.548349,0.000463806237,27.96366,7.396618e-43,7.599048e-43,9.29918e-24,0.003944141,0.0,2.623232e-48,6.451858e-47,4.373804e-47
66.44431608548567,0.38012136031294164,0,66.4447169,125.548349,0.0018005386,26.59929,1.832084e-43,1.882225e-43,2.292982e-24,0.003944141,0.0,2.623479e-48,6.452675e-47,4.374414e-47
57.71452980352257,0.00386900305798051,0,57.7145345,125.548349,0.0380175641,24.95927,2.531881e-47,2.600688e-47,9.682928e-29,0.003972422,0.007119223,2.412489e-48,5.727114e-47,3.972637e-47
56.58472600283736,0.015715263104305318,0,56.5847455,125.548349,0.0104702458,26.48977,4.349548e-46,4.467634e-46,1.063267e-27,0.004457774,0.1152218,2.387238e-48,5.633345e-47,3.96893e-47
68.79173025660785,0.021113426175881383,0,68.7917518,125.548349,0.905051627,20.34483,5.264586e-46,5.408912e-46,3.074946e-27,0.003944141,0.0,2.682521e-48,6.646998e-47,4.519563e-47
56.58635785357219,0.32842058827181864,0,56.5867645,125.548349,0.00131081122,28.40257,1.899459e-43,1.951027e-43,4.646698e-25,0.2282306,0.9827186,2.387283e-48,5.633513e-47,3.96893e-47
65.66893067841322,0.00026438391025168943,0,65.668931,125.548349,1485.78741,12.45466,9.07838e-50,9.326694e-50,1.709541e-30,0.003944141,0.0,2.604049e-48,6.388316e-47,4.325438e-47
53.54839336079161,0.18319947872007727,0,53.548633,125.548349,0.0150593441,25.89715,6.61623e-44,6.795345e-44,6.555998e-26,0.0880708,0.9552162,2.323329e-48,5.368065e-47,3.957277e-47
59.78232799931302,0.00112286721160289,0,59.7823293,125.548349,0.0645820603,23.95871,1.984439e-48,2.038464e-48,2.383476e-29,0.003945988,0.0004681613,2.460315e-48,5.89896e-47,4.015074e-47
57.55733135644536,0.0002691537467223209,0,57.5573317,125.548349,3.48350243,20.20017,1.232163e-49,1.265644e-49,4.404106e-31,0.00394428,0.0,2.408935e-48,5.714061e-47,3.971482e-47
55.51917921016357,0.8329764968814293,0,55.5202303,125.548349,0.000874237304,28.10856,1.270368e-42,1.304823e-42,2.158328e-24,1.559163,0.9974703,2.36412e-48,5.542923e-47,3.969054e-47
54.76156595843057,0.002450154540928273,0,54.7615691,125.548349,0.65251449,22.30719,1.130488e-47,1.161128e-47,1.541008e-29,0.003958238,0.003561342,2.348092e-48,5.476546e-47,3.966091e-47
69.30338096244739,0.09803533908913682,0,69.3034801,125.548349,0.0525842808,23.28335,1.117955e-44,1.148614e-44,5.859236e-26,0.003944141,0.0,2.695414e-48,6.689276e-47,4.551143e-47
63.376743762849905,0.0028424050148949287,0,63.3767469,125.548349,1.91280942,18.7663,1.128449e-47,1.15926e-47,4.124499e-27,0.003944141,0.0,2.547123e-48,6.197899e-47,4.174943e-47
59.30036789953056,0.0014544890834000564,0,59.3003696,125.548349,0.0597845876,24.19043,3.385257e-48,3.477383e-48,2.94628e-29,0.003947475,0.0008444494,2.449003e-48,5.858887e-47,4.001508e-47
61.45690492423937,0.014903362355455784,0,61.4569219,125.548349,0.000117097383,29.94694,3.303758e-46,3.393827e-46,2.239165e-26,0.004161549,0.05224202,2.500281e-48,6.03824e-47,4.076323e-47
66.91007347169861,0.000854647124499656,0,66.9100744,125.548349,254.329466,14.40379,9.130017e-49,9.379974e-49,9.384191e-30,0.003944141,0.0,2.635161e-48,6.491253e-47,4.403245e-47
63.536603710739605,0.0009499409271453398,0,63.5366048,125.548349,22.0149478,16.28175,1.253905e-48,1.288147e-48,2.894368e-28,0.003944141,0.0,2.551063e-48,6.211189e-47,4.184837e-47
52.56789064376188,0.00015975276558481615,0,52.5678909,125.548349,119.725646,16.82724,5.22475e-50,5.366058e-50,4.11203e-32,0.003944208,0.0,2.304171e-48,5.279141e-47,3.949345e-47
54.21735878768691,0.07218620996221993,0,54.2174521,125.548349,0.0165193621,26.14739,1.001503e-44,1.028633e-44,1.177003e-26,0.01655941,0.7618187,2.336846e-48,5.428174e-47,3.962393e-47
67.82664333395684,0.4846439662018966,0,67.8271439,125.548349,0.00175933333,26.6817,2.855251e-43,2.933473e-43,2.144384e-24,0.003944141,0.0,2.658225e-48,6.567211e-47,4.459981e-47
63.550481893072124,0.0003268763691345987,0,63.5504823,125.548349,178.679781,14.10466,1.484036e-49,1.524563e-49,3.307386e-29,0.003944141,0.0,2.551405e-48,6.212342e-47,4.185705e-47
58.62595005236122,0.00032237474912966114,0,58.6259504,125.548349,1.29992767,21.04629,1.702362e-49,1.748663e-49,1.007227e-30,0.00394432,0.0,2.433334e-48,5.802829e-47,3.985815e-47
60.2865603752149,0.010355964924271032,0,60.2865724,125.548349,0.000760140306,28.47424,1.659209e-46,1.7044e-46,2.957367e-27,0.004087719,0.03512425,2.472247e-48,5.940894e-47,4.031274e-47
69.03775025043065,0.1183011591792003,0,69.0378703,125.548349,0.0349420615,23.7013,1.64078e-44,1.685769e-44,9.079429e-26,0.003944141,0.0,2.688722e-48,6.667337e-47,4.534754e-47
61.15365759602887,0.00010465417263973808,0,61.1536577,125.548349,1.66204319,20.01439,1.645688e-50,1.690542e-50,7.243575e-31,0.003944153,0.0,2.492974e-48,6.013014e-47,4.06369e-47
61.80948580967016,0.0014235516328871822,0,61.8094874,125.548349,0.00667469065,25.41866,2.97923e-48,3.060475e-48,3.843561e-28,0.003945841,0.0004308116,2.508811e-48,6.067566e-47,4.091815e-47
53.25984056358829,0.301461850522458,0,53.2602371,125.548349,0.00971871421,25.9232,1.811424e-43,1.860449e-43,1.673555e-25,0.2349883,0.9832156,2.317611e-48,5.341985e-47,3.954959e-47
52.74029753632673,0.02534220703164031,0,52.7403312,125.548349,0.109633141,24.29138,1.306023e-45,1.341352e-45,1.068718e-27,0.005617147,0.2978391,2.307479e-48,5.294813e-47,3.950735e-47
54.33391891046573,0.0003268055766053501,0,54.3339193,125.548349,16.8493039,18.83244,2.043704e-49,2.099072e-49,2.477421e-31,0.003944398,0.0,2.339234e-48,5.438573e-47,3.963227e-47
56.50894007264917,0.0009153377983830877,0,56.5089412,125.548349,0.937656869,21.72101,1.479633e-48,1.519801e-48,3.520038e-30,0.003945894,0.0004441527,2.385569e-48,5.627028e-47,3.96894e-47
61.178134232899104,0.000675756774364239,0,61.178135,125.548349,0.0498798786,23.71794,6.855824e-49,7.042688e-49,3.115179e-29,0.003944633,0.0001245891,2.493563e-48,6.01505e-47,4.064685e-47
57.44871362723637,0.0001365810115514095,0,57.4487138,125.548349,11.461521,18.89622,3.185118e-50,3.271657e-50,1.08769e-31,0.003944177,0.0,2.406487e-48,5.705044e-47,3.970836e-47
50.84462860604595,0.011924151369150128,0,50.844645,125.548349,0.91285039,22.12724,3.116029e-46,3.200158e-46,1.71241e-28,0.004344683,0.0921914,2.272653e-48,5.123032e-47,3.936949e-47
62.736787986923666,0.04216561008352639,0,62.7368351,125.548349,2.981318e-06,31.38205,2.535383e-45,2.604575e-45,2.31417e-22,0.004238649,0.06948159,2.531407e-48,6.144692e-47,4.137634e-47
64.72406448985319,0.3426528557843606,0,64.7244354,125.548349,0.000869866341,27.17675,1.570801e-43,1.613736e-43,6.043967e-24,0.003944141,0.0,2.58049e-48,6.309896e-47,4.262586e-47
53.60236179681602,0.13283064096030364,0,53.6025354,125.548349,0.0186544763,25.85552,3.471088e-44,3.565062e-44,3.485586e-26,0.04805138,0.9179183,2.324405e-48,5.372931e-47,3.957704e-47
67.21012031234395,0.00025063244517267236,0,67.2101206,125.548349,2751.54481,12.04487,7.780291e-50,7.993342e-50,7.147285e-31,0.003944141,0.0,2.642702e-48,6.516115e-47,4.421819e-47
52.45683400601862,0.0001280583020142541,0,52.4568342,125.548349,170.648331,16.46931,3.371795e-50,3.462978e-50,2.588772e-32,0.003944184,0.0,2.302054e-48,5.269045e-47,3.948457e-47
66.17552385295033,0.5240813012127516,0,66.1760787,125.548349,0.000865466778,27.31664,3.511548e-43,3.607634e-43,4.99792e-24,0.003944141,0.0,2.616744e-48,6.430395e-47,4.357757e-47
53.85421081621207,0.0011043730206951627,0,53.8542123,125.548349,3.81321371,20.47448,2.376527e-48,2.440883e-48,2.542013e-30,0.003947151,0.000762585,2.329461e-48,5.395603e-47,3.959672e-47
50.809190206981484,0.00013051198061833568,0,50.8091904,125.548349,366.323062,15.70888,3.738231e-50,3.839156e-50,2.040257e-32,0.003944189,0.0,2.272036e-48,5.119849e-47,3.93672e-47
66.29636775293426,0.9039136224319644,0,66.297323,125.548349,0.000316319723,28.33337,1.040707e-42,1.069186e-42,1.395628e-23,0.003944141,0.0,2.619783e-48,6.440451e-47,4.365276e-47
60.52822363121945,0.00029341754194052054,0,60.528224,125.548349,0.397677852,21.80873,1.321109e-49,1.357098e-49,2.925595e-30,0.003944251,0.0,2.477998e-48,5.960993e-47,4.039741e-47
68.3698287608582,0.00012432750974195278,0,68.3698289,125.548349,12544.1142,10.67124,1.848629e-50,1.899293e-50,1.195288e-31,0.003944141,0.0,2.671891e-48,6.612114e-47,4.493512e-47
58.52644867924555,0.2837869036486235,0,58.5267884,125.548349,0.000245427556,30.09033,1.323787e-43,1.359788e-43,7.438035e-25,0.1438173,0.9725753,2.431047e-48,5.794588e-47,3.983842e-47
57.9107626682951,0.0004988588032349496,0,57.9107633,125.548349,1.03360924,21.39631,4.180095e-49,4.293714e-49,1.744426e-30,0.003944602,0.0001169515,2.416943e-48,5.743411e-47,3.974489e-47
61.44660046186897,0.32909477328035946,0,61.4469757,125.548349,7.32995919e-06,32.81435,1.611482e-43,1.655415e-43,1.075276e-23,0.1103497,0.9642578,2.500041e-48,6.037412e-47,4.075898e-47
62.69237483537515,0.005771296356403519,0,62.6923813,125.548349,0.000145358221,27.7281,4.756674e-47,4.886482e-47,9.019069e-25,0.003952305,0.002065738,2.530319e-48,6.140995e-47,4.135202e-47
53.37950278672074,0.15975325250719324,0,53.3797125,125.548349,0.0186448534,25.73124,5.063677e-44,5.200738e-44,4.81479e-26,0.06845147,0.9423805,2.319972e-48,5.352799e-47,3.955924e-47
58.8863264463414,0.002015887940556445,0,58.8863288,125.548349,0.0473385589,24.54003,6.5967e-48,6.776157e-48,4.49595e-29,0.003950904,0.001711679,2.43936e-48,5.824469e-47,3.991409e-47
69.10952479986777,0.00013389725695259086,0,69.1095249,125.548349,12113.3935,10.81767,2.097459e-50,2.154973e-50,1.143314e-31,0.003944141,0.0,2.690527e-48,6.673256e-47,4.539176e-47
62.69357887321367,0.00011182895583769231,0,62.693579,125.548349,0.361343799,19.49894,1.785863e-50,1.834599e-50,3.487825e-28,0.003944144,0.0,2.530349e-48,6.141095e-47,4.135267e-47
60.14275548391444,0.004249698996848507,0,60.1427604,125.548349,0.00425711914,26.72713,2.807746e-47,2.88421e-47,4.43939e-28,0.003968994,0.006261713,2.468835e-48,5.928934e-47,4.026449e-47
59.405581677383736,0.0002639389085657316,0,59.405582,125.548349,1.0801866,21.04799,1.110716e-49,1.140945e-49,1.033188e-30,0.003944249,0.0,2.451464e-48,5.867634e-47,4.004306e-47
68.30171461035101,0.002562580793029485,0,68.3017172,125.548349,45.1730854,16.30526,7.869668e-48,8.085337e-48,5.178521e-29,0.003944141,0.0,2.670176e-48,6.60648e-47,4.489305e-47
50.154455543124975,0.0557195883207749,0,50.1545334,125.548349,0.260762672,23.07694,6.996604e-45,7.185369e-45,3.340096e-27,0.0129122,0.6945414,2.260893e-48,5.061464e-47,3.932585e-47
69.81069065057275,0.6366135384024328,0,69.8113295,125.548349,0.00156484224,26.94196,4.644301e-43,4.771714e-43,2.217303e-24,0.003944141,0.0,2.708207e-48,6.731197e-47,4.582469e-47
59.41749389817594,0.0014925948537501074,0,59.4174957,125.548349,0.0507381333,24.34193,3.550602e-48,3.647237e-48,3.328155e-29,0.003947593,0.0008745486,2.451743e-48,5.868625e-47,4.004629e-47
66.4350262947696,0.020053498828631642,0,66.4350474,125.548349,0.525088431,20.7195,5.100473e-46,5.240063e-46,6.4119e-27,0.003944141,0.0,2.623237e-48,6.451873e-47,4.373815e-47
59.666938404472845,0.065515214686965,0,59.6670153,125.548349,0.000115262843,30.63835,6.78235e-45,6.96698e-45,7.509889e-26,0.01035014,0.6189286,2.4576e-48,5.889371e-47,4.011655e-47
66.53868124241485,0.15040421149957656,0,66.5388396,125.548349,0.0112371801,24.71179,2.859978e-44,2.938256e-44,3.431183e-25,0.003944141,0.0,2.625841e-48,6.460479e-47,4.380248e-47
51.96876693852456,0.009429485432590893,0,51.9687796,125.548349,0.622929747,22.50879,1.863448e-46,1.913817e-46,1.286787e-28,0.004183702,0.05726053,2.292886e-48,5.224682e-47,3.944672e-47
58.51361463151468,0.14609513791575457,0,58.5137896,125.548349,0.000284062551,29.9923,3.50996e-44,3.605415e-44,1.959017e-25,0.04106872,0.9039624,2.430748e-48,5.793508e-47,3.98359e-47
65.40208443250482,0.007031036628157049,0,65.402092,125.548349,2.48460378,19.0409,6.474339e-47,6.651392e-47,1.447304e-27,0.003944141,0.0,2.597381e-48,6.366168e-47,4.307902e-47
69.92746967093156,0.09393680240225552,0,69.9275638,125.548349,0.0630291777,23.13402,1.00777e-44,1.035419e-44,4.718273e-26,0.003944141,0.0,2.711135e-48,6.740786e-47,4.589637e-47
60.263629967663626,0.03450456651686141,0,60.2636701,125.548349,0.000114483357,30.50051,1.843362e-45,1.893567e-45,3.222098e-26,0.005545209,0.28873,2.471703e-48,5.93899e-47,4.030495e-47
51.486505947007416,0.007217225121369064,0,51.4865158,125.548349,1.17609289,21.84429,1.112642e-46,1.142701e-46,6.948509e-29,0.004087277,0.0350198,2.28405e-48,5.180934e-47,3.941215e-47
64.95076566938982,0.30304456781668654,0,64.9510925,125.548349,0.00129926237,26.77331,1.219885e-43,1.253234e-43,3.833987e-24,0.003944141,0.0,2.586132e-48,6.328721e-47,4.2778e-47
53.324117879333684,0.023260170035294233,0,53.3241484,125.548349,0.0780047622,24.62881,1.075763e-45,1.10488e-45,1.009254e-27,0.005315377,0.2579752,2.318872e-48,5.347771e-47,3.955476e-47
68.33032743205273,0.0001249734382746723,0,68.3303276,125.548349,12351.6227,10.68473,1.870098e-50,1.92135e-50,1.221497e-31,0.003944141,0.0,2.670896e-48,6.608846e-47,4.491072e-47
69.8154062263897,0.291972103848827,0,69.8156992,125.548349,0.00702447212,25.34637,9.767777e-44,1.003575e-43,4.659897e-25,0.003944141,0.0,2.708317e-48,6.731557e-47,4.582738e-47
65.04795540126685,0.0024772689244849716,0,65.0479581,125.548349,15.1132976,17.12178,8.126958e-48,8.349145e-48,2.359087e-28,0.003944141,0.0,2.588546e-48,6.336765e-47,4.284295e-47
66.87984546724658,0.35706790936089844,0,66.8802195,125.548349,0.0023865689,26.32461,1.595131e-43,1.6388e-43,1.658937e-24,0.003944141,0.0,2.634411e-48,6.488779e-47,4.401397e-47
56.62439244243803,0.00039584307992040856,0,56.6243929,125.548349,3.349772,20.33558,2.755656e-49,2.830472e-49,6.833642e-31,0.003944466,0.0,2.388112e-48,5.63664e-47,3.968931e-47
52.13360868787489,0.07328130114797067,0,52.1337072,125.548349,0.0699635653,24.59622,1.11819e-44,1.14842e-44,7.999184e-27,0.01831221,0.7846169,2.295959e-48,5.239669e-47,3.945925e-47
64.58037231456245,0.021981330772804824,0,64.5803962,125.548349,0.16153755,21.75248,6.49382e-46,6.671295e-46,2.881178e-26,0.003944141,0.0,2.576909e-48,6.29793e-47,4.252929e-47
62.96549709126799,0.0017798822383644044,0,62.9654991,125.548349,1.14977041,18.81595,4.484116e-48,4.606512e-48,1.581228e-26,0.003944141,0.0,2.537013e-48,6.163707e-47,4.150493e-47
52.9932182637915,0.0027369324555223994,0,52.9932219,125.548349,1.73097994,21.36585,1.508498e-47,1.549314e-47,1.308484e-29,0.003963428,0.004866286,2.312379e-48,5.317777e-47,3.95279e-47
54.19243843454495,0.008530897058182474,0,54.1924495,125.548349,0.156365049,23.84994,1.400047e-46,1.437973e-46,1.634563e-28,0.004120568,0.04281613,2.336334e-48,5.425938e-47,3.962211e-47
60.0381668101613,0.00017575194666607732,0,60.038167,125.548349,1.43652331,20.58861,4.819344e-50,4.950578e-50,7.011004e-31,0.003944184,0.0,2.466357e-48,5.920235e-47,4.023042e-47
65.87950232343825,0.018502141434205973,0,65.879522,125.548349,0.487233143,20.75812,4.417097e-46,4.537934e-46,7.356315e-27,0.003944141,0.0,2.609317e-48,6.405792e-47,4.339047e-47
63.895602693626806,0.422843277722863,0,63.8960663,125.548349,0.000256903254,28.22721,2.455939e-43,2.523023e-43,2.685442e-23,0.003944141,0.0,2.559941e-48,6.241067e-47,4.207722e-47
53.541028803189164,0.0002223465296262008,0,53.5410291,125.548349,45.4603024,17.83103,9.748749e-50,1.001267e-49,9.641931e-32,0.003944265,0.0,2.323177e-48,5.367379e-47,3.957216e-47
50.53381223062589,0.4687820645142962,0,50.5344621,125.548349,0.00916221233,25.20322,4.876609e-43,5.00823e-43,2.524953e-25,0.6301482,0.9937409,2.267302e-48,5.095253e-47,3.934968e-47
69.45977530667082,0.004071331670849221,0,69.4597794,125.548349,23.1014507,17.11726,1.91924e-47,1.97188e-47,9.760177e-29,0.003944141,0.0,2.699352e-48,6.702182e-47,4.560785e-47
63.41785434589852,0.0005207405912779722,0,63.4178549,125.548349,56.8834846,15.2347,3.78248e-49,3.885762e-49,1.214967e-28,0.003944141,0.0,2.548136e-48,6.201317e-47,4.177468e-47
57.71528762144927,0.06831889094025671,0,57.7153706,125.548349,0.000822873698,28.97235,7.894305e-45,8.108844e-45,3.020201e-26,0.01276147,0.6909336,2.412508e-48,5.727184e-47,3.972644e-47
65.0608872617815,0.1407384109277361,0,65.0610388,125.548349,0.00619318984,25.16737,2.621974e-44,2.693658e-44,7.531556e-25,0.003944141,0.0,2.588872e-48,6.337851e-47,4.285171e-47
61.09113720471527,0.0013243040174934387,0,61.0911387,125.548349,0.0153315334,25.00807,2.640696e-48,2.712666e-48,1.073799e-28,0.003946079,0.0004910073,2.491472e-48,6.007814e-47,4.061167e-47
52.998413927388484,0.001035857033432965,0,52.9984153,125.548349,7.10186617,19.86132,2.160375e-48,2.218829e-48,1.8762e-30,0.003946903,0.0006998067,2.31248e-48,5.318249e-47,3.952832e-47
55.89386364158174,0.054797598348686444,0,55.8939323,125.548349,0.00488133047,27.37863,5.42289e-45,5.570023e-45,1.04609e-26,0.01050935,0.6247018,2.372156e-48,5.575066e-47,3.969219e-47
59.52811249177252,0.004495258232724512,0,59.5281178,125.548349,0.00666669859,26.45014,3.208302e-47,3.295629e-47,3.232966e-28,0.003974949,0.007750503,2.454337e-48,5.877822e-47,4.00768e-47
55.01808758233935,0.000343860483369398,0,55.018088,125.548349,10.9042408,19.25041,2.205437e-49,2.265226e-49,3.234767e-31,0.003944415,0.0,2.353467e-48,5.499142e-47,3.967587e-47
68.6563797314545,0.017066222955250468,0,68.6563971,125.548349,1.32348008,19.97901,3.453602e-46,3.548272e-46,2.081369e-27,0.003944141,0.0,2.67911e-48,6.63581e-47,4.511207e-47
56.42818475810149,0.31905756610857006,0,56.4285809,125.548349,0.00150533046,28.26684,1.802988e-43,1.851931e-43,4.168874e-25,0.2181711,0.9819218,2.383804e-48,5.62031e-47,3.968964e-47
61.21920561823799,0.00010848414403837217,0,61.2192057,125.548349,1.47725336,20.10817,1.764474e-50,1.812568e-50,8.466205e-31,0.003944154,0.0,2.494551e-48,6.018467e-47,4.066365e-47
53.87086248597462,0.0003684770021670633,0,53.870863,125.548349,18.3589747,18.78005,2.643976e-49,2.715576e-49,2.840093e-31,0.003944476,0.0,2.329798e-48,5.3971e-47,3.9598e-47
52.07954483325608,0.23878490319811985,0,52.0798661,125.548349,0.0207035109,25.05318,1.189762e-43,1.221925e-43,8.413141e-26,0.1568486,0.9748538,2.294953e-48,5.234775e-47,3.945513e-47
50.77558199254952,0.0017746554343346015,0,50.7755844,125.548349,11.3557483,19.4286,6.921187e-48,7.108038e-48,3.752968e-30,0.003953036,0.002250154,2.271453e-48,5.116834e-47,3.936504e-47
63.356175312878435,0.09987755927332224,0,63.3562858,125.548349,0.00172706457,26.03242,1.394224e-44,1.432292e-44,5.452805e-24,0.003944141,0.0,2.546619e-48,6.196198e-47,4.173691e-47
63.15976157156886,0.00032749095096162986,0,63.1597619,125.548349,73.9798551,14.74489,1.508537e-49,1.549719e-49,1.326835e-28,0.003944141,0.0,2.541784e-48,6.179859e-47,4.161848e-47
63.4191829759945,0.007827328572542647,0,63.4191916,125.548349,0.289534851,20.76385,8.545593e-47,8.778933e-47,2.733804e-26,0.003944141,0.0,2.548168e-48,6.201428e-47,4.177551e-47
63.46793090816269,0.03953267163839616,0,63.4679745,125.548349,0.0134702411,23.99188,2.176427e-45,2.235858e-45,6.038104e-25,0.003944141,0.0,2.549371e-48,6.205484e-47,4.180565e-47
61.65554932732901,0.009550511098479205,0,61.6555602,125.548349,0.000211410068,29.18452,1.347802e-46,1.384552e-46,1.281472e-26,0.004026481,0.02044968,2.505082e-48,6.054762e-47,4.084947e-47
68.83511462627682,0.0571592695784778,0,68.8351728,125.548349,0.135768949,22.31202,3.853534e-45,3.959181e-45,2.228824e-26,0.003944141,0.0,2.683615e-48,6.650587e-47,4.522244e-47
59.19675895689459,0.12622365751306214,0,59.1969083,125.548349,0.000143139488,30.5329,2.558605e-44,2.628228e-44,2.089635e-25,0.02940906,0.8658869,2.446586e-48,5.850286e-47,3.998848e-47
52.46650462789159,0.5170799835058763,0,52.4671951,125.548349,0.00514403773,26.01843,5.49523e-43,5.643839e-43,4.228804e-25,0.7090302,0.9944373,2.302251e-48,5.269987e-47,3.948539e-47
54.999885148282246,0.039468836147927594,0,54.9999354,125.548349,0.0131954711,26.38603,2.907581e-45,2.986404e-45,4.242254e-27,0.007550918,0.4776607,2.353085e-48,5.497548e-47,3.967496e-47
58.167382918002296,0.0005055925596618507,0,58.1673835,125.548349,0.832969656,21.59623,4.255058e-49,4.37074e-49,2.00072e-30,0.003944603,0.000117042,2.422797e-48,5.764727e-47,3.977688e-47
62.24640653427137,0.11815465264246018,0,62.2465395,125.548349,2.32236407e-06,33.26884,2.023016e-44,2.078204e-44,8.95947e-24,0.01262007,0.6874708,2.519432e-48,6.103917e-47,4.1122e-47
57.15472575488788,0.00495419742538105,0,57.1547318,125.548349,0.0396629924,25.01326,4.234941e-47,4.349974e-47,1.28372e-28,0.003992895,0.01221024,2.399891e-48,5.680642e-47,3.969631e-47
58.71419815530257,0.06228316431616247,0,58.7142725,125.548349,0.0003256126,29.83495,6.334819e-45,6.507126e-45,3.928474e-26,0.01053624,0.6256594,2.435375e-48,5.810169e-47,3.987646e-47
55.87166797018542,0.057121673067988946,0,55.8717396,125.548349,0.00484246316,27.39469,5.897422e-45,6.057427e-45,1.129434e-26,0.01108888,0.6443156,2.371676e-48,5.573169e-47,3.969223e-47
64.55466881631581,0.35413177001109303,0,64.5550531,125.548349,0.000713026243,27.32734,1.686828e-43,1.732928e-43,7.68387e-24,0.003944141,0.0,2.576279e-48,6.295825e-47,4.251232e-47
66.90268310061566,0.0227552666894576,0,66.9027069,125.548349,0.485845857,20.86747,6.473806e-46,6.651041e-46,6.673307e-27,0.003944141,0.0,2.634976e-48,6.490642e-47,4.402789e-47
56.77567226128646,0.0008277448389062976,0,56.7756733,125.548349,0.923472624,21.70069,1.198402e-48,1.230943e-48,3.141612e-30,0.003945545,0.0003558268,2.391456e-48,5.64919e-47,3.968988e-47
66.00700634127173,0.004216878584023926,0,66.0070108,125.548349,8.83330288,17.78565,2.285372e-47,2.347898e-47,3.549986e-28,0.003944141,0.0,2.612509e-48,6.41637e-47,4.347162e-47
53.9416952051618,0.030372348535988244,0,53.9417347,125.548349,0.0377206716,25.3487,1.79154e-45,1.840059e-45,1.959607e-27,0.006210449,0.3649185,2.331231e-48,5.403469e-47,3.960342e-47
69.49854350525047,0.01919741437759245,0,69.4985629,125.548349,1.22756069,20.11778,4.262316e-46,4.379224e-46,2.151859e-27,0.003944141,0.0,2.700329e-48,6.705384e-47,4.563178e-47
57.123057205141365,0.0005949883650796152,0,57.1230579,125.548349,1.25280838,21.32159,6.115191e-49,6.281292e-49,1.830671e-30,0.003944846,0.0001787374,2.399183e-48,5.678013e-47,3.969543e-47
63.228111844721646,0.19775563481136,0,63.228331,125.548349,0.000323513036,27.68429,5.488465e-44,5.638306e-44,3.495886e-23,0.003944141,0.0,2.54347e-48,6.18556e-47,4.165941e-47
62.04421179521823,0.02078887968634063,0,62.0442353,125.548349,3.13963766e-05,30.77864,6.30452e-46,6.476479e-46,1.440875e-25,0.004259788,0.07409921,2.514509e-48,6.087091e-47,4.102598e-47
51.64306845968577,0.02028642488776809,0,51.643096,125.548349,0.296207947,23.25678,8.736373e-46,8.972438e-46,5.63443e-28,0.005067923,0.2217442,2.286894e-48,5.195122e-47,3.942302e-47
61.7166818493714,0.0006612915649802688,0,61.7166826,125.548349,0.0316636346,23.83518,6.448795e-49,6.624642e-49,6.88547e-29,0.003944525,0.0,2.506562e-48,6.059846e-47,4.087655e-47
50.93249344778377,0.009257394843829512,0,50.9325062,125.548349,1.22630924,21.8023,1.87151e-46,1.922043e-46,1.046253e-28,0.004184762,0.05749936,2.274188e-48,5.130928e-47,3.937518e-47
59.71160155736021,0.0011879162332527418,0,59.711603,125.548349,0.0601490284,24.06882,2.226404e-48,2.287014e-48,2.543105e-29,0.003946232,0.0005299461,2.45865e-48,5.893079e-47,4.012964e-47
60.743765968107226,0.002194171997493963,0,60.7437685,125.548349,0.00824242659,25.77708,7.334154e-48,7.533984e-48,2.010381e-28,0.003949975,0.001476931,2.483145e-48,5.978921e-47,4.047668e-47
69.03995222148023,0.0023310457319419046,0,69.0399546,125.548349,61.8762256,16.06914,6.370111e-48,6.544775e-48,3.523411e-29,0.003944141,0.0,2.688774e-48,6.667509e-47,4.534882e-47
61.00553379172199,0.8364212915379196,0,61.0064943,125.548349,1.24041974e-05,32.39325,1.056391e-42,1.085181e-42,3.825956e-23,0.79578,0.9950437,2.489439e-48,6.000774e-47,4.057796e-47
55.110116610441125,0.02796147025552206,0,55.1101522,125.548349,0.0165143456,26.13857,1.453335e-45,1.492738e-45,2.189641e-27,0.005742321,0.3131452,2.355408e-48,5.507216e-47,3.968001e-47
63.80709352956366,0.005263677422087326,0,63.8070993,125.548349,1.18542127,19.4599,3.816588e-47,3.920832e-47,4.891943e-27,0.003944141,0.0,2.557741e-48,6.233673e-47,4.201986e-47
52.516417053787755,0.0037280038776288556,0,52.516422,125.548349,1.51111564,21.51434,2.850958e-47,2.928061e-47,2.218106e-29,0.003980712,0.00918696,2.303188e-48,5.274462e-47,3.948932e-47
53.6426749077597,0.026471595005574323,0,53.6427095,125.548349,0.0545816922,25.01319,1.376462e-45,1.413729e-45,1.396061e-27,0.005692358,0.3071164,2.325209e-48,5.376555e-47,3.958022e-47
50.97189270395223,0.0030984854049158623,0,50.971897,125.548349,5.03895918,20.30578,2.093281e-47,2.149804e-47,1.179298e-29,0.003971057,0.006777987,2.274879e-48,5.134471e-47,3.937774e-47
62.53983697589989,0.3977627084010667,0,62.5402826,125.548349,7.37595847e-07,33.84753,2.270717e-43,2.332676e-43,5.184608e-22,0.06948513,0.9432376,2.5266e-48,6.128347e-47,4.127064e-47
56.19915164771719,0.10070235790097533,0,56.1992772,125.548349,0.00281937086,27.8502,1.81113e-44,1.860283e-44,3.86799e-26,0.02564643,0.8462109,2.378787e-48,5.601019e-47,3.969083e-47
60.23773850771497,0.0001404459128884781,0,60.2377387,125.548349,1.86706256,20.27279,3.056737e-50,3.139987e-50,5.2273e-31,0.003944168,0.0,2.471088e-48,5.936833e-47,4.029618e-47
65.43084167239672,0.06559564385211716,0,65.4309119,125.548349,0.0338547734,23.46439,5.630089e-45,5.784057e-45,1.234306e-25,0.003944141,0.0,2.598101e-48,6.36856e-47,4.309809e-47
67.84494507726508,0.0018323637914734218,0,67.844947,125.548349,77.0652379,15.73133,4.07933e-48,4.191088e-48,3.047547e-29,0.003944141,0.0,2.658674e-48,6.568685e-47,4.461081e-47
56.55703950723221,0.00012323378873798664,0,56.5570397,125.548349,23.5397192,18.27345,2.67729e-50,2.749973e-50,6.479823e-32,0.003944173,0.0,2.386628e-48,5.631038e-47,3.968932e-47
60.97402634626103,0.447138573484485,0,60.9745401,125.548349,1.40337552e-05,32.3875,3.022208e-43,3.104569e-43,1.067906e-23,0.2322429,0.9830172,2.488672e-48,5.998116e-47,4.056537e-47
69.06268970170285,0.000882070816208983,0,69.0626906,125.548349,382.815656,14.22537,9.115062e-49,9.364995e-49,5.01752e-30,0.003944141,0.0,2.689347e-48,6.669387e-47,4.536286e-47
52.76890997670923,0.00023651724149721128,0,52.7689103,125.548349,61.701282,17.52197,1.136336e-49,1.167076e-49,9.359437e-32,0.003944287,0.0,2.30803e-48,5.29741e-47,3.950967e-47
66.60428383298554,0.0897313844790139,0,66.6043782,125.548349,0.0312160931,23.66264,1.015913e-44,1.04372e-44,1.184355e-25,0.003944141,0.0,2.627485e-48,6.465913e-47,4.38431e-47
64.6547902148647,0.12184635339389323,0,64.6549222,125.548349,0.00615864936,25.12379,1.990639e-44,2.045046e-44,8.192311e-25,0.003944141,0.0,2.578761e-48,6.304121e-47,4.257923e-47
69.32067057636532,0.12178268478709169,0,69.3207937,125.548349,0.0347825356,23.72011,1.724281e-44,1.771569e-44,9.006305e-26,0.003944141,0.0,2.69585e-48,6.690706e-47,4.552211e-47
59.770949784361385,0.02909299696652131,0,59.7709839,125.548349,0.000242819401,29.86438,1.332682e-45,1.368963e-45,1.587697e-26,0.005186575,0.239548,2.460048e-48,5.898017e-47,4.014733e-47
59.10537583312444,0.00012729710719935257,0,59.105376,125.548349,4.73466854,19.55158,2.610558e-50,2.681588e-50,2.018334e-31,0.003944167,0.0,2.444452e-48,5.842676e-47,3.99657e-47
60.906699930720265,0.013733910197620096,0,60.9067157,125.548349,0.00024801649,29.46204,2.857704e-46,2.935577e-46,9.342622e-27,0.004163483,0.05268236,2.487046e-48,5.992474e-47,4.05389e-47
57.223834674493936,0.6962810090740643,0,57.2246871,125.548349,0.000451398105,29.16354,8.34418e-43,8.570845e-43,2.595346e-24,0.9612283,0.9958968,2.401456e-48,5.686448e-47,3.969853e-47
51.1662605221658,0.006619737712910541,0,51.1662696,125.548349,1.6330839,21.49387,9.480537e-47,9.736585e-47,5.550279e-29,0.004066083,0.0299901,2.278311e-48,5.151986e-47,3.939053e-47
61.37186607554146,0.0015358065498086897,0,61.3718678,125.548349,0.00898330456,25.40451,3.518383e-48,3.614296e-48,2.093861e-28,0.003946522,0.000603397,2.498229e-48,6.031165e-47,4.072714e-47
57.797062445917916,0.016961920697233325,0,57.797083,125.548349,0.00335485507,27.51258,4.852058e-46,4.983928e-46,1.924251e-27,0.004483424,0.1202837,2.414361e-48,5.73397e-47,3.973358e-47
60.10643366224774,0.03382515323264381,0,60.1064731,125.548349,0.000139082341,30.35029,1.780972e-45,1.829472e-45,2.734766e-26,0.005529205,0.2866712,2.467975e-48,5.925916e-47,4.025258e-47
63.991028293133404,0.00154996915981866,0,63.99103,125.548349,15.8674067,16.80844,3.289918e-48,3.37979e-48,3.078739e-28,0.003944141,0.0,2.56229e-48,6.24896e-47,4.213891e-47
57.87636347180158,0.1257747135186196,0,57.8765157,125.548349,0.000558067624,29.39256,2.660375e-44,2.732685e-44,1.093178e-25,0.0333682,0.8817994,2.416165e-48,5.740566e-47,3.974131e-47
53.24237292684233,0.2323128640126067,0,53.2426786,125.548349,0.01372276,25.76218,1.076452e-43,1.105585e-43,9.903555e-26,0.1412675,0.9720803,2.317265e-48,5.340394e-47,3.954817e-47
66.61519811648084,0.0001250306738601289,0,66.6151982,125.548349,8482.04333,10.8207,1.971771e-50,2.025742e-50,2.287975e-31,0.003944141,0.0,2.627757e-48,6.46681e-47,4.38498e-47
68.88415771284275,0.000252226295234078,0,68.884158,125.548349,3750.55009,11.94384,7.49263e-50,7.69805e-50,4.286565e-31,0.003944141,0.0,2.684849e-48,6.654635e-47,4.525267e-47
54.69568645295413,0.010053464441405948,0,54.6956993,125.548349,0.0850787768,24.46922,1.908003e-46,1.959713e-46,2.553316e-28,0.004182382,0.05696296,2.346719e-48,5.47072e-47,3.965673e-47
62.2164739933599,0.00017209202889536168,0,62.2164742,125.548349,0.25942178,21.11279,4.295843e-50,4.41303e-50,1.69976e-29,0.00394416,0.0,2.5187e-48,6.101416e-47,4.110746e-47
57.54711905254973,0.0006074213036320475,0,57.5471198,125.548349,0.924689305,21.59936,6.277764e-49,6.448345e-49,2.234167e-30,0.003944849,0.0001794759,2.408704e-48,5.713214e-47,3.971416e-47
64.03766943700552,0.30925980778272566,0,64.0380078,125.548349,0.000562241202,27.45992,1.307777e-43,1.343504e-43,1.138403e-23,0.003944141,0.0,2.563453e-48,6.252864e-47,4.216958e-47
51.093460652602005,0.9868359537133274,0,51.0948138,125.548349,0.00207354979,26.68642,2.112912e-42,2.169973e-42,1.214541e-24,2.721378,0.9985507,2.277044e-48,5.145541e-47,3.93858e-47
68.38806908131542,0.23429521196562614,0,68.3883091,125.548349,0.00820491709,25.14912,6.561482e-44,6.741311e-44,4.222604e-25,0.003944141,0.0,2.672357e-48,6.613642e-47,4.494653e-47
67.09216696536183,0.0004549223573201584,0,67.0921674,125.548349,877.109345,13.15412,2.57251e-49,2.642948e-49,2.466833e-30,0.003944141,0.0,2.639737e-48,6.506343e-47,4.414519e-47
52.774162460092946,0.16426920172344575,0,52.7743805,125.548349,0.0250986647,25.30466,5.480265e-44,5.628515e-44,4.519465e-26,0.07412956,0.9467939,2.308136e-48,5.297907e-47,3.951011e-47
62.821136739577284,0.021275352148970843,0,62.8211605,125.548349,0.00172079958,25.05703,6.437051e-46,6.612733e-46,3.726777e-23,0.003944141,0.0,2.533473e-48,6.151704e-47,4.142309e-47
56.612047812937476,0.9536041626490693,0,56.6132279,125.548349,0.00043141966,28.88888,1.599891e-42,1.643327e-42,3.925913e-24,1.891049,0.9979143,2.387866e-48,5.635713e-47,3.96893e-47
54.200575458661326,0.0013483652345663074,0,54.2005772,125.548349,2.28874626,20.99827,3.496514e-48,3.591231e-48,4.09096e-30,0.003948547,0.001115738,2.3365e-48,5.426665e-47,3.96227e-47
66.94974425645364,0.4019912871585085,0,66.9501649,125.548349,0.00194318188,26.5568,2.017432e-43,2.072665e-43,2.041454e-24,0.003944141,0.0,2.636169e-48,6.494575e-47,4.405728e-47
65.0599848128874,0.000116031911773772,0,65.0599849,125.548349,5213.71222,11.01654,1.782265e-50,1.830992e-50,5.123833e-31,0.003944141,0.0,2.588846e-48,6.337764e-47,4.2851e-47
61.543544632532786,0.0007725506609802136,0,61.5435455,125.548349,0.0277719662,24.13435,8.852019e-49,9.093364e-49,6.908527e-29,0.003944706,0.0001431944,2.502373e-48,6.045445e-47,4.08005e-47
62.40867510842358,0.4142923391334589,0,62.4091402,125.548349,1.11746117e-06,33.71773,2.473965e-43,2.541464e-43,2.303224e-22,0.09272321,0.9574633,2.523397e-48,6.11744e-47,4.120284e-47
67.39440279278887,0.010954557604883832,0,67.3944142,125.548349,2.28960648,19.30875,1.478009e-46,1.518488e-46,1.273523e-27,0.003944141,0.0,2.647337e-48,6.531381e-47,4.433222e-47
56.82776023510083,0.0006819037390232805,0,56.8277611,125.548349,1.23205162,21.39465,8.117861e-49,8.3383e-49,2.169855e-30,0.00394509,0.0002405153,2.39261e-48,5.653511e-47,3.969029e-47
56.912162294109734,0.00020978251682302352,0,56.9121626,125.548349,7.83948809,19.39313,7.659777e-50,7.867793e-50,2.113636e-31,0.00394423,0.0,2.394484e-48,5.660514e-47,3.969124e-47
62.86403871042188,0.00018021086157346124,0,62.8640389,125.548349,43.5394115,14.65696,4.611998e-50,4.737875e-50,7.32177e-28,0.003944141,0.0,2.534524e-48,6.15527e-47,4.144716e-47
55.533735583727825,0.45048441919662496,0,55.5343039,125.548349,0.00201776728,27.70691,3.713628e-43,3.814353e-43,6.357497e-25,0.4583979,0.9913958,2.364421e-48,5.544141e-47,3.969071e-47
63.05724362069693,0.29811236930802737,0,63.0575748,125.548349,7.76692443e-05,28.99851,1.254169e-43,1.288404e-43,2.028075e-22,0.003944141,0.0,2.539273e-48,6.171363e-47,4.155829e-47
59.860013139351764,0.06305530191831978,0,59.8600869,125.548349,9.60036765e-05,30.76621,6.24122e-45,6.411147e-45,7.932252e-26,0.009695324,0.5931914,2.462149e-48,5.905426e-47,4.01744e-47
54.5875679457009,0.0018774676502635607,0,54.5875704,125.548349,1.09888846,21.7517,6.68112e-48,6.862171e-48,8.676673e-30,0.003952501,0.002115168,2.344472e-48,5.461138e-47,3.964967e-47
59.062048663807886,0.02273277119579487,0,59.0620756,125.548349,0.000688219392,28.91331,8.337808e-46,8.564664e-46,6.284123e-27,0.004785071,0.1757402,2.443444e-48,5.839077e-47,3.995517e-47
53.418447383172314,0.004598003982427207,0,53.4184534,125.548349,0.638320407,22.41603,4.188527e-47,4.301904e-47,4.020268e-29,0.003997477,0.01334251,2.32074e-48,5.356302e-47,3.956235e-47
65.94252473377277,0.006795586007613273,0,65.942532,125.548349,3.44026008,18.73996,5.946989e-47,6.109686e-47,9.565028e-28,0.003944141,0.0,2.610894e-48,6.41102e-47,4.34307e-47
62.591649550955225,0.0009138532836343373,0,62.5916506,125.548349,0.00630254835,24.27637,1.196571e-48,1.229222e-48,4.526006e-27,0.003944447,0.0,2.527855e-48,6.132619e-47,4.129781e-47
59.385730793997,0.0003409462335956344,0,59.3857312,125.548349,0.715986236,21.50488,1.854663e-49,1.905138e-49,1.703431e-30,0.003944322,0.0,2.450999e-48,5.865984e-47,4.003771e-47
57.81470191025606,0.676614858125292,0,57.8155218,125.548349,0.000306522675,29.62844,7.715706e-43,7.925409e-43,3.078811e-24,0.8605416,0.9954167,2.414779e-48,5.735501e-47,3.97353e-47
51.44740578386524,0.01450536354721398,0,51.4474255,125.548349,0.504748457,22.72581,4.501383e-46,4.622991e-46,2.788812e-28,0.004523224,0.1280244,2.283344e-48,5.177395e-47,3.940947e-47
65.32470891542926,0.00010735639394036452,0,65.324709,125.548349,6913.90685,10.79339,1.51309e-50,1.554466e-50,3.568381e-31,0.003944141,0.0,2.595449e-48,6.359744e-47,4.302769e-47
69.10911162014418,0.031803625039229365,0,69.1091439,125.548349,0.438896769,21.12429,1.183337e-45,1.215784e-45,6.450818e-27,0.003944141,0.0,2.690518e-48,6.673225e-47,4.539152e-47
54.82457410870968,0.10721690304557702,0,54.8247111,125.548349,0.00864015308,26.79648,2.159646e-44,2.218183e-44,2.996824e-26,0.03083804,0.8721014,2.349411e-48,5.482121e-47,3.966484e-47
63.926374681453865,0.0016436755408485856,0,63.9263765,125.548349,13.1567813,16.98836,3.7074e-48,3.808671e-48,3.851734e-28,0.003944141,0.0,2.560691e-48,6.243587e-47,4.209686e-47
62.055329015244396,0.831507611111859,0,62.0562678,125.548349,2.56030736e-06,33.33184,1.008208e-42,1.035707e-42,2.311607e-22,0.5047662,0.9921862,2.514802e-48,6.088092e-47,4.10316e-47
66.25483594264523,0.00017214954654181804,0,66.2548361,125.548349,4174.0973,11.47987,3.779688e-50,3.883117e-50,5.174039e-31,0.003944141,0.0,2.618718e-48,6.436927e-47,4.362641e-47
63.66002617763043,0.00027983085104451075,0,63.6600265,125.548349,286.067741,13.67295,1.083773e-49,1.113371e-49,1.869167e-29,0.003944141,0.0,2.554108e-48,6.221448e-47,4.192603e-47
62.04752486045368,0.5195706346467087,0,62.0481115,125.548349,2.56435161e-06,33.41163,3.937527e-43,4.044925e-43,9.053869e-23,0.2005874,0.980337,2.514603e-48,6.087413e-47,4.102779e-47
51.75731050454103,0.2763895851066173,0,51.7576846,125.548349,0.0181070172,24.98651,1.614346e-43,1.657972e-43,1.066259e-25,0.2115717,0.9813579,2.28899e-48,5.205516e-47,3.943118e-47
63.50565162998677,0.0806216591789275,0,63.5057406,125.548349,0.00359322597,25.34929,9.040798e-45,9.287676e-45,2.261825e-24,0.003944141,0.0,2.550302e-48,6.208623e-47,4.182912e-47
65.70679836451046,0.0014365459265835746,0,65.7067999,125.548349,60.6910719,15.73601,2.677102e-48,2.75033e-48,4.927344e-29,0.003944141,0.0,2.604996e-48,6.391459e-47,4.327902e-47
50.826939746525035,0.0016379540395254383,0,50.826942,125.548349,13.2247809,19.27981,5.883814e-48,6.042667e-48,3.222348e-30,0.003951704,0.001913819,2.272345e-48,5.121442e-47,3.936835e-47
67.74427099732307,0.000515934686658907,0,67.7442715,125.548349,814.631036,13.32107,3.243955e-49,3.33282e-49,2.497929e-30,0.003944141,0.0,2.656139e-48,6.560351e-47,4.454858e-47
66.4061359102555,0.3182425497473655,0,66.4064717,125.548349,0.00250181935,26.23857,1.285669e-43,1.320854e-43,1.637644e-24,0.003944141,0.0,2.62252e-48,6.449503e-47,4.372044e-47
50.8534692276091,0.050966563482219465,0,50.8535394,125.548349,0.197735465,23.49333,5.690652e-45,5.844294e-45,3.132702e-27,0.01125923,0.6496969,2.272808e-48,5.123831e-47,3.937006e-47
53.92150133085621,0.026021193618483634,0,53.9215351,125.548349,0.044829683,25.18425,1.316002e-45,1.351642e-45,1.432026e-27,0.005609374,0.2968661,2.330822e-48,5.401654e-47,3.960188e-47
52.69835548432542,0.007078799628893673,0,52.6983649,125.548349,0.561616733,22.57818,1.020676e-46,1.048285e-46,8.27289e-29,0.004074925,0.03209488,2.306672e-48,5.291e-47,3.950396e-47
56.73623708271886,0.003008670208749414,0,56.7362408,125.548349,0.122126141,23.86573,1.585535e-47,1.628586e-47,4.096215e-29,0.003962747,0.004695228,2.390583e-48,5.645919e-47,3.968964e-47
53.72256698936427,0.06101935663756816,0,53.7226466,125.548349,0.0263156612,25.68746,7.291511e-45,7.48894e-45,7.544438e-27,0.0131956,0.7011017,2.326812e-48,5.383761e-47,3.95865e-47
60.95223986189762,0.020097070592989683,0,60.952263,125.548349,0.000122223478,30.16864,6.109846e-46,6.276347e-46,2.103868e-26,0.00440814,0.1052596,2.488138e-48,5.996263e-47,4.055664e-47
50.553975157165986,0.00019083982546211941,0,50.5539754,125.548349,230.782998,16.22475,8.075538e-50,8.293503e-50,4.196786e-32,0.003944245,0.0,2.267636e-48,5.096995e-47,3.935091e-47
59.53698647700118,0.24772519521275754,0,59.537278,125.548349,8.63670035e-05,30.92696,9.740241e-44,1.000536e-43,9.875135e-25,0.09737603,0.9594958,2.454552e-48,5.878584e-47,4.007938e-47
51.62141313250491,0.00037967674608903004,0,51.6214136,125.548349,57.94538,17.66956,3.062815e-49,3.145574e-49,1.966494e-31,0.003944535,0.0,2.286499e-48,5.193156e-47,3.94215e-47
61.51750436627003,0.010918940933639534,0,61.5175168,125.548349,0.000192664103,29.39106,1.769804e-46,1.818056e-46,1.322609e-26,0.004058152,0.02809435,2.501745e-48,6.04328e-47,4.078925e-47
51.541834090212205,0.5521286927253681,0,51.5425846,125.548349,0.00559699521,25.76172,6.49725e-43,6.672794e-43,4.104425e-25,0.8397646,0.9953033,2.285066e-48,5.186012e-47,3.941602e-47
51.78362527346885,0.0026904138924274896,0,51.7836289,125.548349,3.79608699,20.58239,1.528082e-47,1.569379e-47,1.014774e-29,0.003963794,0.004957993,2.289467e-48,5.20787e-47,3.943306e-47
69.41531022422396,0.006770092142348563,0,69.4153171,125.548349,8.77371392,18.09535,5.313917e-47,5.459659e-47,2.725263e-28,0.003944141,0.0,2.698232e-48,6.698511e-47,4.558042e-47
66.17286349545702,0.6009136324526395,0,66.1734997,125.548349,0.000662825225,27.57632,4.617002e-43,4.743335e-43,6.5798e-24,0.003944141,0.0,2.616679e-48,6.430181e-47,4.357597e-47
63.45291314605545,0.0015465727822294125,0,63.4529149,125.548349,7.32264577,17.42109,3.332602e-48,3.423602e-48,9.650496e-28,0.003944141,0.0,2.548999e-48,6.204232e-47,4.179633e-47
65.74706834807422,0.006442769917621019,0,65.7470752,125.548349,3.48825085,18.72287,5.378072e-47,5.525184e-47,9.664606e-28,0.003944141,0.0,2.606003e-48,6.394802e-47,4.330515e-47
54.27613721268416,0.0033500997078653523,0,54.2761415,125.548349,0.561428724,22.49793,2.152281e-47,2.210588e-47,2.569115e-29,0.003971225,0.006820139,2.338048e-48,5.433417e-47,3.962816e-47
52.07059774452487,0.004253116603026225,0,52.0706035,125.548349,1.75324765,21.36817,3.775885e-47,3.877957e-47,2.664732e-29,0.003992669,0.01215425,2.29478e-48,5.233934e-47,3.945442e-47
56.44163610044159,0.005305939346316402,0,56.4416427,125.548349,0.0610023383,24.64724,4.983953e-47,5.119244e-47,1.15771e-28,0.00400333,0.01478481,2.38409e-48,5.621403e-47,3.96896e-47
65.21969793676237,0.9198154920525775,0,65.220686,125.548349,0.000178133234,28.81948,1.114363e-42,1.144833e-42,2.832519e-23,0.003944141,0.0,2.592853e-48,6.351107e-47,4.295844e-47
65.10855226592517,0.16661284253613204,0,65.1087315,125.548349,0.00460079259,25.46969,3.669178e-44,3.769496e-44,1.01515e-24,0.003944141,0.0,2.590061e-48,6.341811e-47,4.288364e-47
64.3519839102805,0.00014561607356796798,0,64.3519841,125.548349,2114.07359,11.78892,2.870512e-50,2.948949e-50,1.640619e-30,0.003944141,0.0,2.571236e-48,6.278954e-47,4.23768e-47
58.33975622033505,0.027333191921530088,0,58.339789,125.548349,0.00105242017,28.6277,1.236108e-45,1.269719e-45,6.319825e-27,0.005268944,0.2514362,2.426747e-48,5.77905e-47,3.980392e-47
60.173806348409315,0.00011143428968114934,0,60.1738065,125.548349,2.96154971,19.77557,1.928505e-50,1.981025e-50,3.127426e-31,0.003944158,0.0,2.469571e-48,5.931516e-47,4.027477e-47
64.80003203141925,0.00020570036180409668,0,64.8000323,125.548349,1511.69497,12.27421,5.647358e-50,5.801725e-50,2.025548e-30,0.003944141,0.0,2.582371e-48,6.316175e-47,4.26766e-47
61.75047295758145,0.021513800987628073,0,61.7504974,125.548349,4.31751185e-05,30.73812,6.817737e-46,7.00365e-46,7.783827e-26,0.004343994,0.0920473,2.507381e-48,6.062659e-47,4.089164e-47
54.42618141365499,0.030364308924076197,0,54.4262205,125.548349,0.0260245717,25.67965,1.758163e-45,1.8058e-45,2.184893e-27,0.006150815,0.3587612,2.341135e-48,5.446798e-47,3.963873e-47
59.4024603222991,0.00048100429273398965,0,59.4024609,125.548349,0.383325881,22.17669,3.689273e-49,3.789681e-49,3.424897e-30,0.0039445,0.0,2.451391e-48,5.867375e-47,4.004222e-47
68.696860597767,0.004101262230812432,0,68.6968648,125.548349,20.0607882,17.18347,1.992089e-47,2.046698e-47,1.189227e-28,0.003944141,0.0,2.68013e-48,6.639155e-47,4.513706e-47
69.22141471354806,0.002767192573200048,0,69.2214175,125.548349,46.1185352,16.37321,8.928754e-48,9.173606e-48,4.756776e-29,0.003944141,0.0,2.693346e-48,6.682499e-47,4.54608e-47
51.549161742293016,0.06537407422228803,0,51.5492506,125.548349,0.108150521,24.10699,9.10637e-45,9.352409e-45,5.760529e-27,0.01565873,0.7481188,2.285187e-48,5.186616e-47,3.941648e-47
52.393619518149706,0.004779970487608817,0,52.3936259,125.548349,1.1789252,21.80731,4.709406e-47,4.836755e-47,3.565526e-29,0.004004589,0.01509472,2.300854e-48,5.263298e-47,3.947955e-47
51.16029467554535,0.0034536073737563024,0,51.1602994,125.548349,3.76779875,20.62432,2.581076e-47,2.650785e-47,1.509268e-29,0.00397734,0.008346919,2.278205e-48,5.151447e-47,3.939014e-47
60.10644994057151,0.2004366588230999,0,60.1066836,125.548349,4.61841706e-05,31.45478,6.253582e-44,6.42388e-44,9.604286e-25,0.0595992,0.9338223,2.46798e-48,5.925934e-47,4.025264e-47
67.9630846770211,0.0472206157579203,0,67.9631334,125.548349,0.161720941,22.05872,2.69949e-45,2.773452e-45,1.948457e-26,0.003944141,0.0,2.661649e-48,6.578466e-47,4.468386e-47
60.29857173351407,0.0002773225515035886,0,60.2985721,125.548349,0.528785921,21.56809,1.189361e-49,1.221755e-49,2.141847e-30,0.003944244,0.0,2.472532e-48,5.941892e-47,4.031684e-47
56.653394388602095,0.014441033720292176,0,56.6534122,125.548349,0.0110429894,26.42491,3.663705e-46,3.763177e-46,9.181869e-28,0.004375569,0.09859931,2.388753e-48,5.639049e-47,3.968936e-47
67.62217588894012,0.0007919351923047444,0,67.6221767,125.548349,355.110063,14.14421,7.671283e-49,7.881412e-49,6.135306e-30,0.003944141,0.0,2.653067e-48,6.550242e-47,4.447309e-47
54.829070435928784,0.0012010156974491004,0,54.829072,125.548349,1.83948701,21.14806,2.70946e-48,2.782901e-48,3.764421e-30,0.003947515,0.000854653,2.349502e-48,5.482506e-47,3.96651e-47
60.990497468675,0.028283873014218027,0,60.99053,125.548349,6.79180395e-05,30.70748,1.208607e-45,1.241544e-45,4.351405e-26,0.004853608,0.1873796,2.489056e-48,5.999446e-47,4.057166e-47
67.7094502298317,0.28888332144848683,0,67.7097491,125.548349,0.0046304403,25.67381,1.018083e-43,1.045972e-43,7.922906e-25,0.003944141,0.0,2.655271e-48,6.557493e-47,4.452723e-47
65.45056911537219,0.0004938655784743396,0,65.4505696,125.548349,411.070982,13.71456,3.18945e-49,3.276675e-49,6.90105e-30,0.003944141,0.0,2.598591e-48,6.370192e-47,4.311108e-47
63.73369443422676,0.003926819108215966,0,63.7336988,125.548349,1.89521695,18.938,2.129125e-47,2.187276e-47,3.146112e-27,0.003944141,0.0,2.555927e-48,6.227572e-47,4.197287e-47
60.73460684809171,0.0012522306804459262,0,60.7346083,125.548349,0.0233520113,24.73055,2.389524e-48,2.454629e-48,6.488056e-29,0.003946045,0.0004825932,2.482926e-48,5.978159e-47,4.047324e-47
57.53717587530463,0.011952386109877308,0,57.5371904,125.548349,0.00719169962,26.77696,2.431574e-46,2.497644e-46,8.61736e-28,0.004218526,0.0650428,2.40848e-48,5.712389e-47,3.971353e-47
67.43152111909649,0.002724556302236088,0,67.4315239,125.548349,32.7940702,16.57693,9.132501e-48,9.382621e-48,7.77145e-29,0.003944141,0.0,2.64827e-48,6.534455e-47,4.435517e-47
52.643538318989926,0.01221701634214314,0,52.6435546,125.548349,0.276695112,23.30332,3.046649e-46,3.129055e-46,2.438963e-28,0.004334659,0.09009204,2.305619e-48,5.286019e-47,3.949953e-47
56.10150305216747,0.00020530333802722277,0,56.1015033,125.548349,12.9815362,18.94581,7.554549e-50,7.759557e-50,1.56093e-31,0.003944232,0.0,2.376657e-48,5.59274e-47,3.969138e-47
58.15549114469802,0.1248878332155524,0,58.1556416,125.548349,0.000424109467,29.63754,2.597309e-44,2.667922e-44,1.214436e-25,0.03214847,0.8773148,2.422528e-48,5.763751e-47,3.977521e-47
55.7382141252242,0.0015786354469512485,0,55.7382161,125.548349,0.670136265,22.15842,4.526354e-48,4.649145e-48,8.303454e-30,0.003949647,0.001394138,2.368797e-48,5.561722e-47,3.969215e-47
61.649449549179295,0.007468624258344939,0,61.649458,125.548349,0.000338606102,28.67408,8.244077e-47,8.468866e-47,7.750753e-27,0.003994632,0.01263963,2.504935e-48,6.054255e-47,4.084678e-47
66.07635760227015,0.005807393350119606,0,66.0763638,125.548349,4.92171979,18.40725,4.325178e-47,4.443517e-47,6.477543e-28,0.003944141,0.0,2.614246e-48,6.422123e-47,4.351532e-47
57.02562120936796,0.028340946394552497,0,57.025656,125.548349,0.00334735472,27.64447,1.392314e-45,1.430129e-45,4.012745e-27,0.005556982,0.2902369,2.39701e-48,5.669931e-47,3.969315e-47
